fix_name,latitude,longitude
042AT,65.502761,-15.214764
062A1,61.419617,-44.9651
062A2,61.315453,-45.151656
062A3,61.252158,-45.264189
062A4,61.226875,-45.308967
062A5,61.211697,-45.3358
092AT,65.468464,-19.350728
09D05,36.104667,-5.405333
09D06,36.088,-5.404667
125AT,65.509489,-14.010683
12NMZ,61.116086,-45.539408
13LOC,55.848592,-4.476828
152AT,61.313272,-44.973219
15EWC,42.306667,-78.561667
15LOC,55.023522,-1.743992
15TAC,37.10845,-3.642353
16DME,53.890856,-1.699861
16LOC,51.385525,-2.664228
16NM,42.90965,-1.863819
17LOC,51.384894,-2.661508
182AT,65.411531,-19.450511
18LOC,53.609231,-0.326683
18NM,62.041308,-49.714353
18VOR,41.648358,-0.992911
19LOC,50.724464,-3.476469
19NM,42.388036,-3.576664
19THR,42.327358,-3.651522
1NM,64.261586,-15.209511
20DM2,50.792056,-1.776492
20DME,66.066336,-22.742639
20LO2,50.791094,-1.776047
20LOC,62.077092,-7.348786
20TH2,64.11315,-21.865775
20THR,65.320997,-14.358897
20VOR,57.566144,-3.997342
21LOC,51.5073,-0.011594
21TAC,44.972508,-64.966611
21TH2,40.769767,-73.415164
21THR,40.796872,-72.905794
22DME,54.092394,-4.550936
22THR,72.829472,-56.103647
23DME,50.939667,-2.714597
23LOC,51.23355,-0.868564
23THR,39.490208,-77.060903
24LOC,48.544189,-4.081572
24TAC,38.718453,-8.983964
24THR,36.859825,-2.305261
24VOR,38.293042,-0.636644
25DME,49.213764,-2.121778
25LOC,63.92555,-22.605464
25NM,70.675725,-52.084231
25TAC,53.279906,-4.590778
25THR,66.171608,-15.340522
25VOR,57.5176,-4.102811
26DME,51.731219,-1.66765
26TAC,51.729886,-1.666689
26VO2,52.833006,-2.620322
26VOR,52.770181,-2.716972
27D05,36.157361,-5.240083
27D06,36.158306,-5.2195
27D10,36.162028,-5.13725
27LOC,64.146825,-22.021611
27TAC,40.531475,-3.404778
28LOC,53.28515,-4.603817
28TAC,51.231747,-0.868706
28VOR,52.751756,-2.671678
29LOC,38.292928,-0.635544
29NM,42.895689,-1.738081
29TAC,37.085975,-3.650328
29VOR,42.393067,-3.573425
2NM,65.851564,-18.050592
30DM2,69.199833,-51.142647
30DME,69.201347,-51.148383
30LO2,58.960497,-2.792211
30LOC,58.955489,-3.006608
30NDB,44.963483,-64.984367
30NM,63.754181,-22.605611
30TA2,50.968472,-2.692681
30TAC,53.760419,-2.807044
30TH2,65.336011,-14.341892
30THR,65.674058,-19.550608
30VO2,53.391689,-2.202211
30VOR,63.986319,-22.728353
31DME,55.833025,-4.508683
31LOC,43.469222,-1.442139
31SF,63.5,-47.0
32DME,58.962119,-2.792269
32LOC,62.082228,-7.389878
32TAC,51.233942,-1.027467
32THR,38.377892,-75.571086
32VO2,58.960558,-2.790967
332AT,61.389094,-45.156972
333AT,65.503206,-15.077067
33NDB,44.153525,-77.466906
33NM,70.662028,-52.264
33THR,39.5206,-0.563908
34TA1,44.962083,-64.845725
34TA2,44.984294,-64.99955
34VOR,44.849967,-0.793878
3500E,35.0,0.0
3500N,35.0,0.0
3501N,35.0,-1.0
3502N,35.0,-2.0
3503N,35.0,-3.0
3504N,35.0,-4.0
3505N,35.0,-5.0
3506N,35.0,-6.0
3507N,35.0,-7.0
3508N,35.0,-8.0
3509N,35.0,-9.0
3510N,35.0,-10.0
3511N,35.0,-11.0
3512N,35.0,-12.0
3513N,35.0,-13.0
3514N,35.0,-14.0
3515N,35.0,-15.0
3516N,35.0,-16.0
3517N,35.0,-17.0
3518N,35.0,-18.0
3519N,35.0,-19.0
3520N,35.0,-20.0
3521N,35.0,-21.0
3522N,35.0,-22.0
3523N,35.0,-23.0
3524N,35.0,-24.0
3525N,35.0,-25.0
3526N,35.0,-26.0
3527N,35.0,-27.0
3528N,35.0,-28.0
3529N,35.0,-29.0
3530N,35.0,-30.0
3531N,35.0,-31.0
3532N,35.0,-32.0
3533N,35.0,-33.0
3534N,35.0,-34.0
3535N,35.0,-35.0
3536N,35.0,-36.0
3537N,35.0,-37.0
3538N,35.0,-38.0
3539N,35.0,-39.0
3540N,35.0,-40.0
3541N,35.0,-41.0
3542N,35.0,-42.0
3543N,35.0,-43.0
3544N,35.0,-44.0
3545N,35.0,-45.0
3546N,35.0,-46.0
3547N,35.0,-47.0
3548N,35.0,-48.0
3549N,35.0,-49.0
3550N,35.0,-50.0
3551N,35.0,-51.0
3552N,35.0,-52.0
3553N,35.0,-53.0
3554N,35.0,-54.0
3555N,35.0,-55.0
3556N,35.0,-56.0
3557N,35.0,-57.0
3558N,35.0,-58.0
3559N,35.0,-59.0
3560N,35.0,-60.0
3561N,35.0,-61.0
3562N,35.0,-62.0
3563N,35.0,-63.0
3564N,35.0,-64.0
3565N,35.0,-65.0
3566N,35.0,-66.0
3567N,35.0,-67.0
3568N,35.0,-68.0
3569N,35.0,-69.0
3570N,35.0,-70.0
3571N,35.0,-71.0
3572N,35.0,-72.0
3573N,35.0,-73.0
3574N,35.0,-74.0
3575N,35.0,-75.0
3576N,35.0,-76.0
3577N,35.0,-77.0
3578N,35.0,-78.0
3579N,35.0,-79.0
3580N,35.0,-80.0
35DME,58.956314,-3.006647
35LO2,43.341811,-0.346775
35LOC,56.452956,-3.142467
35VOR,58.955564,-3.006306
3600E,36.0,0.0
3600N,36.0,0.0
3601N,36.0,-1.0
3602N,36.0,-2.0
3603N,36.0,-3.0
3604N,36.0,-4.0
3605N,36.0,-5.0
3606N,36.0,-6.0
3607N,36.0,-7.0
3608N,36.0,-8.0
3609N,36.0,-9.0
3610N,36.0,-10.0
3611N,36.0,-11.0
3612N,36.0,-12.0
3613N,36.0,-13.0
3614N,36.0,-14.0
3615N,36.0,-15.0
3616N,36.0,-16.0
3617N,36.0,-17.0
3618N,36.0,-18.0
3619N,36.0,-19.0
3620N,36.0,-20.0
3621N,36.0,-21.0
3622N,36.0,-22.0
3623N,36.0,-23.0
3624N,36.0,-24.0
3625N,36.0,-25.0
3626N,36.0,-26.0
3627N,36.0,-27.0
3628N,36.0,-28.0
3629N,36.0,-29.0
3630N,36.0,-30.0
3631N,36.0,-31.0
3632N,36.0,-32.0
3633N,36.0,-33.0
3634N,36.0,-34.0
3635N,36.0,-35.0
3636N,36.0,-36.0
3637N,36.0,-37.0
3638N,36.0,-38.0
3639N,36.0,-39.0
3640N,36.0,-40.0
3641N,36.0,-41.0
3642N,36.0,-42.0
3643N,36.0,-43.0
3644N,36.0,-44.0
3645N,36.0,-45.0
3646N,36.0,-46.0
3647N,36.0,-47.0
3648N,36.0,-48.0
3649N,36.0,-49.0
3650N,36.0,-50.0
3651N,36.0,-51.0
3652N,36.0,-52.0
3653N,36.0,-53.0
3654N,36.0,-54.0
3655N,36.0,-55.0
3656N,36.0,-56.0
3657N,36.0,-57.0
3658N,36.0,-58.0
3659N,36.0,-59.0
3660N,36.0,-60.0
3661N,36.0,-61.0
3662N,36.0,-62.0
3663N,36.0,-63.0
3664N,36.0,-64.0
3665N,36.0,-65.0
3666N,36.0,-66.0
3667N,36.0,-67.0
3668N,36.0,-68.0
3669N,36.0,-69.0
3670N,36.0,-70.0
3671N,36.0,-71.0
3672N,36.0,-72.0
3673N,36.0,-73.0
3674N,36.0,-74.0
3675N,36.0,-75.0
3676N,36.0,-76.0
3677N,36.0,-77.0
3678N,36.0,-78.0
3679N,36.0,-79.0
3680N,36.0,-80.0
36DME,65.331981,-14.364972
36LOC,52.129867,-0.558639
3700E,37.0,0.0
3700N,37.0,0.0
3701N,37.0,-1.0
3702N,37.0,-2.0
3703N,37.0,-3.0
3704N,37.0,-4.0
3705N,37.0,-5.0
3706N,37.0,-6.0
3707N,37.0,-7.0
3708N,37.0,-8.0
3709N,37.0,-9.0
3710N,37.0,-10.0
3711N,37.0,-11.0
3712N,37.0,-12.0
3713N,37.0,-13.0
3714N,37.0,-14.0
3715N,37.0,-15.0
3716N,37.0,-16.0
3717N,37.0,-17.0
3718N,37.0,-18.0
3719N,37.0,-19.0
3720N,37.0,-20.0
3721N,37.0,-21.0
3722N,37.0,-22.0
3723N,37.0,-23.0
3724N,37.0,-24.0
3725N,37.0,-25.0
3726N,37.0,-26.0
3727N,37.0,-27.0
3728N,37.0,-28.0
3729N,37.0,-29.0
3730N,37.0,-30.0
3731N,37.0,-31.0
3732N,37.0,-32.0
3733N,37.0,-33.0
3734N,37.0,-34.0
3735N,37.0,-35.0
3736N,37.0,-36.0
3737N,37.0,-37.0
3738N,37.0,-38.0
3739N,37.0,-39.0
3740N,37.0,-40.0
3741N,37.0,-41.0
3742N,37.0,-42.0
3743N,37.0,-43.0
3744N,37.0,-44.0
3745N,37.0,-45.0
3746N,37.0,-46.0
3747N,37.0,-47.0
3748N,37.0,-48.0
3749N,37.0,-49.0
3750N,37.0,-50.0
3751N,37.0,-51.0
3752N,37.0,-52.0
3753N,37.0,-53.0
3754N,37.0,-54.0
3755N,37.0,-55.0
3756N,37.0,-56.0
3757N,37.0,-57.0
3758N,37.0,-58.0
3759N,37.0,-59.0
3760N,37.0,-60.0
3761N,37.0,-61.0
3762N,37.0,-62.0
3763N,37.0,-63.0
3764N,37.0,-64.0
3765N,37.0,-65.0
3766N,37.0,-66.0
3767N,37.0,-67.0
3768N,37.0,-68.0
3769N,37.0,-69.0
3770N,37.0,-70.0
3771N,37.0,-71.0
3772N,37.0,-72.0
3773N,37.0,-73.0
3774N,37.0,-74.0
3775N,37.0,-75.0
3776N,37.0,-76.0
3777N,37.0,-77.0
3778N,37.0,-78.0
3779N,37.0,-79.0
3780N,37.0,-80.0
37TAC,38.952147,-1.784825
37THR,36.725492,-4.569986
3800E,38.0,0.0
3800N,38.0,0.0
3801N,38.0,-1.0
3802N,38.0,-2.0
3803N,38.0,-3.0
3804N,38.0,-4.0
3805N,38.0,-5.0
3806N,38.0,-6.0
3807N,38.0,-7.0
3808N,38.0,-8.0
3809N,38.0,-9.0
3810N,38.0,-10.0
3811N,38.0,-11.0
3812N,38.0,-12.0
3813N,38.0,-13.0
3814N,38.0,-14.0
3815N,38.0,-15.0
3816N,38.0,-16.0
3817N,38.0,-17.0
3818N,38.0,-18.0
3819N,38.0,-19.0
3820N,38.0,-20.0
3821N,38.0,-21.0
3822N,38.0,-22.0
3823N,38.0,-23.0
3824N,38.0,-24.0
3825N,38.0,-25.0
3826N,38.0,-26.0
3827N,38.0,-27.0
3828N,38.0,-28.0
3829N,38.0,-29.0
3830N,38.0,-30.0
3831N,38.0,-31.0
3832N,38.0,-32.0
3833N,38.0,-33.0
3834N,38.0,-34.0
3835N,38.0,-35.0
3836N,38.0,-36.0
3837N,38.0,-37.0
3838N,38.0,-38.0
3839N,38.0,-39.0
3840N,38.0,-40.0
3841N,38.0,-41.0
3842N,38.0,-42.0
3843N,38.0,-43.0
3844N,38.0,-44.0
3845N,38.0,-45.0
3846N,38.0,-46.0
3847N,38.0,-47.0
3848N,38.0,-48.0
3849N,38.0,-49.0
3850N,38.0,-50.0
3851N,38.0,-51.0
3852N,38.0,-52.0
3853N,38.0,-53.0
3854N,38.0,-54.0
3855N,38.0,-55.0
3856N,38.0,-56.0
3857N,38.0,-57.0
3858N,38.0,-58.0
3859N,38.0,-59.0
3860N,38.0,-60.0
3861N,38.0,-61.0
3862N,38.0,-62.0
3863N,38.0,-63.0
3864N,38.0,-64.0
3865N,38.0,-65.0
3866N,38.0,-66.0
3867N,38.0,-67.0
3868N,38.0,-68.0
3869N,38.0,-69.0
3870N,38.0,-70.0
3871N,38.0,-71.0
3872N,38.0,-72.0
3873N,38.0,-73.0
3874N,38.0,-74.0
3875N,38.0,-75.0
3876N,38.0,-76.0
3877N,38.0,-77.0
3878N,38.0,-78.0
3879N,38.0,-79.0
3880N,38.0,-80.0
38TAC,51.058053,-2.584067
38THR,43.593386,-72.387192
3900E,39.0,0.0
3900N,39.0,0.0
3901N,39.0,-1.0
3902N,39.0,-2.0
3903N,39.0,-3.0
3904N,39.0,-4.0
3905N,39.0,-5.0
3906N,39.0,-6.0
3907N,39.0,-7.0
3908N,39.0,-8.0
3909N,39.0,-9.0
3910N,39.0,-10.0
3911N,39.0,-11.0
3912N,39.0,-12.0
3913N,39.0,-13.0
3914N,39.0,-14.0
3915N,39.0,-15.0
3916N,39.0,-16.0
3917N,39.0,-17.0
3918N,39.0,-18.0
3919N,39.0,-19.0
3920N,39.0,-20.0
3921N,39.0,-21.0
3922N,39.0,-22.0
3923N,39.0,-23.0
3924N,39.0,-24.0
3925N,39.0,-25.0
3926N,39.0,-26.0
3927N,39.0,-27.0
3928N,39.0,-28.0
3929N,39.0,-29.0
3930N,39.0,-30.0
3931N,39.0,-31.0
3932N,39.0,-32.0
3933N,39.0,-33.0
3934N,39.0,-34.0
3935N,39.0,-35.0
3936N,39.0,-36.0
3937N,39.0,-37.0
3938N,39.0,-38.0
3939N,39.0,-39.0
3940N,39.0,-40.0
3941N,39.0,-41.0
3942N,39.0,-42.0
3943N,39.0,-43.0
3944N,39.0,-44.0
3945N,39.0,-45.0
3946N,39.0,-46.0
3947N,39.0,-47.0
3948N,39.0,-48.0
3949N,39.0,-49.0
3950N,39.0,-50.0
3951N,39.0,-51.0
3952N,39.0,-52.0
3953N,39.0,-53.0
3954N,39.0,-54.0
3955N,39.0,-55.0
3956N,39.0,-56.0
3957N,39.0,-57.0
3958N,39.0,-58.0
3959N,39.0,-59.0
3960N,39.0,-60.0
3961N,39.0,-61.0
3962N,39.0,-62.0
3963N,39.0,-63.0
3964N,39.0,-64.0
3965N,39.0,-65.0
3966N,39.0,-66.0
3967N,39.0,-67.0
3968N,39.0,-68.0
3969N,39.0,-69.0
3970N,39.0,-70.0
3971N,39.0,-71.0
3972N,39.0,-72.0
3973N,39.0,-73.0
3974N,39.0,-74.0
3975N,39.0,-75.0
3976N,39.0,-76.0
3977N,39.0,-77.0
3978N,39.0,-78.0
3979N,39.0,-79.0
3980N,39.0,-80.0
39LOC,51.894461,-0.253358
39TAC,41.637636,-0.971736
39VOR,36.712842,-4.559992
3NM,65.578686,-23.524369
3NMX,61.0806,-45.566114
4000E,40.0,0.0
4000N,40.0,0.0
4001N,40.0,-1.0
4002N,40.0,-2.0
4003N,40.0,-3.0
4004N,40.0,-4.0
4005N,40.0,-5.0
4006N,40.0,-6.0
4007N,40.0,-7.0
4008N,40.0,-8.0
4009N,40.0,-9.0
4010N,40.0,-10.0
4011N,40.0,-11.0
4012N,40.0,-12.0
4013N,40.0,-13.0
4014N,40.0,-14.0
4015N,40.0,-15.0
4016N,40.0,-16.0
4017N,40.0,-17.0
4018N,40.0,-18.0
4019N,40.0,-19.0
4020N,40.0,-20.0
4021N,40.0,-21.0
4022N,40.0,-22.0
4023N,40.0,-23.0
4024N,40.0,-24.0
4025N,40.0,-25.0
4026N,40.0,-26.0
4027N,40.0,-27.0
4028N,40.0,-28.0
4029N,40.0,-29.0
4030N,40.0,-30.0
4031N,40.0,-31.0
4032N,40.0,-32.0
4033N,40.0,-33.0
4034N,40.0,-34.0
4035N,40.0,-35.0
4036N,40.0,-36.0
4037N,40.0,-37.0
4038N,40.0,-38.0
4039N,40.0,-39.0
4040N,40.0,-40.0
4041N,40.0,-41.0
4042N,40.0,-42.0
4043N,40.0,-43.0
4044N,40.0,-44.0
4045N,40.0,-45.0
4046N,40.0,-46.0
4047N,40.0,-47.0
4048N,40.0,-48.0
4049N,40.0,-49.0
4050N,40.0,-50.0
4051N,40.0,-51.0
4052N,40.0,-52.0
4053N,40.0,-53.0
4054N,40.0,-54.0
4055N,40.0,-55.0
4056N,40.0,-56.0
4057N,40.0,-57.0
4058N,40.0,-58.0
4059N,40.0,-59.0
4060N,40.0,-60.0
4061N,40.0,-61.0
4062N,40.0,-62.0
4063N,40.0,-63.0
4064N,40.0,-64.0
4065N,40.0,-65.0
4066N,40.0,-66.0
4067N,40.0,-67.0
4068N,40.0,-68.0
4069N,40.0,-69.0
4070N,40.0,-70.0
4071N,40.0,-71.0
4072N,40.0,-72.0
4073N,40.0,-73.0
4074N,40.0,-74.0
4075N,40.0,-75.0
4076N,40.0,-76.0
4077N,40.0,-77.0
4078N,40.0,-78.0
4079N,40.0,-79.0
4080N,40.0,-80.0
40DME,55.913608,-4.355525
40LO2,51.464367,-0.588925
40LO3,51.465228,-0.327536
40LOC,57.494042,-4.15265
40TA2,53.078244,-0.277442
40TAC,53.113761,-0.064983
40TH2,40.420825,-3.482719
40THR,65.880361,-17.46215
40VOR,63.916928,-22.596742
4100E,41.0,0.0
4100N,41.0,0.0
4101N,41.0,-1.0
4102N,41.0,-2.0
4103N,41.0,-3.0
4104N,41.0,-4.0
4105N,41.0,-5.0
4106N,41.0,-6.0
4107N,41.0,-7.0
4108N,41.0,-8.0
4109N,41.0,-9.0
4110N,41.0,-10.0
4111N,41.0,-11.0
4112N,41.0,-12.0
4113N,41.0,-13.0
4114N,41.0,-14.0
4115N,41.0,-15.0
4116N,41.0,-16.0
4117N,41.0,-17.0
4118N,41.0,-18.0
4119N,41.0,-19.0
4120N,41.0,-20.0
4121N,41.0,-21.0
4122N,41.0,-22.0
4123N,41.0,-23.0
4124N,41.0,-24.0
4125N,41.0,-25.0
4126N,41.0,-26.0
4127N,41.0,-27.0
4128N,41.0,-28.0
4129N,41.0,-29.0
4130N,41.0,-30.0
4131N,41.0,-31.0
4132N,41.0,-32.0
4133N,41.0,-33.0
4134N,41.0,-34.0
4135N,41.0,-35.0
4136N,41.0,-36.0
4137N,41.0,-37.0
4138N,41.0,-38.0
4139N,41.0,-39.0
4140N,41.0,-40.0
4141N,41.0,-41.0
4142N,41.0,-42.0
4143N,41.0,-43.0
4144N,41.0,-44.0
4145N,41.0,-45.0
4146N,41.0,-46.0
4147N,41.0,-47.0
4148N,41.0,-48.0
4149N,41.0,-49.0
4150N,41.0,-50.0
4151N,41.0,-51.0
4152N,41.0,-52.0
4153N,41.0,-53.0
4154N,41.0,-54.0
4155N,41.0,-55.0
4156N,41.0,-56.0
4157N,41.0,-57.0
4158N,41.0,-58.0
4159N,41.0,-59.0
4160N,41.0,-60.0
4161N,41.0,-61.0
4162N,41.0,-62.0
4163N,41.0,-63.0
4164N,41.0,-64.0
4165N,41.0,-65.0
4166N,41.0,-66.0
4167N,41.0,-67.0
4168N,41.0,-68.0
4169N,41.0,-69.0
4170N,41.0,-70.0
4171N,41.0,-71.0
4172N,41.0,-72.0
4173N,41.0,-73.0
4174N,41.0,-74.0
4175N,41.0,-75.0
4176N,41.0,-76.0
4177N,41.0,-77.0
4178N,41.0,-78.0
4179N,41.0,-79.0
4180N,41.0,-80.0
41LOC,47.783006,-3.338469
41NM,42.920361,-1.75615
41VOR,36.724517,-4.569833
4200E,42.0,0.0
4200N,42.0,0.0
4201N,42.0,-1.0
4202N,42.0,-2.0
4203N,42.0,-3.0
4204N,42.0,-4.0
4205N,42.0,-5.0
4206N,42.0,-6.0
4207N,42.0,-7.0
4208N,42.0,-8.0
4209N,42.0,-9.0
4210N,42.0,-10.0
4211N,42.0,-11.0
4212N,42.0,-12.0
4213N,42.0,-13.0
4214N,42.0,-14.0
4215N,42.0,-15.0
4216N,42.0,-16.0
4217N,42.0,-17.0
4218N,42.0,-18.0
4219N,42.0,-19.0
4220N,42.0,-20.0
4221N,42.0,-21.0
4222N,42.0,-22.0
4223N,42.0,-23.0
4224N,42.0,-24.0
4225N,42.0,-25.0
4226N,42.0,-26.0
4227N,42.0,-27.0
4228N,42.0,-28.0
4229N,42.0,-29.0
4230N,42.0,-30.0
4231N,42.0,-31.0
4232N,42.0,-32.0
4233N,42.0,-33.0
4234N,42.0,-34.0
4235N,42.0,-35.0
4236N,42.0,-36.0
4237N,42.0,-37.0
4238N,42.0,-38.0
4239N,42.0,-39.0
4240N,42.0,-40.0
4241N,42.0,-41.0
4242N,42.0,-42.0
4243N,42.0,-43.0
4244N,42.0,-44.0
4245N,42.0,-45.0
4246N,42.0,-46.0
4247N,42.0,-47.0
4248N,42.0,-48.0
4249N,42.0,-49.0
4250N,42.0,-50.0
4251N,42.0,-51.0
4252N,42.0,-52.0
4253N,42.0,-53.0
4254N,42.0,-54.0
4255N,42.0,-55.0
4256N,42.0,-56.0
4257N,42.0,-57.0
4258N,42.0,-58.0
4259N,42.0,-59.0
4260N,42.0,-60.0
4261N,42.0,-61.0
4262N,42.0,-62.0
4263N,42.0,-63.0
4264N,42.0,-64.0
4265N,42.0,-65.0
4266N,42.0,-66.0
4267N,42.0,-67.0
4268N,42.0,-68.0
4269N,42.0,-69.0
4270N,42.0,-70.0
4271N,42.0,-71.0
4272N,42.0,-72.0
4273N,42.0,-73.0
4274N,42.0,-74.0
4275N,42.0,-75.0
4276N,42.0,-76.0
4277N,42.0,-77.0
4278N,42.0,-78.0
4279N,42.0,-79.0
4280N,42.0,-80.0
42DME,65.212389,-14.480997
42LOC,47.081567,-1.665186
42TAC,53.276656,-60.508553
42THR,40.592933,-3.575194
4300E,43.0,0.0
4300N,43.0,0.0
4301N,43.0,-1.0
4302N,43.0,-2.0
4303N,43.0,-3.0
4304N,43.0,-4.0
4305N,43.0,-5.0
4306N,43.0,-6.0
4307N,43.0,-7.0
4308N,43.0,-8.0
4309N,43.0,-9.0
4310N,43.0,-10.0
4311N,43.0,-11.0
4312N,43.0,-12.0
4313N,43.0,-13.0
4314N,43.0,-14.0
4315N,43.0,-15.0
4316N,43.0,-16.0
4317N,43.0,-17.0
4318N,43.0,-18.0
4319N,43.0,-19.0
4320N,43.0,-20.0
4321N,43.0,-21.0
4322N,43.0,-22.0
4323N,43.0,-23.0
4324N,43.0,-24.0
4325N,43.0,-25.0
4326N,43.0,-26.0
4327N,43.0,-27.0
4328N,43.0,-28.0
4329N,43.0,-29.0
4330N,43.0,-30.0
4331N,43.0,-31.0
4332N,43.0,-32.0
4333N,43.0,-33.0
4334N,43.0,-34.0
4335N,43.0,-35.0
4336N,43.0,-36.0
4337N,43.0,-37.0
4338N,43.0,-38.0
4339N,43.0,-39.0
4340N,43.0,-40.0
4341N,43.0,-41.0
4342N,43.0,-42.0
4343N,43.0,-43.0
4344N,43.0,-44.0
4345N,43.0,-45.0
4346N,43.0,-46.0
4347N,43.0,-47.0
4348N,43.0,-48.0
4349N,43.0,-49.0
4350N,43.0,-50.0
4351N,43.0,-51.0
4352N,43.0,-52.0
4353N,43.0,-53.0
4354N,43.0,-54.0
4355N,43.0,-55.0
4356N,43.0,-56.0
4357N,43.0,-57.0
4358N,43.0,-58.0
4359N,43.0,-59.0
4360N,43.0,-60.0
4361N,43.0,-61.0
4362N,43.0,-62.0
4363N,43.0,-63.0
4364N,43.0,-64.0
4365N,43.0,-65.0
4366N,43.0,-66.0
4367N,43.0,-67.0
4368N,43.0,-68.0
4369N,43.0,-69.0
4370N,43.0,-70.0
4371N,43.0,-71.0
4372N,43.0,-72.0
4373N,43.0,-73.0
4374N,43.0,-74.0
4375N,43.0,-75.0
4376N,43.0,-76.0
4377N,43.0,-77.0
4378N,43.0,-78.0
4379N,43.0,-79.0
4380N,43.0,-80.0
43THR,43.669647,-72.210272
43VOR,48.516003,-2.059919
4400E,44.0,0.0
4400N,44.0,0.0
4401N,44.0,-1.0
4402N,44.0,-2.0
4403N,44.0,-3.0
4404N,44.0,-4.0
4405N,44.0,-5.0
4406N,44.0,-6.0
4407N,44.0,-7.0
4408N,44.0,-8.0
4409N,44.0,-9.0
4410N,44.0,-10.0
4411N,44.0,-11.0
4412N,44.0,-12.0
4413N,44.0,-13.0
4414N,44.0,-14.0
4415N,44.0,-15.0
4416N,44.0,-16.0
4417N,44.0,-17.0
4418N,44.0,-18.0
4419N,44.0,-19.0
4420N,44.0,-20.0
4421N,44.0,-21.0
4422N,44.0,-22.0
4423N,44.0,-23.0
4424N,44.0,-24.0
4425N,44.0,-25.0
4426N,44.0,-26.0
4427N,44.0,-27.0
4428N,44.0,-28.0
4429N,44.0,-29.0
4430N,44.0,-30.0
4431N,44.0,-31.0
4432N,44.0,-32.0
4433N,44.0,-33.0
4434N,44.0,-34.0
4435N,44.0,-35.0
4436N,44.0,-36.0
4437N,44.0,-37.0
4438N,44.0,-38.0
4439N,44.0,-39.0
4440N,44.0,-40.0
4441N,44.0,-41.0
4442N,44.0,-42.0
4443N,44.0,-43.0
4444N,44.0,-44.0
4445N,44.0,-45.0
4446N,44.0,-46.0
4447N,44.0,-47.0
4448N,44.0,-48.0
4449N,44.0,-49.0
4450N,44.0,-50.0
4451N,44.0,-51.0
4452N,44.0,-52.0
4453N,44.0,-53.0
4454N,44.0,-54.0
4455N,44.0,-55.0
4456N,44.0,-56.0
4457N,44.0,-57.0
4458N,44.0,-58.0
4459N,44.0,-59.0
4460N,44.0,-60.0
4461N,44.0,-61.0
4462N,44.0,-62.0
4463N,44.0,-63.0
4464N,44.0,-64.0
4465N,44.0,-65.0
4466N,44.0,-66.0
4467N,44.0,-67.0
4468N,44.0,-68.0
4469N,44.0,-69.0
4470N,44.0,-70.0
4471N,44.0,-71.0
4472N,44.0,-72.0
4473N,44.0,-73.0
4474N,44.0,-74.0
4475N,44.0,-75.0
4476N,44.0,-76.0
4477N,44.0,-77.0
4478N,44.0,-78.0
4479N,44.0,-79.0
4480N,44.0,-80.0
44LOC,49.130075,-0.356975
44TAC,51.548492,-1.110444
4500E,45.0,0.0
4500N,45.0,0.0
4501N,45.0,-1.0
4502N,45.0,-2.0
4503N,45.0,-3.0
4504N,45.0,-4.0
4505N,45.0,-5.0
4506N,45.0,-6.0
4507N,45.0,-7.0
4508N,45.0,-8.0
4509N,45.0,-9.0
4510N,45.0,-10.0
4511N,45.0,-11.0
4512N,45.0,-12.0
4513N,45.0,-13.0
4514N,45.0,-14.0
4515N,45.0,-15.0
4516N,45.0,-16.0
4517N,45.0,-17.0
4518N,45.0,-18.0
4519N,45.0,-19.0
4520N,45.0,-20.0
4521N,45.0,-21.0
4522N,45.0,-22.0
4523N,45.0,-23.0
4524N,45.0,-24.0
4525N,45.0,-25.0
4526N,45.0,-26.0
4527N,45.0,-27.0
4528N,45.0,-28.0
4529N,45.0,-29.0
4530N,45.0,-30.0
4531N,45.0,-31.0
4532N,45.0,-32.0
4533N,45.0,-33.0
4534N,45.0,-34.0
4535N,45.0,-35.0
4536N,45.0,-36.0
4537N,45.0,-37.0
4538N,45.0,-38.0
4539N,45.0,-39.0
4540N,45.0,-40.0
4541N,45.0,-41.0
4542N,45.0,-42.0
4543N,45.0,-43.0
4544N,45.0,-44.0
4545N,45.0,-45.0
4546N,45.0,-46.0
4547N,45.0,-47.0
4548N,45.0,-48.0
4549N,45.0,-49.0
4550N,45.0,-50.0
4551N,45.0,-51.0
4552N,45.0,-52.0
4553N,45.0,-53.0
4554N,45.0,-54.0
4555N,45.0,-55.0
4556N,45.0,-56.0
4557N,45.0,-57.0
4558N,45.0,-58.0
4559N,45.0,-59.0
4560N,45.0,-60.0
4561N,45.0,-61.0
4562N,45.0,-62.0
4563N,45.0,-63.0
4564N,45.0,-64.0
4565N,45.0,-65.0
4566N,45.0,-66.0
4567N,45.0,-67.0
4568N,45.0,-68.0
4569N,45.0,-69.0
4570N,45.0,-70.0
4571N,45.0,-71.0
4572N,45.0,-72.0
4573N,45.0,-73.0
4574N,45.0,-74.0
4575N,45.0,-75.0
4576N,45.0,-76.0
4577N,45.0,-77.0
4578N,45.0,-78.0
4579N,45.0,-79.0
4580N,45.0,-80.0
45NM,42.919175,-1.755278
45TA2,51.198894,-1.664044
45TAC,51.198894,-1.664044
4600E,46.0,0.0
4600N,46.0,0.0
4601N,46.0,-1.0
4602N,46.0,-2.0
4603N,46.0,-3.0
4604N,46.0,-4.0
4605N,46.0,-5.0
4606N,46.0,-6.0
4607N,46.0,-7.0
4608N,46.0,-8.0
4609N,46.0,-9.0
4610N,46.0,-10.0
4611N,46.0,-11.0
4612N,46.0,-12.0
4613N,46.0,-13.0
4614N,46.0,-14.0
4615N,46.0,-15.0
4616N,46.0,-16.0
4617N,46.0,-17.0
4618N,46.0,-18.0
4619N,46.0,-19.0
4620N,46.0,-20.0
4621N,46.0,-21.0
4622N,46.0,-22.0
4623N,46.0,-23.0
4624N,46.0,-24.0
4625N,46.0,-25.0
4626N,46.0,-26.0
4627N,46.0,-27.0
4628N,46.0,-28.0
4629N,46.0,-29.0
4630N,46.0,-30.0
4631N,46.0,-31.0
4632N,46.0,-32.0
4633N,46.0,-33.0
4634N,46.0,-34.0
4635N,46.0,-35.0
4636N,46.0,-36.0
4637N,46.0,-37.0
4638N,46.0,-38.0
4639N,46.0,-39.0
4640N,46.0,-40.0
4641N,46.0,-41.0
4642N,46.0,-42.0
4643N,46.0,-43.0
4644N,46.0,-44.0
4645N,46.0,-45.0
4646N,46.0,-46.0
4647N,46.0,-47.0
4648N,46.0,-48.0
4649N,46.0,-49.0
4650N,46.0,-50.0
4651N,46.0,-51.0
4652N,46.0,-52.0
4653N,46.0,-53.0
4654N,46.0,-54.0
4655N,46.0,-55.0
4656N,46.0,-56.0
4657N,46.0,-57.0
4658N,46.0,-58.0
4659N,46.0,-59.0
4660N,46.0,-60.0
4661N,46.0,-61.0
4662N,46.0,-62.0
4663N,46.0,-63.0
4664N,46.0,-64.0
4665N,46.0,-65.0
4666N,46.0,-66.0
4667N,46.0,-67.0
4668N,46.0,-68.0
4669N,46.0,-69.0
4670N,46.0,-70.0
4671N,46.0,-71.0
4672N,46.0,-72.0
4673N,46.0,-73.0
4674N,46.0,-74.0
4675N,46.0,-75.0
4676N,46.0,-76.0
4677N,46.0,-77.0
4678N,46.0,-78.0
4679N,46.0,-79.0
4680N,46.0,-80.0
46LOC,66.982114,-50.853797
4700E,47.0,0.0
4700N,47.0,0.0
4701N,47.0,-1.0
4702N,47.0,-2.0
4703N,47.0,-3.0
4704N,47.0,-4.0
4705N,47.0,-5.0
4706N,47.0,-6.0
4707N,47.0,-7.0
4708N,47.0,-8.0
4709N,47.0,-9.0
4710N,47.0,-10.0
4711N,47.0,-11.0
4712N,47.0,-12.0
4713N,47.0,-13.0
4714N,47.0,-14.0
4715N,47.0,-15.0
4716N,47.0,-16.0
4717N,47.0,-17.0
4718N,47.0,-18.0
4719N,47.0,-19.0
4720N,47.0,-20.0
4721N,47.0,-21.0
4722N,47.0,-22.0
4723N,47.0,-23.0
4724N,47.0,-24.0
4725N,47.0,-25.0
4726N,47.0,-26.0
4727N,47.0,-27.0
4728N,47.0,-28.0
4729N,47.0,-29.0
4730N,47.0,-30.0
4731N,47.0,-31.0
4732N,47.0,-32.0
4733N,47.0,-33.0
4734N,47.0,-34.0
4735N,47.0,-35.0
4736N,47.0,-36.0
4737N,47.0,-37.0
4738N,47.0,-38.0
4739N,47.0,-39.0
4740N,47.0,-40.0
4741N,47.0,-41.0
4742N,47.0,-42.0
4743N,47.0,-43.0
4744N,47.0,-44.0
4745N,47.0,-45.0
4746N,47.0,-46.0
4747N,47.0,-47.0
4748N,47.0,-48.0
4749N,47.0,-49.0
4750N,47.0,-50.0
4751N,47.0,-51.0
4752N,47.0,-52.0
4753N,47.0,-53.0
4754N,47.0,-54.0
4755N,47.0,-55.0
4756N,47.0,-56.0
4757N,47.0,-57.0
4758N,47.0,-58.0
4759N,47.0,-59.0
4760N,47.0,-60.0
4761N,47.0,-61.0
4762N,47.0,-62.0
4763N,47.0,-63.0
4764N,47.0,-64.0
4765N,47.0,-65.0
4766N,47.0,-66.0
4767N,47.0,-67.0
4768N,47.0,-68.0
4769N,47.0,-69.0
4770N,47.0,-70.0
4771N,47.0,-71.0
4772N,47.0,-72.0
4773N,47.0,-73.0
4774N,47.0,-74.0
4775N,47.0,-75.0
4776N,47.0,-76.0
4777N,47.0,-77.0
4778N,47.0,-78.0
4779N,47.0,-79.0
4780N,47.0,-80.0
47KFV,61.0,-16.5
47LOC,42.806583,-2.799508
47TAC,41.637842,-0.968058
47VOR,40.532572,-3.401481
4800E,48.0,0.0
4800N,48.0,0.0
4801N,48.0,-1.0
4802N,48.0,-2.0
4803N,48.0,-3.0
4804N,48.0,-4.0
4805N,48.0,-5.0
4806N,48.0,-6.0
4807N,48.0,-7.0
4808N,48.0,-8.0
4809N,48.0,-9.0
4810N,48.0,-10.0
4811N,48.0,-11.0
4812N,48.0,-12.0
4813N,48.0,-13.0
4814N,48.0,-14.0
4815N,48.0,-15.0
4816N,48.0,-16.0
4817N,48.0,-17.0
4818N,48.0,-18.0
4819N,48.0,-19.0
4820N,48.0,-20.0
4821N,48.0,-21.0
4822N,48.0,-22.0
4823N,48.0,-23.0
4824N,48.0,-24.0
4825N,48.0,-25.0
4826N,48.0,-26.0
4827N,48.0,-27.0
4828N,48.0,-28.0
4829N,48.0,-29.0
4830N,48.0,-30.0
4831N,48.0,-31.0
4832N,48.0,-32.0
4833N,48.0,-33.0
4834N,48.0,-34.0
4835N,48.0,-35.0
4836N,48.0,-36.0
4837N,48.0,-37.0
4838N,48.0,-38.0
4839N,48.0,-39.0
4840N,48.0,-40.0
4841N,48.0,-41.0
4842N,48.0,-42.0
4843N,48.0,-43.0
4844N,48.0,-44.0
4845N,48.0,-45.0
4846N,48.0,-46.0
4847N,48.0,-47.0
4848N,48.0,-48.0
4849N,48.0,-49.0
4850N,48.0,-50.0
4851N,48.0,-51.0
4852N,48.0,-52.0
4853N,48.0,-53.0
4854N,48.0,-54.0
4855N,48.0,-55.0
4856N,48.0,-56.0
4857N,48.0,-57.0
4858N,48.0,-58.0
4859N,48.0,-59.0
4860N,48.0,-60.0
4861N,48.0,-61.0
4862N,48.0,-62.0
4863N,48.0,-63.0
4864N,48.0,-64.0
4865N,48.0,-65.0
4866N,48.0,-66.0
4867N,48.0,-67.0
4868N,48.0,-68.0
4869N,48.0,-69.0
4870N,48.0,-70.0
4871N,48.0,-71.0
4872N,48.0,-72.0
4873N,48.0,-73.0
4874N,48.0,-74.0
4875N,48.0,-75.0
4876N,48.0,-76.0
4877N,48.0,-77.0
4878N,48.0,-78.0
4879N,48.0,-79.0
4880N,48.0,-80.0
4900E,49.0,0.0
4900N,49.0,0.0
4901N,49.0,-1.0
4902N,49.0,-2.0
4903N,49.0,-3.0
4904N,49.0,-4.0
4905N,49.0,-5.0
4906N,49.0,-6.0
4907N,49.0,-7.0
4908N,49.0,-8.0
4909N,49.0,-9.0
4910N,49.0,-10.0
4911N,49.0,-11.0
4912N,49.0,-12.0
4913N,49.0,-13.0
4914N,49.0,-14.0
4915N,49.0,-15.0
4916N,49.0,-16.0
4917N,49.0,-17.0
4918N,49.0,-18.0
4919N,49.0,-19.0
4920N,49.0,-20.0
4921N,49.0,-21.0
4922N,49.0,-22.0
4923N,49.0,-23.0
4924N,49.0,-24.0
4925N,49.0,-25.0
4926N,49.0,-26.0
4927N,49.0,-27.0
4928N,49.0,-28.0
4929N,49.0,-29.0
4930N,49.0,-30.0
4931N,49.0,-31.0
4932N,49.0,-32.0
4933N,49.0,-33.0
4934N,49.0,-34.0
4935N,49.0,-35.0
4936N,49.0,-36.0
4937N,49.0,-37.0
4938N,49.0,-38.0
4939N,49.0,-39.0
4940N,49.0,-40.0
4941N,49.0,-41.0
4942N,49.0,-42.0
4943N,49.0,-43.0
4944N,49.0,-44.0
4945N,49.0,-45.0
4946N,49.0,-46.0
4947N,49.0,-47.0
4948N,49.0,-48.0
4949N,49.0,-49.0
4950N,49.0,-50.0
4951N,49.0,-51.0
4952N,49.0,-52.0
4953N,49.0,-53.0
4954N,49.0,-54.0
4955N,49.0,-55.0
4956N,49.0,-56.0
4957N,49.0,-57.0
4958N,49.0,-58.0
4959N,49.0,-59.0
4960N,49.0,-60.0
4961N,49.0,-61.0
4962N,49.0,-62.0
4963N,49.0,-63.0
4964N,49.0,-64.0
4965N,49.0,-65.0
4966N,49.0,-66.0
4967N,49.0,-67.0
4968N,49.0,-68.0
4969N,49.0,-69.0
4970N,49.0,-70.0
4971N,49.0,-71.0
4972N,49.0,-72.0
4973N,49.0,-73.0
4974N,49.0,-74.0
4975N,49.0,-75.0
4976N,49.0,-76.0
4977N,49.0,-77.0
4978N,49.0,-78.0
4979N,49.0,-79.0
4980N,49.0,-80.0
4NM,65.217711,-14.733936
4NMZ,61.109975,-45.884561
5000E,50.0,0.0
5000N,50.0,0.0
5001N,50.0,-1.0
5002N,50.0,-2.0
5003N,50.0,-3.0
5004N,50.0,-4.0
5005N,50.0,-5.0
5006N,50.0,-6.0
5007N,50.0,-7.0
5008N,50.0,-8.0
5009N,50.0,-9.0
5010N,50.0,-10.0
5011N,50.0,-11.0
5012N,50.0,-12.0
5013N,50.0,-13.0
5014N,50.0,-14.0
5015N,50.0,-15.0
5016N,50.0,-16.0
5017N,50.0,-17.0
5018N,50.0,-18.0
5019N,50.0,-19.0
5020N,50.0,-20.0
5021N,50.0,-21.0
5022N,50.0,-22.0
5023N,50.0,-23.0
5024N,50.0,-24.0
5025N,50.0,-25.0
5026N,50.0,-26.0
5027N,50.0,-27.0
5028N,50.0,-28.0
5029N,50.0,-29.0
5030N,50.0,-30.0
5031N,50.0,-31.0
5032N,50.0,-32.0
5033N,50.0,-33.0
5034N,50.0,-34.0
5035N,50.0,-35.0
5036N,50.0,-36.0
5037N,50.0,-37.0
5038N,50.0,-38.0
5039N,50.0,-39.0
5040N,50.0,-40.0
5041N,50.0,-41.0
5042N,50.0,-42.0
5043N,50.0,-43.0
5044N,50.0,-44.0
5045N,50.0,-45.0
5046N,50.0,-46.0
5047N,50.0,-47.0
5048N,50.0,-48.0
5049N,50.0,-49.0
5050N,50.0,-50.0
5051N,50.0,-51.0
5052N,50.0,-52.0
5053N,50.0,-53.0
5054N,50.0,-54.0
5055N,50.0,-55.0
5056N,50.0,-56.0
5057N,50.0,-57.0
5058N,50.0,-58.0
5059N,50.0,-59.0
5060N,50.0,-60.0
5061N,50.0,-61.0
5062N,50.0,-62.0
5063N,50.0,-63.0
5064N,50.0,-64.0
5065N,50.0,-65.0
5066N,50.0,-66.0
5067N,50.0,-67.0
5068N,50.0,-68.0
5069N,50.0,-69.0
5070N,50.0,-70.0
5071N,50.0,-71.0
5072N,50.0,-72.0
5073N,50.0,-73.0
5074N,50.0,-74.0
5075N,50.0,-75.0
5076N,50.0,-76.0
5077N,50.0,-77.0
5078N,50.0,-78.0
5079N,50.0,-79.0
5080N,50.0,-80.0
50DME,69.31045,-50.935561
50LOC,65.200389,-14.494675
50TAC,47.787147,-3.323633
50THR,38.869267,-9.088839
50VO2,54.682594,-6.091225
50VOR,54.581583,-6.188033
5100E,51.0,0.0
5100N,51.0,0.0
5101N,51.0,-1.0
5102N,51.0,-2.0
5103N,51.0,-3.0
5104N,51.0,-4.0
5105N,51.0,-5.0
5106N,51.0,-6.0
5107N,51.0,-7.0
5108N,51.0,-8.0
5109N,51.0,-9.0
5110N,51.0,-10.0
5111N,51.0,-11.0
5112N,51.0,-12.0
5113N,51.0,-13.0
5114N,51.0,-14.0
5115N,51.0,-15.0
5116N,51.0,-16.0
5117N,51.0,-17.0
5118N,51.0,-18.0
5119N,51.0,-19.0
5120N,51.0,-20.0
5121N,51.0,-21.0
5122N,51.0,-22.0
5123N,51.0,-23.0
5124N,51.0,-24.0
5125N,51.0,-25.0
5126N,51.0,-26.0
5127N,51.0,-27.0
5128N,51.0,-28.0
5129N,51.0,-29.0
5130N,51.0,-30.0
5131N,51.0,-31.0
5132N,51.0,-32.0
5133N,51.0,-33.0
5134N,51.0,-34.0
5135N,51.0,-35.0
5136N,51.0,-36.0
5137N,51.0,-37.0
5138N,51.0,-38.0
5139N,51.0,-39.0
5140N,51.0,-40.0
5141N,51.0,-41.0
5142N,51.0,-42.0
5143N,51.0,-43.0
5144N,51.0,-44.0
5145N,51.0,-45.0
5146N,51.0,-46.0
5147N,51.0,-47.0
5148N,51.0,-48.0
5149N,51.0,-49.0
5150N,51.0,-50.0
5151N,51.0,-51.0
5152N,51.0,-52.0
5153N,51.0,-53.0
5154N,51.0,-54.0
5155N,51.0,-55.0
5156N,51.0,-56.0
5157N,51.0,-57.0
5158N,51.0,-58.0
5159N,51.0,-59.0
5160N,51.0,-60.0
5161N,51.0,-61.0
5162N,51.0,-62.0
5163N,51.0,-63.0
5164N,51.0,-64.0
5165N,51.0,-65.0
5166N,51.0,-66.0
5167N,51.0,-67.0
5168N,51.0,-68.0
5169N,51.0,-69.0
5170N,51.0,-70.0
5171N,51.0,-71.0
5172N,51.0,-72.0
5173N,51.0,-73.0
5174N,51.0,-74.0
5175N,51.0,-75.0
5176N,51.0,-76.0
5177N,51.0,-77.0
5178N,51.0,-78.0
5179N,51.0,-79.0
5180N,51.0,-80.0
5200E,52.0,0.0
5200N,52.0,0.0
5201N,52.0,-1.0
5202N,52.0,-2.0
5203N,52.0,-3.0
5204N,52.0,-4.0
5205N,52.0,-5.0
5206N,52.0,-6.0
5207N,52.0,-7.0
5208N,52.0,-8.0
5209N,52.0,-9.0
5210N,52.0,-10.0
5211N,52.0,-11.0
5212N,52.0,-12.0
5213N,52.0,-13.0
5214N,52.0,-14.0
5215N,52.0,-15.0
5216N,52.0,-16.0
5217N,52.0,-17.0
5218N,52.0,-18.0
5219N,52.0,-19.0
5220N,52.0,-20.0
5221N,52.0,-21.0
5222N,52.0,-22.0
5223N,52.0,-23.0
5224N,52.0,-24.0
5225N,52.0,-25.0
5226N,52.0,-26.0
5227N,52.0,-27.0
5228N,52.0,-28.0
5229N,52.0,-29.0
5230N,52.0,-30.0
5231N,52.0,-31.0
5232N,52.0,-32.0
5233N,52.0,-33.0
5234N,52.0,-34.0
5235N,52.0,-35.0
5236N,52.0,-36.0
5237N,52.0,-37.0
5238N,52.0,-38.0
5239N,52.0,-39.0
5240N,52.0,-40.0
5241N,52.0,-41.0
5242N,52.0,-42.0
5243N,52.0,-43.0
5244N,52.0,-44.0
5245N,52.0,-45.0
5246N,52.0,-46.0
5247N,52.0,-47.0
5248N,52.0,-48.0
5249N,52.0,-49.0
5250N,52.0,-50.0
5251N,52.0,-51.0
5252N,52.0,-52.0
5253N,52.0,-53.0
5254N,52.0,-54.0
5255N,52.0,-55.0
5256N,52.0,-56.0
5257N,52.0,-57.0
5258N,52.0,-58.0
5259N,52.0,-59.0
5260N,52.0,-60.0
5261N,52.0,-61.0
5262N,52.0,-62.0
5263N,52.0,-63.0
5264N,52.0,-64.0
5265N,52.0,-65.0
5266N,52.0,-66.0
5267N,52.0,-67.0
5268N,52.0,-68.0
5269N,52.0,-69.0
5270N,52.0,-70.0
5271N,52.0,-71.0
5272N,52.0,-72.0
5273N,52.0,-73.0
5274N,52.0,-74.0
5275N,52.0,-75.0
5276N,52.0,-76.0
5277N,52.0,-77.0
5278N,52.0,-78.0
5279N,52.0,-79.0
5280N,52.0,-80.0
52VOR,42.810483,-2.793569
5300E,53.0,0.0
5300N,53.0,0.0
5301N,53.0,-1.0
5302N,53.0,-2.0
5303N,53.0,-3.0
5304N,53.0,-4.0
5305N,53.0,-5.0
5306N,53.0,-6.0
5307N,53.0,-7.0
5308N,53.0,-8.0
5309N,53.0,-9.0
5310N,53.0,-10.0
5311N,53.0,-11.0
5312N,53.0,-12.0
5313N,53.0,-13.0
5314N,53.0,-14.0
5315N,53.0,-15.0
5316N,53.0,-16.0
5317N,53.0,-17.0
5318N,53.0,-18.0
5319N,53.0,-19.0
5320N,53.0,-20.0
5321N,53.0,-21.0
5322N,53.0,-22.0
5323N,53.0,-23.0
5324N,53.0,-24.0
5325N,53.0,-25.0
5326N,53.0,-26.0
5327N,53.0,-27.0
5328N,53.0,-28.0
5329N,53.0,-29.0
5330N,53.0,-30.0
5331N,53.0,-31.0
5332N,53.0,-32.0
5333N,53.0,-33.0
5334N,53.0,-34.0
5335N,53.0,-35.0
5336N,53.0,-36.0
5337N,53.0,-37.0
5338N,53.0,-38.0
5339N,53.0,-39.0
5340N,53.0,-40.0
5341N,53.0,-41.0
5342N,53.0,-42.0
5343N,53.0,-43.0
5344N,53.0,-44.0
5345N,53.0,-45.0
5346N,53.0,-46.0
5347N,53.0,-47.0
5348N,53.0,-48.0
5349N,53.0,-49.0
5350N,53.0,-50.0
5351N,53.0,-51.0
5352N,53.0,-52.0
5353N,53.0,-53.0
5354N,53.0,-54.0
5355N,53.0,-55.0
5356N,53.0,-56.0
5357N,53.0,-57.0
5358N,53.0,-58.0
5359N,53.0,-59.0
5360N,53.0,-60.0
5361N,53.0,-61.0
5362N,53.0,-62.0
5363N,53.0,-63.0
5364N,53.0,-64.0
5365N,53.0,-65.0
5366N,53.0,-66.0
5367N,53.0,-67.0
5368N,53.0,-68.0
5369N,53.0,-69.0
5370N,53.0,-70.0
5371N,53.0,-71.0
5372N,53.0,-72.0
5373N,53.0,-73.0
5374N,53.0,-74.0
5375N,53.0,-75.0
5376N,53.0,-76.0
5377N,53.0,-77.0
5378N,53.0,-78.0
5379N,53.0,-79.0
5380N,53.0,-80.0
5400E,54.0,0.0
5400N,54.0,0.0
5401N,54.0,-1.0
5402N,54.0,-2.0
5403N,54.0,-3.0
5404N,54.0,-4.0
5405N,54.0,-5.0
5406N,54.0,-6.0
5407N,54.0,-7.0
5408N,54.0,-8.0
5409N,54.0,-9.0
5410N,54.0,-10.0
5411N,54.0,-11.0
5412N,54.0,-12.0
5413N,54.0,-13.0
5414N,54.0,-14.0
5415N,54.0,-15.0
5416N,54.0,-16.0
5417N,54.0,-17.0
5418N,54.0,-18.0
5419N,54.0,-19.0
5420N,54.0,-20.0
5421N,54.0,-21.0
5422N,54.0,-22.0
5423N,54.0,-23.0
5424N,54.0,-24.0
5425N,54.0,-25.0
5426N,54.0,-26.0
5427N,54.0,-27.0
5428N,54.0,-28.0
5429N,54.0,-29.0
5430N,54.0,-30.0
5431N,54.0,-31.0
5432N,54.0,-32.0
5433N,54.0,-33.0
5434N,54.0,-34.0
5435N,54.0,-35.0
5436N,54.0,-36.0
5437N,54.0,-37.0
5438N,54.0,-38.0
5439N,54.0,-39.0
5440N,54.0,-40.0
5441N,54.0,-41.0
5442N,54.0,-42.0
5443N,54.0,-43.0
5444N,54.0,-44.0
5445N,54.0,-45.0
5446N,54.0,-46.0
5447N,54.0,-47.0
5448N,54.0,-48.0
5449N,54.0,-49.0
5450N,54.0,-50.0
5451N,54.0,-51.0
5452N,54.0,-52.0
5453N,54.0,-53.0
5454N,54.0,-54.0
5455N,54.0,-55.0
5456N,54.0,-56.0
5457N,54.0,-57.0
5458N,54.0,-58.0
5459N,54.0,-59.0
5460N,54.0,-60.0
5461N,54.0,-61.0
5462N,54.0,-62.0
5463N,54.0,-63.0
5464N,54.0,-64.0
5465N,54.0,-65.0
5466N,54.0,-66.0
5467N,54.0,-67.0
5468N,54.0,-68.0
5469N,54.0,-69.0
5470N,54.0,-70.0
5471N,54.0,-71.0
5472N,54.0,-72.0
5473N,54.0,-73.0
5474N,54.0,-74.0
5475N,54.0,-75.0
5476N,54.0,-76.0
5477N,54.0,-77.0
5478N,54.0,-78.0
5479N,54.0,-79.0
5480N,54.0,-80.0
5500E,55.0,0.0
5500N,55.0,0.0
5501N,55.0,-1.0
5502N,55.0,-2.0
5503N,55.0,-3.0
5504N,55.0,-4.0
5505N,55.0,-5.0
5506N,55.0,-6.0
5507N,55.0,-7.0
5508N,55.0,-8.0
5509N,55.0,-9.0
5510N,55.0,-10.0
5511N,55.0,-11.0
5512N,55.0,-12.0
5513N,55.0,-13.0
5514N,55.0,-14.0
5515N,55.0,-15.0
5516N,55.0,-16.0
5517N,55.0,-17.0
5518N,55.0,-18.0
5519N,55.0,-19.0
5520N,55.0,-20.0
5521N,55.0,-21.0
5522N,55.0,-22.0
5523N,55.0,-23.0
5524N,55.0,-24.0
5525N,55.0,-25.0
5526N,55.0,-26.0
5527N,55.0,-27.0
5528N,55.0,-28.0
5529N,55.0,-29.0
5530N,55.0,-30.0
5531N,55.0,-31.0
5532N,55.0,-32.0
5533N,55.0,-33.0
5534N,55.0,-34.0
5535N,55.0,-35.0
5536N,55.0,-36.0
5537N,55.0,-37.0
5538N,55.0,-38.0
5539N,55.0,-39.0
5540N,55.0,-40.0
5541N,55.0,-41.0
5542N,55.0,-42.0
5543N,55.0,-43.0
5544N,55.0,-44.0
5545N,55.0,-45.0
5546N,55.0,-46.0
5547N,55.0,-47.0
5548N,55.0,-48.0
5549N,55.0,-49.0
5550N,55.0,-50.0
5551N,55.0,-51.0
5552N,55.0,-52.0
5553N,55.0,-53.0
5554N,55.0,-54.0
5555N,55.0,-55.0
5556N,55.0,-56.0
5557N,55.0,-57.0
5558N,55.0,-58.0
5559N,55.0,-59.0
5560N,55.0,-60.0
5561N,55.0,-61.0
5562N,55.0,-62.0
5563N,55.0,-63.0
5564N,55.0,-64.0
5565N,55.0,-65.0
5566N,55.0,-66.0
5567N,55.0,-67.0
5568N,55.0,-68.0
5569N,55.0,-69.0
5570N,55.0,-70.0
5571N,55.0,-71.0
5572N,55.0,-72.0
5573N,55.0,-73.0
5574N,55.0,-74.0
5575N,55.0,-75.0
5576N,55.0,-76.0
5577N,55.0,-77.0
5578N,55.0,-78.0
5579N,55.0,-79.0
5580N,55.0,-80.0
55DME,65.192808,-14.502708
55LOC,43.256539,-2.789331
55VOR,43.349967,-3.034175
5600E,56.0,0.0
5600N,56.0,0.0
5601N,56.0,-1.0
5602N,56.0,-2.0
5603N,56.0,-3.0
5604N,56.0,-4.0
5605N,56.0,-5.0
5606N,56.0,-6.0
5607N,56.0,-7.0
5608N,56.0,-8.0
5609N,56.0,-9.0
5610N,56.0,-10.0
5611N,56.0,-11.0
5612N,56.0,-12.0
5613N,56.0,-13.0
5614N,56.0,-14.0
5615N,56.0,-15.0
5616N,56.0,-16.0
5617N,56.0,-17.0
5618N,56.0,-18.0
5619N,56.0,-19.0
5620N,56.0,-20.0
5621N,56.0,-21.0
5622N,56.0,-22.0
5623N,56.0,-23.0
5624N,56.0,-24.0
5625N,56.0,-25.0
5626N,56.0,-26.0
5627N,56.0,-27.0
5628N,56.0,-28.0
5629N,56.0,-29.0
5630N,56.0,-30.0
5631N,56.0,-31.0
5632N,56.0,-32.0
5633N,56.0,-33.0
5634N,56.0,-34.0
5635N,56.0,-35.0
5636N,56.0,-36.0
5637N,56.0,-37.0
5638N,56.0,-38.0
5639N,56.0,-39.0
5640N,56.0,-40.0
5641N,56.0,-41.0
5642N,56.0,-42.0
5643N,56.0,-43.0
5644N,56.0,-44.0
5645N,56.0,-45.0
5646N,56.0,-46.0
5647N,56.0,-47.0
5648N,56.0,-48.0
5649N,56.0,-49.0
5650N,56.0,-50.0
5651N,56.0,-51.0
5652N,56.0,-52.0
5653N,56.0,-53.0
5654N,56.0,-54.0
5655N,56.0,-55.0
5656N,56.0,-56.0
5657N,56.0,-57.0
5658N,56.0,-58.0
5659N,56.0,-59.0
5660N,56.0,-60.0
5661N,56.0,-61.0
5662N,56.0,-62.0
5663N,56.0,-63.0
5664N,56.0,-64.0
5665N,56.0,-65.0
5666N,56.0,-66.0
5667N,56.0,-67.0
5668N,56.0,-68.0
5669N,56.0,-69.0
5670N,56.0,-70.0
5671N,56.0,-71.0
5672N,56.0,-72.0
5673N,56.0,-73.0
5674N,56.0,-74.0
5675N,56.0,-75.0
5676N,56.0,-76.0
5677N,56.0,-77.0
5678N,56.0,-78.0
5679N,56.0,-79.0
5680N,56.0,-80.0
5700E,57.0,0.0
5700N,57.0,0.0
5701N,57.0,-1.0
5702N,57.0,-2.0
5703N,57.0,-3.0
5704N,57.0,-4.0
5705N,57.0,-5.0
5706N,57.0,-6.0
5707N,57.0,-7.0
5708N,57.0,-8.0
5709N,57.0,-9.0
5710N,57.0,-10.0
5711N,57.0,-11.0
5712N,57.0,-12.0
5713N,57.0,-13.0
5714N,57.0,-14.0
5715N,57.0,-15.0
5716N,57.0,-16.0
5717N,57.0,-17.0
5718N,57.0,-18.0
5719N,57.0,-19.0
5720N,57.0,-20.0
5721N,57.0,-21.0
5722N,57.0,-22.0
5723N,57.0,-23.0
5724N,57.0,-24.0
5725N,57.0,-25.0
5726N,57.0,-26.0
5727N,57.0,-27.0
5728N,57.0,-28.0
5729N,57.0,-29.0
5730N,57.0,-30.0
5731N,57.0,-31.0
5732N,57.0,-32.0
5733N,57.0,-33.0
5734N,57.0,-34.0
5735N,57.0,-35.0
5736N,57.0,-36.0
5737N,57.0,-37.0
5738N,57.0,-38.0
5739N,57.0,-39.0
5740N,57.0,-40.0
5741N,57.0,-41.0
5742N,57.0,-42.0
5743N,57.0,-43.0
5744N,57.0,-44.0
5745N,57.0,-45.0
5746N,57.0,-46.0
5747N,57.0,-47.0
5748N,57.0,-48.0
5749N,57.0,-49.0
5750N,57.0,-50.0
5751N,57.0,-51.0
5752N,57.0,-52.0
5753N,57.0,-53.0
5754N,57.0,-54.0
5755N,57.0,-55.0
5756N,57.0,-56.0
5757N,57.0,-57.0
5758N,57.0,-58.0
5759N,57.0,-59.0
5760N,57.0,-60.0
5761N,57.0,-61.0
5762N,57.0,-62.0
5763N,57.0,-63.0
5764N,57.0,-64.0
5765N,57.0,-65.0
5766N,57.0,-66.0
5767N,57.0,-67.0
5768N,57.0,-68.0
5769N,57.0,-69.0
5770N,57.0,-70.0
5771N,57.0,-71.0
5772N,57.0,-72.0
5773N,57.0,-73.0
5774N,57.0,-74.0
5775N,57.0,-75.0
5776N,57.0,-76.0
5777N,57.0,-77.0
5778N,57.0,-78.0
5779N,57.0,-79.0
5780N,57.0,-80.0
57LOC,43.255047,-2.78525
57STN,61.0,-12.566667
5800E,58.0,0.0
5800N,58.0,0.0
5801N,58.0,-1.0
5802N,58.0,-2.0
5803N,58.0,-3.0
5804N,58.0,-4.0
5805N,58.0,-5.0
5806N,58.0,-6.0
5807N,58.0,-7.0
5808N,58.0,-8.0
5809N,58.0,-9.0
5810N,58.0,-10.0
5811N,58.0,-11.0
5812N,58.0,-12.0
5813N,58.0,-13.0
5814N,58.0,-14.0
5815N,58.0,-15.0
5816N,58.0,-16.0
5817N,58.0,-17.0
5818N,58.0,-18.0
5819N,58.0,-19.0
5820N,58.0,-20.0
5821N,58.0,-21.0
5822N,58.0,-22.0
5823N,58.0,-23.0
5824N,58.0,-24.0
5825N,58.0,-25.0
5826N,58.0,-26.0
5827N,58.0,-27.0
5828N,58.0,-28.0
5829N,58.0,-29.0
5830N,58.0,-30.0
5831N,58.0,-31.0
5832N,58.0,-32.0
5833N,58.0,-33.0
5834N,58.0,-34.0
5835N,58.0,-35.0
5836N,58.0,-36.0
5837N,58.0,-37.0
5838N,58.0,-38.0
5839N,58.0,-39.0
5840N,58.0,-40.0
5841N,58.0,-41.0
5842N,58.0,-42.0
5843N,58.0,-43.0
5844N,58.0,-44.0
5845N,58.0,-45.0
5846N,58.0,-46.0
5847N,58.0,-47.0
5848N,58.0,-48.0
5849N,58.0,-49.0
5850N,58.0,-50.0
5851N,58.0,-51.0
5852N,58.0,-52.0
5853N,58.0,-53.0
5854N,58.0,-54.0
5855N,58.0,-55.0
5856N,58.0,-56.0
5857N,58.0,-57.0
5858N,58.0,-58.0
5859N,58.0,-59.0
5860N,58.0,-60.0
5861N,58.0,-61.0
5862N,58.0,-62.0
5863N,58.0,-63.0
5864N,58.0,-64.0
5865N,58.0,-65.0
5866N,58.0,-66.0
5867N,58.0,-67.0
5868N,58.0,-68.0
5869N,58.0,-69.0
5870N,58.0,-70.0
5871N,58.0,-71.0
5872N,58.0,-72.0
5873N,58.0,-73.0
5874N,58.0,-74.0
5875N,58.0,-75.0
5876N,58.0,-76.0
5877N,58.0,-77.0
5878N,58.0,-78.0
5879N,58.0,-79.0
5880N,58.0,-80.0
58LOC,36.748703,-4.602561
5900E,59.0,0.0
5900N,59.0,0.0
5901N,59.0,-1.0
5902N,59.0,-2.0
5903N,59.0,-3.0
5904N,59.0,-4.0
5905N,59.0,-5.0
5906N,59.0,-6.0
5907N,59.0,-7.0
5908N,59.0,-8.0
5909N,59.0,-9.0
5910N,59.0,-10.0
5911N,59.0,-11.0
5912N,59.0,-12.0
5913N,59.0,-13.0
5914N,59.0,-14.0
5915N,59.0,-15.0
5916N,59.0,-16.0
5917N,59.0,-17.0
5918N,59.0,-18.0
5919N,59.0,-19.0
5920N,59.0,-20.0
5921N,59.0,-21.0
5922N,59.0,-22.0
5923N,59.0,-23.0
5924N,59.0,-24.0
5925N,59.0,-25.0
5926N,59.0,-26.0
5927N,59.0,-27.0
5928N,59.0,-28.0
5929N,59.0,-29.0
5930N,59.0,-30.0
5931N,59.0,-31.0
5932N,59.0,-32.0
5933N,59.0,-33.0
5934N,59.0,-34.0
5935N,59.0,-35.0
5936N,59.0,-36.0
5937N,59.0,-37.0
5938N,59.0,-38.0
5939N,59.0,-39.0
5940N,59.0,-40.0
5941N,59.0,-41.0
5942N,59.0,-42.0
5943N,59.0,-43.0
5944N,59.0,-44.0
5945N,59.0,-45.0
5946N,59.0,-46.0
5947N,59.0,-47.0
5948N,59.0,-48.0
5949N,59.0,-49.0
5950N,59.0,-50.0
5951N,59.0,-51.0
5952N,59.0,-52.0
5953N,59.0,-53.0
5954N,59.0,-54.0
5955N,59.0,-55.0
5956N,59.0,-56.0
5957N,59.0,-57.0
5958N,59.0,-58.0
5959N,59.0,-59.0
5960N,59.0,-60.0
5961N,59.0,-61.0
5962N,59.0,-62.0
5963N,59.0,-63.0
5964N,59.0,-64.0
5965N,59.0,-65.0
5966N,59.0,-66.0
5967N,59.0,-67.0
5968N,59.0,-68.0
5969N,59.0,-69.0
5970N,59.0,-70.0
5971N,59.0,-71.0
5972N,59.0,-72.0
5973N,59.0,-73.0
5974N,59.0,-74.0
5975N,59.0,-75.0
5976N,59.0,-76.0
5977N,59.0,-77.0
5978N,59.0,-78.0
5979N,59.0,-79.0
5980N,59.0,-80.0
5NM,67.055928,-50.450939
6000E,60.0,0.0
6000N,60.0,0.0
6001N,60.0,-1.0
6002N,60.0,-2.0
6003N,60.0,-3.0
6004N,60.0,-4.0
6005N,60.0,-5.0
6006N,60.0,-6.0
6007N,60.0,-7.0
6008N,60.0,-8.0
6009N,60.0,-9.0
6010N,60.0,-10.0
6011N,60.0,-11.0
6012N,60.0,-12.0
6013N,60.0,-13.0
6014N,60.0,-14.0
6015N,60.0,-15.0
6016N,60.0,-16.0
6017N,60.0,-17.0
6018N,60.0,-18.0
6019N,60.0,-19.0
6020N,60.0,-20.0
6021N,60.0,-21.0
6022N,60.0,-22.0
6023N,60.0,-23.0
6024N,60.0,-24.0
6025N,60.0,-25.0
6026N,60.0,-26.0
6027N,60.0,-27.0
6028N,60.0,-28.0
6029N,60.0,-29.0
6030N,60.0,-30.0
6031N,60.0,-31.0
6032N,60.0,-32.0
6033N,60.0,-33.0
6034N,60.0,-34.0
6035N,60.0,-35.0
6036N,60.0,-36.0
6037N,60.0,-37.0
6038N,60.0,-38.0
6039N,60.0,-39.0
6040N,60.0,-40.0
6041N,60.0,-41.0
6042N,60.0,-42.0
6043N,60.0,-43.0
6044N,60.0,-44.0
6045N,60.0,-45.0
6046N,60.0,-46.0
6047N,60.0,-47.0
6048N,60.0,-48.0
6049N,60.0,-49.0
6050N,60.0,-50.0
6051N,60.0,-51.0
6052N,60.0,-52.0
6053N,60.0,-53.0
6054N,60.0,-54.0
6055N,60.0,-55.0
6056N,60.0,-56.0
6057N,60.0,-57.0
6058N,60.0,-58.0
6059N,60.0,-59.0
6060N,60.0,-60.0
6061N,60.0,-61.0
6062N,60.0,-62.0
6063N,60.0,-63.0
6064N,60.0,-64.0
6065N,60.0,-65.0
6066N,60.0,-66.0
6067N,60.0,-67.0
6068N,60.0,-68.0
6069N,60.0,-69.0
6070N,60.0,-70.0
6071N,60.0,-71.0
6072N,60.0,-72.0
6073N,60.0,-73.0
6074N,60.0,-74.0
6075N,60.0,-75.0
6076N,60.0,-76.0
6077N,60.0,-77.0
6078N,60.0,-78.0
6079N,60.0,-79.0
6080N,60.0,-80.0
60DME,69.324025,-50.908528
60LOC,53.095014,-3.087742
60VOR,57.539281,-7.219092
6100E,61.0,0.0
6100N,61.0,0.0
6101N,61.0,-1.0
6102N,61.0,-2.0
6103N,61.0,-3.0
6104N,61.0,-4.0
6105N,61.0,-5.0
6106N,61.0,-6.0
6107N,61.0,-7.0
6108N,61.0,-8.0
6109N,61.0,-9.0
6110N,61.0,-10.0
6111N,61.0,-11.0
6112N,61.0,-12.0
6113N,61.0,-13.0
6114N,61.0,-14.0
6115N,61.0,-15.0
6116N,61.0,-16.0
6117N,61.0,-17.0
6118N,61.0,-18.0
6119N,61.0,-19.0
6120N,61.0,-20.0
6121N,61.0,-21.0
6122N,61.0,-22.0
6123N,61.0,-23.0
6124N,61.0,-24.0
6125N,61.0,-25.0
6126N,61.0,-26.0
6127N,61.0,-27.0
6128N,61.0,-28.0
6129N,61.0,-29.0
6130N,61.0,-30.0
6131N,61.0,-31.0
6132N,61.0,-32.0
6133N,61.0,-33.0
6134N,61.0,-34.0
6135N,61.0,-35.0
6136N,61.0,-36.0
6137N,61.0,-37.0
6138N,61.0,-38.0
6139N,61.0,-39.0
6140N,61.0,-40.0
6141N,61.0,-41.0
6142N,61.0,-42.0
6143N,61.0,-43.0
6144N,61.0,-44.0
6145N,61.0,-45.0
6146N,61.0,-46.0
6147N,61.0,-47.0
6148N,61.0,-48.0
6149N,61.0,-49.0
6150N,61.0,-50.0
6151N,61.0,-51.0
6152N,61.0,-52.0
6153N,61.0,-53.0
6154N,61.0,-54.0
6155N,61.0,-55.0
6156N,61.0,-56.0
6157N,61.0,-57.0
6158N,61.0,-58.0
6159N,61.0,-59.0
6160N,61.0,-60.0
6161N,61.0,-61.0
6162N,61.0,-62.0
6163N,61.0,-63.0
6164N,61.0,-64.0
6165N,61.0,-65.0
6166N,61.0,-66.0
6167N,61.0,-67.0
6168N,61.0,-68.0
6169N,61.0,-69.0
6170N,61.0,-70.0
6171N,61.0,-71.0
6172N,61.0,-72.0
6173N,61.0,-73.0
6174N,61.0,-74.0
6175N,61.0,-75.0
6176N,61.0,-76.0
6177N,61.0,-77.0
6178N,61.0,-78.0
6179N,61.0,-79.0
6180N,61.0,-80.0
61LOC,49.113681,-0.321808
61YCY,73.148333,-68.681389
6200E,62.0,0.0
6200N,62.0,0.0
6201N,62.0,-1.0
6202N,62.0,-2.0
6203N,62.0,-3.0
6204N,62.0,-4.0
6205N,62.0,-5.0
6206N,62.0,-6.0
6207N,62.0,-7.0
6208N,62.0,-8.0
6209N,62.0,-9.0
6210N,62.0,-10.0
6211N,62.0,-11.0
6212N,62.0,-12.0
6213N,62.0,-13.0
6214N,62.0,-14.0
6215N,62.0,-15.0
6216N,62.0,-16.0
6217N,62.0,-17.0
6218N,62.0,-18.0
6219N,62.0,-19.0
6220N,62.0,-20.0
6221N,62.0,-21.0
6222N,62.0,-22.0
6223N,62.0,-23.0
6224N,62.0,-24.0
6225N,62.0,-25.0
6226N,62.0,-26.0
6227N,62.0,-27.0
6228N,62.0,-28.0
6229N,62.0,-29.0
6230N,62.0,-30.0
6231N,62.0,-31.0
6232N,62.0,-32.0
6233N,62.0,-33.0
6234N,62.0,-34.0
6235N,62.0,-35.0
6236N,62.0,-36.0
6237N,62.0,-37.0
6238N,62.0,-38.0
6239N,62.0,-39.0
6240N,62.0,-40.0
6241N,62.0,-41.0
6242N,62.0,-42.0
6243N,62.0,-43.0
6244N,62.0,-44.0
6245N,62.0,-45.0
6246N,62.0,-46.0
6247N,62.0,-47.0
6248N,62.0,-48.0
6249N,62.0,-49.0
6250N,62.0,-50.0
6251N,62.0,-51.0
6252N,62.0,-52.0
6253N,62.0,-53.0
6254N,62.0,-54.0
6255N,62.0,-55.0
6256N,62.0,-56.0
6257N,62.0,-57.0
6258N,62.0,-58.0
6259N,62.0,-59.0
6260N,62.0,-60.0
6261N,62.0,-61.0
6262N,62.0,-62.0
6263N,62.0,-63.0
6264N,62.0,-64.0
6265N,62.0,-65.0
6266N,62.0,-66.0
6267N,62.0,-67.0
6268N,62.0,-68.0
6269N,62.0,-69.0
6270N,62.0,-70.0
6271N,62.0,-71.0
6272N,62.0,-72.0
6273N,62.0,-73.0
6274N,62.0,-74.0
6275N,62.0,-75.0
6276N,62.0,-76.0
6277N,62.0,-77.0
6278N,62.0,-78.0
6279N,62.0,-79.0
6280N,62.0,-80.0
62DME,57.538883,-7.2198
62LOC,47.051989,-1.687633
6300E,63.0,0.0
6300N,63.0,0.0
6301N,63.0,-1.0
6302N,63.0,-2.0
6303N,63.0,-3.0
6304N,63.0,-4.0
6305N,63.0,-5.0
6306N,63.0,-6.0
6307N,63.0,-7.0
6308N,63.0,-8.0
6309N,63.0,-9.0
6310N,63.0,-10.0
6311N,63.0,-11.0
6312N,63.0,-12.0
6313N,63.0,-13.0
6314N,63.0,-14.0
6315N,63.0,-15.0
6316N,63.0,-16.0
6317N,63.0,-17.0
6318N,63.0,-18.0
6319N,63.0,-19.0
6320N,63.0,-20.0
6321N,63.0,-21.0
6322N,63.0,-22.0
6323N,63.0,-23.0
6324N,63.0,-24.0
6325N,63.0,-25.0
6326N,63.0,-26.0
6327N,63.0,-27.0
6328N,63.0,-28.0
6329N,63.0,-29.0
6330N,63.0,-30.0
6331N,63.0,-31.0
6332N,63.0,-32.0
6333N,63.0,-33.0
6334N,63.0,-34.0
6335N,63.0,-35.0
6336N,63.0,-36.0
6337N,63.0,-37.0
6338N,63.0,-38.0
6339N,63.0,-39.0
6340N,63.0,-40.0
6341N,63.0,-41.0
6342N,63.0,-42.0
6343N,63.0,-43.0
6344N,63.0,-44.0
6345N,63.0,-45.0
6346N,63.0,-46.0
6347N,63.0,-47.0
6348N,63.0,-48.0
6349N,63.0,-49.0
6350N,63.0,-50.0
6351N,63.0,-51.0
6352N,63.0,-52.0
6353N,63.0,-53.0
6354N,63.0,-54.0
6355N,63.0,-55.0
6356N,63.0,-56.0
6357N,63.0,-57.0
6358N,63.0,-58.0
6359N,63.0,-59.0
6360N,63.0,-60.0
6361N,63.0,-61.0
6362N,63.0,-62.0
6363N,63.0,-63.0
6364N,63.0,-64.0
6365N,63.0,-65.0
6366N,63.0,-66.0
6367N,63.0,-67.0
6368N,63.0,-68.0
6369N,63.0,-69.0
6370N,63.0,-70.0
6371N,63.0,-71.0
6372N,63.0,-72.0
6373N,63.0,-73.0
6374N,63.0,-74.0
6375N,63.0,-75.0
6376N,63.0,-76.0
6377N,63.0,-77.0
6378N,63.0,-78.0
6379N,63.0,-79.0
6380N,63.0,-80.0
63VOR,43.263083,-2.793078
6400E,64.0,0.0
6400N,64.0,0.0
6401N,64.0,-1.0
6402N,64.0,-2.0
6403N,64.0,-3.0
6404N,64.0,-4.0
6405N,64.0,-5.0
6406N,64.0,-6.0
6407N,64.0,-7.0
6408N,64.0,-8.0
6409N,64.0,-9.0
6410N,64.0,-10.0
6411N,64.0,-11.0
6412N,64.0,-12.0
6413N,64.0,-13.0
6414N,64.0,-14.0
6415N,64.0,-15.0
6416N,64.0,-16.0
6417N,64.0,-17.0
6418N,64.0,-18.0
6419N,64.0,-19.0
6420N,64.0,-20.0
6421N,64.0,-21.0
6422N,64.0,-22.0
6423N,64.0,-23.0
6424N,64.0,-24.0
6425N,64.0,-25.0
6426N,64.0,-26.0
6427N,64.0,-27.0
6428N,64.0,-28.0
6429N,64.0,-29.0
6430N,64.0,-30.0
6431N,64.0,-31.0
6432N,64.0,-32.0
6433N,64.0,-33.0
6434N,64.0,-34.0
6435N,64.0,-35.0
6436N,64.0,-36.0
6437N,64.0,-37.0
6438N,64.0,-38.0
6439N,64.0,-39.0
6440N,64.0,-40.0
6441N,64.0,-41.0
6442N,64.0,-42.0
6443N,64.0,-43.0
6444N,64.0,-44.0
6445N,64.0,-45.0
6446N,64.0,-46.0
6447N,64.0,-47.0
6448N,64.0,-48.0
6449N,64.0,-49.0
6450N,64.0,-50.0
6451N,64.0,-51.0
6452N,64.0,-52.0
6453N,64.0,-53.0
6454N,64.0,-54.0
6455N,64.0,-55.0
6456N,64.0,-56.0
6457N,64.0,-57.0
6458N,64.0,-58.0
6459N,64.0,-59.0
6460N,64.0,-60.0
6461N,64.0,-61.0
6462N,64.0,-62.0
6463N,64.0,-63.0
6464N,64.0,-64.0
6465N,64.0,-65.0
6466N,64.0,-66.0
6467N,64.0,-67.0
6468N,64.0,-68.0
6469N,64.0,-69.0
6470N,64.0,-70.0
6471N,64.0,-71.0
6472N,64.0,-72.0
6473N,64.0,-73.0
6474N,64.0,-74.0
6475N,64.0,-75.0
6476N,64.0,-76.0
6477N,64.0,-77.0
6478N,64.0,-78.0
6479N,64.0,-79.0
6480N,64.0,-80.0
64LOC,35.670186,-0.484878
6500E,65.0,0.0
6500N,65.0,0.0
6501N,65.0,-1.0
6502N,65.0,-2.0
6503N,65.0,-3.0
6504N,65.0,-4.0
6505N,65.0,-5.0
6506N,65.0,-6.0
6507N,65.0,-7.0
6508N,65.0,-8.0
6509N,65.0,-9.0
6510N,65.0,-10.0
6511N,65.0,-11.0
6512N,65.0,-12.0
6513N,65.0,-13.0
6514N,65.0,-14.0
6515N,65.0,-15.0
6516N,65.0,-16.0
6517N,65.0,-17.0
6518N,65.0,-18.0
6519N,65.0,-19.0
6520N,65.0,-20.0
6521N,65.0,-21.0
6522N,65.0,-22.0
6523N,65.0,-23.0
6524N,65.0,-24.0
6525N,65.0,-25.0
6526N,65.0,-26.0
6527N,65.0,-27.0
6528N,65.0,-28.0
6529N,65.0,-29.0
6530N,65.0,-30.0
6531N,65.0,-31.0
6532N,65.0,-32.0
6533N,65.0,-33.0
6534N,65.0,-34.0
6535N,65.0,-35.0
6536N,65.0,-36.0
6537N,65.0,-37.0
6538N,65.0,-38.0
6539N,65.0,-39.0
6540N,65.0,-40.0
6541N,65.0,-41.0
6542N,65.0,-42.0
6543N,65.0,-43.0
6544N,65.0,-44.0
6545N,65.0,-45.0
6546N,65.0,-46.0
6547N,65.0,-47.0
6548N,65.0,-48.0
6549N,65.0,-49.0
6550N,65.0,-50.0
6551N,65.0,-51.0
6552N,65.0,-52.0
6553N,65.0,-53.0
6554N,65.0,-54.0
6555N,65.0,-55.0
6556N,65.0,-56.0
6557N,65.0,-57.0
6558N,65.0,-58.0
6559N,65.0,-59.0
6560N,65.0,-60.0
6561N,65.0,-61.0
6562N,65.0,-62.0
6563N,65.0,-63.0
6564N,65.0,-64.0
6565N,65.0,-65.0
6566N,65.0,-66.0
6567N,65.0,-67.0
6568N,65.0,-68.0
6569N,65.0,-69.0
6570N,65.0,-70.0
6571N,65.0,-71.0
6572N,65.0,-72.0
6573N,65.0,-73.0
6574N,65.0,-74.0
6575N,65.0,-75.0
6576N,65.0,-76.0
6577N,65.0,-77.0
6578N,65.0,-78.0
6579N,65.0,-79.0
6580N,65.0,-80.0
6600E,66.0,0.0
6600N,66.0,0.0
6601N,66.0,-1.0
6602N,66.0,-2.0
6603N,66.0,-3.0
6604N,66.0,-4.0
6605N,66.0,-5.0
6606N,66.0,-6.0
6607N,66.0,-7.0
6608N,66.0,-8.0
6609N,66.0,-9.0
6610N,66.0,-10.0
6611N,66.0,-11.0
6612N,66.0,-12.0
6613N,66.0,-13.0
6614N,66.0,-14.0
6615N,66.0,-15.0
6616N,66.0,-16.0
6617N,66.0,-17.0
6618N,66.0,-18.0
6619N,66.0,-19.0
6620N,66.0,-20.0
6621N,66.0,-21.0
6622N,66.0,-22.0
6623N,66.0,-23.0
6624N,66.0,-24.0
6625N,66.0,-25.0
6626N,66.0,-26.0
6627N,66.0,-27.0
6628N,66.0,-28.0
6629N,66.0,-29.0
6630N,66.0,-30.0
6631N,66.0,-31.0
6632N,66.0,-32.0
6633N,66.0,-33.0
6634N,66.0,-34.0
6635N,66.0,-35.0
6636N,66.0,-36.0
6637N,66.0,-37.0
6638N,66.0,-38.0
6639N,66.0,-39.0
6640N,66.0,-40.0
6641N,66.0,-41.0
6642N,66.0,-42.0
6643N,66.0,-43.0
6644N,66.0,-44.0
6645N,66.0,-45.0
6646N,66.0,-46.0
6647N,66.0,-47.0
6648N,66.0,-48.0
6649N,66.0,-49.0
6650N,66.0,-50.0
6651N,66.0,-51.0
6652N,66.0,-52.0
6653N,66.0,-53.0
6654N,66.0,-54.0
6655N,66.0,-55.0
6656N,66.0,-56.0
6657N,66.0,-57.0
6658N,66.0,-58.0
6659N,66.0,-59.0
6660N,66.0,-60.0
6661N,66.0,-61.0
6662N,66.0,-62.0
6663N,66.0,-63.0
6664N,66.0,-64.0
6665N,66.0,-65.0
6666N,66.0,-66.0
6667N,66.0,-67.0
6668N,66.0,-68.0
6669N,66.0,-69.0
6670N,66.0,-70.0
6671N,66.0,-71.0
6672N,66.0,-72.0
6673N,66.0,-73.0
6674N,66.0,-74.0
6675N,66.0,-75.0
6676N,66.0,-76.0
6677N,66.0,-77.0
6678N,66.0,-78.0
6679N,66.0,-79.0
6680N,66.0,-80.0
66VOR,35.71195,-5.786917
6700E,67.0,0.0
6700N,67.0,0.0
6701N,67.0,-1.0
6702N,67.0,-2.0
6703N,67.0,-3.0
6704N,67.0,-4.0
6705N,67.0,-5.0
6706N,67.0,-6.0
6707N,67.0,-7.0
6708N,67.0,-8.0
6709N,67.0,-9.0
6710N,67.0,-10.0
6711N,67.0,-11.0
6712N,67.0,-12.0
6713N,67.0,-13.0
6714N,67.0,-14.0
6715N,67.0,-15.0
6716N,67.0,-16.0
6717N,67.0,-17.0
6718N,67.0,-18.0
6719N,67.0,-19.0
6720N,67.0,-20.0
6721N,67.0,-21.0
6722N,67.0,-22.0
6723N,67.0,-23.0
6724N,67.0,-24.0
6725N,67.0,-25.0
6726N,67.0,-26.0
6727N,67.0,-27.0
6728N,67.0,-28.0
6729N,67.0,-29.0
6730N,67.0,-30.0
6731N,67.0,-31.0
6732N,67.0,-32.0
6733N,67.0,-33.0
6734N,67.0,-34.0
6735N,67.0,-35.0
6736N,67.0,-36.0
6737N,67.0,-37.0
6738N,67.0,-38.0
6739N,67.0,-39.0
6740N,67.0,-40.0
6741N,67.0,-41.0
6742N,67.0,-42.0
6743N,67.0,-43.0
6744N,67.0,-44.0
6745N,67.0,-45.0
6746N,67.0,-46.0
6747N,67.0,-47.0
6748N,67.0,-48.0
6749N,67.0,-49.0
6750N,67.0,-50.0
6751N,67.0,-51.0
6752N,67.0,-52.0
6753N,67.0,-53.0
6754N,67.0,-54.0
6755N,67.0,-55.0
6756N,67.0,-56.0
6757N,67.0,-57.0
6758N,67.0,-58.0
6759N,67.0,-59.0
6760N,67.0,-60.0
6761N,67.0,-61.0
6762N,67.0,-62.0
6763N,67.0,-63.0
6764N,67.0,-64.0
6765N,67.0,-65.0
6766N,67.0,-66.0
6767N,67.0,-67.0
6768N,67.0,-68.0
6769N,67.0,-69.0
6770N,67.0,-70.0
6771N,67.0,-71.0
6772N,67.0,-72.0
6773N,67.0,-73.0
6774N,67.0,-74.0
6775N,67.0,-75.0
6776N,67.0,-76.0
6777N,67.0,-77.0
6778N,67.0,-78.0
6779N,67.0,-79.0
6780N,67.0,-80.0
67THR,36.758672,-4.616572
6800E,68.0,0.0
6800N,68.0,0.0
6801N,68.0,-1.0
6802N,68.0,-2.0
6803N,68.0,-3.0
6804N,68.0,-4.0
6805N,68.0,-5.0
6806N,68.0,-6.0
6807N,68.0,-7.0
6808N,68.0,-8.0
6809N,68.0,-9.0
6810N,68.0,-10.0
6811N,68.0,-11.0
6812N,68.0,-12.0
6813N,68.0,-13.0
6814N,68.0,-14.0
6815N,68.0,-15.0
6816N,68.0,-16.0
6817N,68.0,-17.0
6818N,68.0,-18.0
6819N,68.0,-19.0
6820N,68.0,-20.0
6821N,68.0,-21.0
6822N,68.0,-22.0
6823N,68.0,-23.0
6824N,68.0,-24.0
6825N,68.0,-25.0
6826N,68.0,-26.0
6827N,68.0,-27.0
6828N,68.0,-28.0
6829N,68.0,-29.0
6830N,68.0,-30.0
6831N,68.0,-31.0
6832N,68.0,-32.0
6833N,68.0,-33.0
6834N,68.0,-34.0
6835N,68.0,-35.0
6836N,68.0,-36.0
6837N,68.0,-37.0
6838N,68.0,-38.0
6839N,68.0,-39.0
6840N,68.0,-40.0
6841N,68.0,-41.0
6842N,68.0,-42.0
6843N,68.0,-43.0
6844N,68.0,-44.0
6845N,68.0,-45.0
6846N,68.0,-46.0
6847N,68.0,-47.0
6848N,68.0,-48.0
6849N,68.0,-49.0
6850N,68.0,-50.0
6851N,68.0,-51.0
6852N,68.0,-52.0
6853N,68.0,-53.0
6854N,68.0,-54.0
6855N,68.0,-55.0
6856N,68.0,-56.0
6857N,68.0,-57.0
6858N,68.0,-58.0
6859N,68.0,-59.0
6860N,68.0,-60.0
6861N,68.0,-61.0
6862N,68.0,-62.0
6863N,68.0,-63.0
6864N,68.0,-64.0
6865N,68.0,-65.0
6866N,68.0,-66.0
6867N,68.0,-67.0
6868N,68.0,-68.0
6869N,68.0,-69.0
6870N,68.0,-70.0
6871N,68.0,-71.0
6872N,68.0,-72.0
6873N,68.0,-73.0
6874N,68.0,-74.0
6875N,68.0,-75.0
6876N,68.0,-76.0
6877N,68.0,-77.0
6878N,68.0,-78.0
6879N,68.0,-79.0
6880N,68.0,-80.0
6900E,69.0,0.0
6900N,69.0,0.0
6901N,69.0,-1.0
6902N,69.0,-2.0
6903N,69.0,-3.0
6904N,69.0,-4.0
6905N,69.0,-5.0
6906N,69.0,-6.0
6907N,69.0,-7.0
6908N,69.0,-8.0
6909N,69.0,-9.0
6910N,69.0,-10.0
6911N,69.0,-11.0
6912N,69.0,-12.0
6913N,69.0,-13.0
6914N,69.0,-14.0
6915N,69.0,-15.0
6916N,69.0,-16.0
6917N,69.0,-17.0
6918N,69.0,-18.0
6919N,69.0,-19.0
6920N,69.0,-20.0
6921N,69.0,-21.0
6922N,69.5,-22.666667
6923N,69.0,-23.0
6924N,69.0,-24.0
6925N,69.0,-25.0
6926N,69.0,-26.0
6927N,69.0,-27.0
6928N,69.0,-28.0
6929N,69.0,-29.0
6930N,69.0,-30.0
6931N,69.0,-31.0
6932N,69.0,-32.0
6933N,69.0,-33.0
6934N,69.0,-34.0
6935N,69.0,-35.0
6936N,69.0,-36.0
6937N,69.0,-37.0
6938N,69.0,-38.0
6939N,69.0,-39.0
6940N,69.0,-40.0
6941N,69.0,-41.0
6942N,69.0,-42.0
6943N,69.0,-43.0
6944N,69.0,-44.0
6945N,69.0,-45.0
6946N,69.0,-46.0
6947N,69.0,-47.0
6948N,69.0,-48.0
6949N,69.0,-49.0
6950N,69.0,-50.0
6951N,69.0,-51.0
6952N,69.0,-52.0
6953N,69.0,-53.0
6954N,69.0,-54.0
6955N,69.0,-55.0
6956N,69.0,-56.0
6957N,69.0,-57.0
6958N,69.0,-58.0
6959N,69.0,-59.0
6960N,69.0,-60.0
6961N,69.0,-61.0
6962N,69.0,-62.0
6963N,69.0,-63.0
6964N,69.0,-64.0
6965N,69.0,-65.0
6966N,69.0,-66.0
6967N,69.0,-67.0
6968N,69.0,-68.0
6969N,69.0,-69.0
6970N,69.0,-70.0
6971N,69.0,-71.0
6972N,69.0,-72.0
6973N,69.0,-73.0
6974N,69.0,-74.0
6975N,69.0,-75.0
6976N,69.0,-76.0
6977N,69.0,-77.0
6978N,69.0,-78.0
6979N,69.0,-79.0
6980N,69.0,-80.0
7000E,70.0,0.0
7000N,70.0,0.0
7001N,70.0,-1.0
7002N,70.0,-2.0
7003N,70.0,-3.0
7004N,70.0,-4.0
7005N,70.0,-5.0
7006N,70.0,-6.0
7007N,70.0,-7.0
7008N,70.0,-8.0
7009N,70.0,-9.0
7010N,70.0,-10.0
7011N,70.0,-11.0
7012N,70.0,-12.0
7013N,70.0,-13.0
7014N,70.0,-14.0
7015N,70.0,-15.0
7016N,70.0,-16.0
7017N,70.0,-17.0
7018N,70.0,-18.0
7019N,70.0,-19.0
7020N,70.0,-20.0
7021N,70.0,-21.0
7022N,70.0,-22.0
7023N,70.0,-23.0
7024N,70.0,-24.0
7025N,70.0,-25.0
7026N,70.0,-26.0
7027N,70.0,-27.0
7028N,70.0,-28.0
7029N,70.0,-29.0
7030N,70.0,-30.0
7031N,70.0,-31.0
7032N,70.0,-32.0
7033N,70.0,-33.0
7034N,70.0,-34.0
7035N,70.0,-35.0
7036N,70.0,-36.0
7037N,70.0,-37.0
7038N,70.0,-38.0
7039N,70.0,-39.0
7040N,70.0,-40.0
7041N,70.0,-41.0
7042N,70.0,-42.0
7043N,70.0,-43.0
7044N,70.0,-44.0
7045N,70.0,-45.0
7046N,70.0,-46.0
7047N,70.0,-47.0
7048N,70.0,-48.0
7049N,70.0,-49.0
7050N,70.0,-50.0
7051N,70.0,-51.0
7052N,70.0,-52.0
7053N,70.0,-53.0
7054N,70.0,-54.0
7055N,70.0,-55.0
7056N,70.0,-56.0
7057N,70.0,-57.0
7058N,70.0,-58.0
7059N,70.0,-59.0
7060N,70.0,-60.0
7061N,70.0,-61.0
7062N,70.0,-62.0
7063N,70.0,-63.0
7064N,70.0,-64.0
7065N,70.0,-65.0
7066N,70.0,-66.0
7067N,70.0,-67.0
7068N,70.0,-68.0
7069N,70.0,-69.0
7070N,70.0,-70.0
7071N,70.0,-71.0
7072N,70.0,-72.0
7073N,70.0,-73.0
7074N,70.0,-74.0
7075N,70.0,-75.0
7076N,70.0,-76.0
7077N,70.0,-77.0
7078N,70.0,-78.0
7079N,70.0,-79.0
7080N,70.0,-80.0
70DME,69.337597,-50.881461
70LOC,65.533942,-18.11585
70VOR,40.913536,-5.528925
7100E,71.0,0.0
7100N,71.0,0.0
7101N,71.0,-1.0
7102N,71.0,-2.0
7103N,71.0,-3.0
7104N,71.0,-4.0
7105N,71.0,-5.0
7106N,71.0,-6.0
7107N,71.0,-7.0
7108N,71.0,-8.0
7109N,71.0,-9.0
7110N,71.0,-10.0
7111N,71.0,-11.0
7112N,71.0,-12.0
7113N,71.0,-13.0
7114N,71.0,-14.0
7115N,71.0,-15.0
7116N,71.0,-16.0
7117N,71.0,-17.0
7118N,71.0,-18.0
7119N,71.0,-19.0
7120N,71.0,-20.0
7121N,71.0,-21.0
7122N,71.0,-22.0
7123N,71.0,-23.0
7124N,71.0,-24.0
7125N,71.0,-25.0
7126N,71.0,-26.0
7127N,71.0,-27.0
7128N,71.0,-28.0
7129N,71.0,-29.0
7130N,71.0,-30.0
7131N,71.0,-31.0
7132N,71.0,-32.0
7133N,71.0,-33.0
7134N,71.0,-34.0
7135N,71.0,-35.0
7136N,71.0,-36.0
7137N,71.0,-37.0
7138N,71.0,-38.0
7139N,71.0,-39.0
7140N,71.0,-40.0
7141N,71.0,-41.0
7142N,71.0,-42.0
7143N,71.0,-43.0
7144N,71.0,-44.0
7145N,71.0,-45.0
7146N,71.0,-46.0
7147N,71.0,-47.0
7148N,71.0,-48.0
7149N,71.0,-49.0
7150N,71.0,-50.0
7151N,71.0,-51.0
7152N,71.0,-52.0
7153N,71.0,-53.0
7154N,71.0,-54.0
7155N,71.0,-55.0
7156N,71.0,-56.0
7157N,71.0,-57.0
7158N,71.0,-58.0
7159N,71.0,-59.0
7160N,71.0,-60.0
7161N,71.0,-61.0
7162N,71.0,-62.0
7163N,71.0,-63.0
7164N,71.0,-64.0
7165N,71.0,-65.0
7166N,71.0,-66.0
7167N,71.0,-67.0
7168N,71.0,-68.0
7169N,71.0,-69.0
7170N,71.0,-70.0
7171N,71.0,-71.0
7172N,71.0,-72.0
7173N,71.0,-73.0
7174N,71.0,-74.0
7175N,71.0,-75.0
7176N,71.0,-76.0
7177N,71.0,-77.0
7178N,71.0,-78.0
7179N,71.0,-79.0
7180N,71.0,-80.0
71VOR,36.757986,-4.6161
7200E,72.0,0.0
7200N,72.0,0.0
7201N,72.0,-1.0
7202N,72.0,-2.0
7203N,72.0,-3.0
7204N,72.0,-4.0
7205N,72.0,-5.0
7206N,72.0,-6.0
7207N,72.0,-7.0
7208N,72.0,-8.0
7209N,72.0,-9.0
7210N,72.0,-10.0
7211N,72.0,-11.0
7212N,72.0,-12.0
7213N,72.0,-13.0
7214N,72.0,-14.0
7215N,72.0,-15.0
7216N,72.0,-16.0
7217N,72.0,-17.0
7218N,72.0,-18.0
7219N,72.0,-19.0
7220N,72.0,-20.0
7221N,72.0,-21.0
7222N,72.0,-22.0
7223N,72.0,-23.0
7224N,72.0,-24.0
7225N,72.0,-25.0
7226N,72.0,-26.0
7227N,72.0,-27.0
7228N,72.0,-28.0
7229N,72.0,-29.0
7230N,72.0,-30.0
7231N,72.0,-31.0
7232N,72.0,-32.0
7233N,72.0,-33.0
7234N,72.0,-34.0
7235N,72.0,-35.0
7236N,72.0,-36.0
7237N,72.0,-37.0
7238N,72.0,-38.0
7239N,72.0,-39.0
7240N,72.0,-40.0
7241N,72.0,-41.0
7242N,72.0,-42.0
7243N,72.0,-43.0
7244N,72.0,-44.0
7245N,72.0,-45.0
7246N,72.0,-46.0
7247N,72.0,-47.0
7248N,72.0,-48.0
7249N,72.0,-49.0
7250N,72.0,-50.0
7251N,72.0,-51.0
7252N,72.0,-52.0
7253N,72.0,-53.0
7254N,72.0,-54.0
7255N,72.0,-55.0
7256N,72.0,-56.0
7257N,72.0,-57.0
7258N,72.0,-58.0
7259N,72.0,-59.0
7260N,72.0,-60.0
7261N,72.0,-61.0
7262N,72.0,-62.0
7263N,72.0,-63.0
7264N,72.0,-64.0
7265N,72.0,-65.0
7266N,72.0,-66.0
7267N,72.0,-67.0
7268N,72.0,-68.0
7269N,72.0,-69.0
7270N,72.0,-70.0
7271N,72.0,-71.0
7272N,72.0,-72.0
7273N,72.0,-73.0
7274N,72.0,-74.0
7275N,72.0,-75.0
7276N,72.0,-76.0
7277N,72.0,-77.0
7278N,72.0,-78.0
7279N,72.0,-79.0
7280N,72.0,-80.0
72LOC,53.28755,-60.487275
7300E,73.0,0.0
7300N,73.0,0.0
7301N,73.0,-1.0
7302N,73.0,-2.0
7303N,73.0,-3.0
7304N,73.0,-4.0
7305N,73.0,-5.0
7306N,73.0,-6.0
7307N,73.0,-7.0
7308N,73.0,-8.0
7309N,73.0,-9.0
7310N,73.0,-10.0
7311N,73.0,-11.0
7312N,73.0,-12.0
7313N,73.0,-13.0
7314N,73.0,-14.0
7315N,73.0,-15.0
7316N,73.0,-16.0
7317N,73.0,-17.0
7318N,73.0,-18.0
7319N,73.0,-19.0
7320N,73.0,-20.0
7321N,73.0,-21.0
7322N,73.0,-22.0
7323N,73.0,-23.0
7324N,73.0,-24.0
7325N,73.0,-25.0
7326N,73.0,-26.0
7327N,73.0,-27.0
7328N,73.0,-28.0
7329N,73.0,-29.0
7330N,73.0,-30.0
7331N,73.0,-31.0
7332N,73.0,-32.0
7333N,73.0,-33.0
7334N,73.0,-34.0
7335N,73.0,-35.0
7336N,73.0,-36.0
7337N,73.0,-37.0
7338N,73.0,-38.0
7339N,73.0,-39.0
7340N,73.0,-40.0
7341N,73.0,-41.0
7342N,73.0,-42.0
7343N,73.0,-43.0
7344N,73.0,-44.0
7345N,73.0,-45.0
7346N,73.0,-46.0
7347N,73.0,-47.0
7348N,73.0,-48.0
7349N,73.0,-49.0
7350N,73.0,-50.0
7351N,73.0,-51.0
7352N,73.0,-52.0
7353N,73.0,-53.0
7354N,73.0,-54.0
7355N,73.0,-55.0
7356N,73.0,-56.0
7357N,73.0,-57.0
7358N,73.0,-58.0
7359N,73.0,-59.0
7360N,73.0,-60.0
7361N,73.0,-61.0
7362N,73.0,-62.0
7363N,73.0,-63.0
7364N,73.0,-64.0
7365N,73.0,-65.0
7366N,73.0,-66.0
7367N,73.0,-67.0
7368N,73.0,-68.0
7369N,73.0,-69.0
7370N,73.0,-70.0
7371N,73.0,-71.0
7372N,73.0,-72.0
7373N,73.0,-73.0
7374N,73.0,-74.0
7375N,73.0,-75.0
7376N,73.0,-76.0
7377N,73.0,-77.0
7378N,73.0,-78.0
7379N,73.0,-79.0
7380N,73.0,-80.0
7400E,74.0,0.0
7400N,74.0,0.0
7401N,74.0,-1.0
7402N,74.0,-2.0
7403N,74.0,-3.0
7404N,74.0,-4.0
7405N,74.0,-5.0
7406N,74.0,-6.0
7407N,74.0,-7.0
7408N,74.0,-8.0
7409N,74.0,-9.0
7410N,74.0,-10.0
7411N,74.0,-11.0
7412N,74.0,-12.0
7413N,74.0,-13.0
7414N,74.0,-14.0
7415N,74.0,-15.0
7416N,74.0,-16.0
7417N,74.0,-17.0
7418N,74.0,-18.0
7419N,74.0,-19.0
7420N,74.0,-20.0
7421N,74.0,-21.0
7422N,74.0,-22.0
7423N,74.0,-23.0
7424N,74.0,-24.0
7425N,74.0,-25.0
7426N,74.0,-26.0
7427N,74.0,-27.0
7428N,74.0,-28.0
7429N,74.0,-29.0
7430N,74.0,-30.0
7431N,74.0,-31.0
7432N,74.0,-32.0
7433N,74.0,-33.0
7434N,74.0,-34.0
7435N,74.0,-35.0
7436N,74.0,-36.0
7437N,74.0,-37.0
7438N,74.0,-38.0
7439N,74.0,-39.0
7440N,74.0,-40.0
7441N,74.0,-41.0
7442N,74.0,-42.0
7443N,74.0,-43.0
7444N,74.0,-44.0
7445N,74.0,-45.0
7446N,74.0,-46.0
7447N,74.0,-47.0
7448N,74.0,-48.0
7449N,74.0,-49.0
7450N,74.0,-50.0
7451N,74.0,-51.0
7452N,74.0,-52.0
7453N,74.0,-53.0
7454N,74.0,-54.0
7455N,74.0,-55.0
7456N,74.0,-56.0
7457N,74.0,-57.0
7458N,74.0,-58.0
7459N,74.0,-59.0
7460N,74.0,-60.0
7461N,74.0,-61.0
7462N,74.0,-62.0
7463N,74.0,-63.0
7464N,74.0,-64.0
7465N,74.0,-65.0
7466N,74.0,-66.0
7467N,74.0,-67.0
7468N,74.0,-68.0
7469N,74.0,-69.0
7470N,74.0,-70.0
7471N,74.0,-71.0
7472N,74.0,-72.0
7473N,74.0,-73.0
7474N,74.0,-74.0
7475N,74.0,-75.0
7476N,74.0,-76.0
7477N,74.0,-77.0
7478N,74.0,-78.0
7479N,74.0,-79.0
7480N,74.0,-80.0
7500E,75.0,0.0
7500N,75.0,0.0
7501N,75.0,-1.0
7502N,75.0,-2.0
7503N,75.0,-3.0
7504N,75.0,-4.0
7505N,75.0,-5.0
7506N,75.0,-6.0
7507N,75.0,-7.0
7508N,75.0,-8.0
7509N,75.0,-9.0
7510N,75.0,-10.0
7511N,75.0,-11.0
7512N,75.0,-12.0
7513N,75.0,-13.0
7514N,75.0,-14.0
7515N,75.0,-15.0
7516N,75.0,-16.0
7517N,75.0,-17.0
7518N,75.0,-18.0
7519N,75.0,-19.0
7520N,75.0,-20.0
7521N,75.0,-21.0
7522N,75.0,-22.0
7523N,75.0,-23.0
7524N,75.0,-24.0
7525N,75.0,-25.0
7526N,75.0,-26.0
7527N,75.0,-27.0
7528N,75.0,-28.0
7529N,75.0,-29.0
7530N,75.0,-30.0
7531N,75.0,-31.0
7532N,75.0,-32.0
7533N,75.0,-33.0
7534N,75.0,-34.0
7535N,75.0,-35.0
7536N,75.0,-36.0
7537N,75.0,-37.0
7538N,75.0,-38.0
7539N,75.0,-39.0
7540N,75.0,-40.0
7541N,75.0,-41.0
7542N,75.0,-42.0
7543N,75.0,-43.0
7544N,75.0,-44.0
7545N,75.0,-45.0
7546N,75.0,-46.0
7547N,75.0,-47.0
7548N,75.0,-48.0
7549N,75.0,-49.0
7550N,75.0,-50.0
7551N,75.0,-51.0
7552N,75.0,-52.0
7553N,75.0,-53.0
7554N,75.0,-54.0
7555N,75.0,-55.0
7556N,75.0,-56.0
7557N,75.0,-57.0
7558N,75.0,-58.0
7559N,75.0,-59.0
7560N,75.0,-60.0
7561N,75.0,-61.0
7562N,75.0,-62.0
7563N,75.0,-63.0
7564N,75.0,-64.0
7565N,75.0,-65.0
7566N,75.0,-66.0
7567N,75.0,-67.0
7568N,75.0,-68.0
7569N,75.0,-69.0
7570N,75.0,-70.0
7571N,75.0,-71.0
7572N,75.0,-72.0
7573N,75.0,-73.0
7574N,75.0,-74.0
7575N,75.0,-75.0
7576N,75.0,-76.0
7577N,75.0,-77.0
7578N,75.0,-78.0
7579N,75.0,-79.0
7580N,75.0,-80.0
79VOR,38.716033,-75.329608
7NM,65.154869,-14.878292
80DME,69.351167,-50.854358
80LOC,37.690011,-25.533464
80VO2,35.660403,-0.502228
80VOR,35.664728,-0.504361
90LOC,39.356136,-7.974456
90VOR,42.174297,-8.642689
94LOC,53.265572,-60.540111
95DME,36.821731,-2.456153
97TAC,53.220153,-60.6286
A1,35.897778,-6.717778
A2,35.902222,-5.631389
A3,36.051389,-5.295278
A4,35.938333,-4.788333
AA07F,54.602678,-6.41845
AA07I,54.581497,-6.496278
AAALL,42.120189,-71.141761
AADDY,39.1968,-76.973408
AAF11,68.704253,-53.015494
AAF29,68.741133,-52.526575
AAIRR,38.569092,-79.1435
AAMMO,35.106311,-79.759267
AANNN,37.596389,-77.226881
AARAN,47.751581,-52.913731
AAREN,36.511025,-78.957847
AARNN,36.378775,-78.017792
AASUM,43.666472,-70.232614
AAUDE,41.480556,-7.187778
AAVVA,37.607461,-77.396394
ABADU,46.903,-2.453361
ABAGU,52.503333,-7.646667
ABAMU,49.397194,-0.258139
ABANO,64.029625,-52.034808
ABAVI,51.476236,-0.751575
ABBEW,50.5033,-3.476011
ABCOT,50.2616,-60.731575
ABDED,56.387547,-3.398953
ABDOX,53.288028,-6.154667
ABETO,40.429722,-8.056389
ABETT,42.234853,-75.864167
ABETU,66.319378,-23.160619
ABEVI,54.7075,-2.774789
ABEXI,63.886611,-21.154361
ABFEZ,51.682639,-1.829708
ABGEP,53.427589,-4.861031
ABGOD,40.658333,-8.6175
ABIBA,72.0,-57.181111
ABIBI,51.107539,-0.481644
ABIDO,52.478806,-5.795583
ABIRO,35.804722,-6.289722
ABIVU,53.41825,-5.942083
ABIXI,46.53175,-2.332
ABKAT,54.148089,-1.979636
ABKIM,50.845278,-1.982778
ABKIY,44.772397,-73.053525
ABLAN,47.313611,-1.423611
ABLEG,40.722778,-8.431111
ABLIN,52.782739,-4.992606
ABLUC,53.799097,-4.512753
ABNEE,45.537592,-74.210219
ABOBA,38.456944,-7.918611
ABODA,35.413889,-7.833333
ABOSI,39.77925,-1.284583
ABOTI,48.449528,-1.903833
ABRAT,39.821667,-7.654167
ABRIL,40.396111,-8.580278
ABRIX,43.646389,-1.9625
ABRUX,59.907928,-0.822614
ABSAV,50.641372,-1.174736
ABSIE,46.583333,-0.458333
ABSUN,54.292278,-6.254928
ABTAR,65.854931,-20.932389
ABTOR,58.897883,-2.620219
ABUPI,41.751111,-7.236111
ABUVO,58.517867,-3.492906
ABUXA,38.033611,-7.633611
ABWIP,38.653889,-8.743889
ABWIV,51.880186,-3.009083
ACADN,44.666667,-64.0
ACAFO,42.765256,-75.519997
ACAVU,41.847889,-79.554542
ACAZE,41.473708,-74.366167
ACBAZ,51.744631,-3.037442
ACCAQ,51.864617,-3.843231
ACCOM,37.571325,-75.8013
ACCOP,51.928981,-3.382519
ACCOW,44.707394,-71.200806
ACDOF,52.579847,-0.655956
ACELA,41.438858,-72.780853
ACELO,39.374478,-78.286936
ACENO,35.317456,-78.856417
ACIDY,43.050217,-75.953697
ACIKI,39.683736,-79.924486
ACILI,37.461833,-77.444081
ACKEC,51.641167,-2.310342
ACKEX,41.523017,-73.986742
ACLIM,39.710894,-75.015983
ACOBI,38.923236,-78.233444
ACOCU,40.113692,-76.281711
ACOSA,38.608353,-79.054892
ACOTO,35.835731,-76.745633
ACOVE,42.234783,-74.031831
ACOYU,37.044669,-76.476111
ACROT,36.279858,-79.442258
ACROW,38.064425,-77.174717
ACTON,46.042725,-67.781014
ACTUP,38.703364,-75.186194
ACUHA,44.309069,-68.714306
ACUNO,36.856378,-76.236742
ACUSA,40.007344,-77.593297
ACUTE,35.60975,-79.064947
ACYOG,44.546889,-69.215244
ADACO,39.027547,-76.773592
ADARA,51.5,-15.0
ADARU,52.593833,-8.930944
ADASI,59.220878,-6.292075
ADAVA,65.523611,-51.2575
ADAXE,38.900725,-77.068117
ADBAR,63.65275,-22.940283
ADCOK,39.221206,-76.694878
ADDAM,38.123769,-75.921053
ADDDA,42.605625,-70.782072
ADDEK,38.672686,-77.407478
ADEEL,35.976369,-78.758872
ADEGE,35.368614,-79.028106
ADELU,53.4418,-1.536844
ADFIN,44.337186,-73.319772
ADGAP,62.808011,-69.471403
ADHAV,51.914689,-5.230142
ADHER,41.788694,-70.465233
ADICE,43.323806,-71.21865
ADIDI,48.721417,-2.10075
ADILE,44.483619,-69.0666
ADILI,35.966667,-9.572844
ADILU,46.124167,-0.839444
ADINO,40.017778,-6.373611
ADIUM,40.422917,-74.795669
ADJAX,41.623092,-73.680294
ADKIK,50.796811,-2.545961
ADKIM,35.833333,-6.028333
ADKUT,63.944286,-51.543711
ADLOG,50.323611,-0.825944
ADMEX,52.360889,-1.462447
ADMIX,61.026072,-45.929694
ADMUP,52.8,-6.233333
ADN25,56.97015,-2.706578
ADNAL,53.698306,-6.594861
ADNOV,41.518244,-8.753164
ADODO,58.5,-10.0
ADOLE,42.646136,-73.846625
ADORO,41.483056,-6.28
ADOVA,63.983719,-22.000056
ADOYU,39.145453,-75.463844
ADPOD,50.739544,-0.455914
ADRAN,41.160306,-79.526756
ADREK,49.146428,-57.677683
ADRET,46.115114,-64.411531
ADREX,43.534756,-79.800847
ADROX,44.346667,-8.814444
ADRRI,37.686039,-77.324311
ADRUD,49.170556,-6.448611
ADRUG,51.707222,-0.686111
ADRUR,56.460383,-61.725578
ADSAD,38.477958,-8.981186
ADSAK,51.342206,-56.336528
ADSAM,69.921111,-63.22
ADSED,43.845814,-79.848972
ADSET,47.405833,-3.1175
ADSIV,45.1725,-74.873944
ADSOB,47.588831,-72.808703
ADSOL,37.958739,-26.076656
ADSON,52.285686,-0.551253
ADSUR,50.688333,-73.251667
ADUBI,35.833333,-6.323889
ADURI,50.962878,-0.217442
ADUXO,40.512333,-2.064278
ADVAM,45.198769,-66.120089
ADVAT,45.0,-9.469722
ADVED,51.294444,-3.04105
ADVEG,48.345025,-71.143728
ADVEK,44.0085,-77.430333
ADVEM,45.515278,-73.058611
ADVIB,54.603508,-70.885406
ADVID,45.612589,-74.342939
ADVIG,52.300225,-78.512364
ADVIK,45.134444,-74.775833
ADVOB,51.957197,-65.770156
ADVUP,52.978603,-79.122889
AEVON,42.913172,-77.863925
AFBOV,53.449014,-4.131717
AFEMI,42.5425,-1.77
AFISK,40.741242,-74.081544
AFLAT,38.025414,-78.29445
AFMUG,37.197472,-76.011214
AFOPY,40.641881,-74.376958
AFPAC,65.793092,-18.821139
AFRED,43.651394,-73.406047
AFXAD,39.508117,-79.9989
AGACO,42.17945,-72.710544
AGADO,41.872889,-8.926694
AGANO,49.665,-2.0
AGAPY,48.428672,-71.013964
AGARD,39.043581,-76.069761
AGAWA,42.0266,-72.705297
AGBAD,55.702897,-6.58755
AGBEK,43.554011,-79.462533
AGBIG,71.375064,-79.594958
AGBIL,45.399561,-74.93225
AGBIX,60.052114,-77.287606
AGBOB,56.737108,-61.750017
AGBOK,44.238536,-76.565889
AGCAT,51.857983,-4.748561
AGDIM,54.913619,-59.782839
AGDOX,43.284272,-79.104447
AGDUV,61.651825,-73.486536
AGDUX,44.896678,-79.946825
AGENE,40.087761,-74.062161
AGFAR,44.024528,-70.224289
AGFUB,42.539797,-77.045236
AGIDO,37.195694,-2.626953
AGINI,53.155528,-8.579472
AGIWA,45.480042,-71.798944
AGLIL,53.578331,-3.453139
AGLOL,53.711325,-73.702964
AGLOW,37.419864,-79.191692
AGLUK,46.209444,-73.37
AGMAV,47.508269,-69.873172
AGMED,48.188156,-79.693483
AGMIR,45.228333,-61.955556
AGMUN,50.288975,-63.3014
AGNAG,45.596631,-73.748517
AGNEB,48.233419,-78.751217
AGNEG,51.256556,-58.669444
AGNEX,45.559619,-77.0864
AGNEZ,42.225753,-74.188542
AGNOB,44.200928,-77.501997
AGNUN,46.200572,-67.637614
AGOLE,35.759858,-78.448036
AGORI,57.0,-13.0
AGOTU,47.789722,-2.070556
AGOVY,40.018292,-78.39905
AGPED,55.121917,-1.949208
AGPEG,45.501056,-62.784011
AGUMI,65.054722,-52.545
AGUNE,38.108056,-72.833889
AGUYA,37.043244,-77.318211
AGWOD,52.554086,-0.794319
AGZAF,47.323408,-68.429553
AHAFY,37.989686,-79.753983
AHAYY,36.938611,-72.882778
AHHOT,47.247233,-68.195372
AHIZI,46.335928,-68.141853
AHLER,38.042253,-79.6438
AHOLA,46.060183,-67.846803
AHONE,37.484028,-78.071781
AHPAH,43.305278,-78.126419
AHRON,43.673364,-70.205589
AHTON,44.766503,-72.163608
AIMHI,36.274,-78.412753
AIMME,43.668311,-70.667044
AIRCO,43.210183,-78.4825
AIREZ,39.454722,-8.666111
AIRGD,37.932778,-79.768056
AIROW,37.246858,-79.229856
AJGON,39.927933,-73.889197
AJJAY,43.727931,-69.602283
AJKAV,35.134878,-78.668344
AJVIW,35.787103,-78.814603
AJYUF,35.790069,-78.813428
AKABO,41.32205,-8.700856
AKAVE,42.475797,-73.821389
AKAYU,43.980075,-73.407047
AKEHU,35.857564,-78.896008
AKELL,38.534508,-78.2955
AKELO,55.55895,-5.975178
AKEMO,47.139167,-3.0
AKEPO,43.315944,-0.138306
AKEXE,40.605119,-74.592117
AKHOM,43.555989,-72.409844
AKI,65.759811,-18.004114
AKIGO,53.841667,-7.934722
AKIJE,41.304425,-72.469233
AKIKI,49.591389,-1.416667
AKIVA,53.648889,-6.452667
AKIVO,59.964328,-9.5
AKMUY,45.260181,-67.659972
AKODA,55.362439,-4.828367
AKOKI,40.224444,-3.218611
AKOPE,41.871508,-70.663944
AKUDA,35.966667,-8.95
AKUDE,45.407128,-68.575792
AKUGE,43.73995,-72.469994
AKUKE,35.480917,-77.829572
AKULU,40.984044,-8.611819
AKUPA,52.486547,-1.091119
AKUYI,43.074044,-78.488758
AKYAK,47.070542,-68.081869
AL001,38.629722,-0.4075
AL05E,38.26525,-0.437472
AL10E,38.249611,-0.326667
AL400,38.388222,-0.228833
AL405,38.305944,-0.205361
AL410,38.146722,-0.248917
AL420,38.235694,-0.228806
AL430,38.288528,-0.603778
AL435,38.212806,-0.526
ALABE,40.777831,-73.484344
ALAGU,38.088611,-7.614444
ALAMA,39.223333,-8.55
ALASO,55.447286,-1.564914
ALAVA,53.395167,-3.971475
ALAVY,44.677944,-63.553517
ALBEK,39.777756,-74.907219
ALBIZ,43.212611,-2.631611
ALBOW,41.034456,-71.975192
ALCAL,37.25,-5.75
ALCOL,37.855917,-4.518833
ALDAN,62.980278,-18.763889
ALDEN,43.098658,-73.599817
ALEEX,38.983969,-77.158475
ALEPO,42.343667,-1.963333
ALETU,72.723275,-78.515214
ALFED,40.678436,-73.340481
ALFEN,41.240278,-8.495278
ALFFF,42.343681,-70.976892
ALGAL,40.668983,-79.853269
ALGTR,35.933353,-76.065986
ALGUR,43.596994,-79.136569
ALHAD,51.396319,-1.149489
ALHUP,52.712289,-2.941153
ALIDA,40.799614,-74.413719
ALIDO,45.740556,-75.679444
ALIEH,43.723025,-70.806356
ALINN,36.470847,-77.287725
ALIPU,48.417483,-64.459594
ALIRA,44.325333,-77.185
ALISU,47.686947,-68.59595
ALIXO,43.850911,-78.963867
ALIXX,41.181347,-73.393025
ALIZA,36.56,-5.02
ALJAQ,37.623944,-4.991083
ALKAR,48.477214,-71.53645
ALKEG,43.790278,-79.113889
ALKOB,51.480106,-64.024186
ALKOK,49.0,-77.383333
ALKOV,51.416342,-79.056911
ALKUD,51.667508,-65.785967
ALKUT,43.645,-79.229444
ALKUV,51.139617,-58.613706
ALKUX,45.026119,-65.149878
ALLAC,40.411208,-78.873206
ALLAH,39.725864,-78.4205
ALLDE,39.396389,-76.510997
ALLEX,44.416667,-67.0
ALLEY,41.698981,-71.397592
ALLJO,38.959578,-77.545933
ALLRY,50.5,-52.0
ALMAO,38.953333,-3.741389
ALMAT,39.363794,-75.066406
ALMAX,43.365767,-79.3945
ALMEB,43.711486,-79.685964
ALMED,47.749506,-53.074981
ALMEV,62.302192,-78.208075
ALMIB,52.616481,-66.828508
ALMOV,48.351756,-68.706689
ALNAL,45.966044,-66.496217
ALNAP,45.420125,-71.643961
ALNAR,44.260031,-76.605858
ALNIK,49.699969,-77.517278
ALNOV,45.528194,-73.648806
ALOGU,53.122106,-60.882283
ALONI,44.648333,-75.652778
ALORA,36.817639,-5.211889
ALORU,43.438511,-79.488639
ALOTY,41.877461,-70.375244
ALOVI,43.780144,-66.007422
ALPAT,45.376536,-75.781908
ALPHA,53.0635,-4.778667
ALPUL,46.365094,-74.791917
ALREB,48.035164,-66.602064
ALRER,53.374833,-60.509164
ALREX,63.824192,-68.706469
ALRUK,47.381478,-68.250083
ALSAK,64.0,-70.0
ALSET,45.610278,-74.5
ALSIW,40.930058,-74.053653
ALSOM,51.379153,-56.197103
ALSOP,56.866667,-62.166667
ALSUM,45.332431,-75.408031
ALT35,38.024169,-1.241883
ALT45,38.981178,-0.889958
ALT46,37.501289,-0.533289
ALT47,38.905314,-1.152653
ALT48,37.467772,-0.531697
ALTAK,49.166667,-71.5
ALTED,49.666794,-54.123025
ALTOK,55.884178,-61.051814
ALTON,51.151944,-0.966111
ALTOO,40.399961,-78.281478
ALTUG,46.652772,-67.18005
ALTUX,58.017103,-68.762892
ALUTA,49.005181,-7.498119
ALVAK,53.479406,-77.485211
ALVID,43.904722,-76.601111
ALVIK,53.374753,-60.299308
ALVOB,47.494139,-70.019178
ALVOV,46.388136,-67.606783
ALVUD,46.779742,-71.532092
ALVUG,53.557692,-56.036422
ALVUX,45.99235,-59.975261
ALWYZ,38.983517,-77.654594
ALXEA,37.784572,-77.286036
ALZUP,37.156389,-1.773056
AM07W,36.808083,-2.51575
AM08E,36.886667,-2.195361
AM11W,36.786278,-2.603917
AM13E,36.911194,-2.094528
AM370,36.8635,-2.290306
AM371,36.743778,-2.244833
AM380,36.825222,-2.44625
AM381,36.7055,-2.400806
AM401,36.877475,-2.233083
AM402,36.993528,-2.155139
AM410,36.752983,-2.185786
AM411,36.713842,-2.344372
AM501,36.810242,-2.506989
AM502,36.770519,-2.667397
AM503,36.736364,-2.804508
AM530,36.698517,-2.464575
AM531,36.742297,-2.2861
AM532,37.050419,-2.288264
AM601,37.126153,-2.294647
AM610,36.946436,-2.636358
AM611,37.068722,-2.417064
AM620,36.705067,-2.330464
AM701,36.688097,-2.786211
AM710,36.948231,-2.795747
AM711,36.868439,-2.765353
AMABI,64.102633,-52.568794
AMADE,40.390981,-74.268836
AMADU,43.699622,-79.567333
AMAGI,45.236622,-75.621197
AMAKA,43.528833,-5.320972
AMAMA,52.874261,-66.643664
AMARA,46.677161,-71.106814
AMATU,45.291028,-75.616867
AMBEL,41.770833,-1.714444
AMBEM,49.678503,-53.978322
AMBIE,40.820581,-76.668128
AMBIP,43.631181,-79.389156
AMBOM,48.037858,-65.353458
AMBRY,36.867558,-76.552231
AMCON,55.575317,-6.643739
AMDEP,51.566667,-11.216667
AMDIL,53.257028,-5.9815
AMEBU,43.884139,-66.163722
AMEEE,38.409542,-76.714028
AMERI,64.037556,-51.637894
AMFUL,51.479,-3.6226
AMGAR,42.555111,-3.253333
AMHOM,43.333111,-5.723694
AMHUH,42.791211,-76.770789
AMIBA,49.358747,-2.331775
AMIBU,38.726944,-4.049167
AMIDU,45.059844,-64.701356
AMIDY,40.439633,-74.957458
AMILI,60.025656,-70.004728
AMILU,43.875442,-79.307469
AMINI,66.516944,-50.395
AMISH,39.942533,-77.626147
AMITI,43.221111,-79.499722
AMIXI,37.478333,-25.51
AMIXU,45.912042,-66.394208
AMKIN,65.950081,-22.660667
AMKOX,63.783056,-51.521111
AMLAD,56.264547,-10.0
AMLET,53.268478,-1.838219
AMMAN,51.840542,-3.998333
AMOBI,45.277408,-75.750878
AMOGA,49.753958,-2.461286
AMOGU,53.831578,-72.727539
AMOKY,38.845225,-77.356811
AMONA,46.214508,-64.799689
AMOPO,48.773861,-3.232333
AMORE,41.345117,-73.589047
AMORT,35.848144,-78.817683
AMOTA,37.605556,-5.251667
AMOVI,48.756417,-78.980511
AMPIR,35.9375,-5.956389
AMPIT,53.194281,-3.192386
AMPOP,49.529911,-6.150792
AMPUR,43.323389,-3.430389
AMRTN,38.884519,-76.332653
AMRUR,51.293006,-3.017258
AMSEK,55.422458,-4.121003
AMSEL,35.966667,-7.883333
AMTAP,58.373711,-9.5
AMTOD,50.537692,-1.429017
AMUGU,49.08075,-2.056056
AMUKO,46.665722,-75.284194
AMUSA,52.877369,-66.8379
AMUVA,46.040833,-3.309167
AMUXE,44.3935,-68.996833
AMVEL,53.184156,-0.031989
AMWAB,51.769033,-4.026858
AMYEB,40.140267,-76.343617
ANABI,64.3,-30.0
ANABL,39.504439,-74.726144
ANAKU,44.449028,-62.813889
ANANA,39.0,-2.412861
ANASO,48.880189,-67.344658
ANATI,47.756478,-69.588686
ANAVA,39.899444,-25.408889
ANAYA,39.111125,-76.061039
ANCER,48.558333,-69.421667
ANCOL,43.243333,-79.917222
ANCOR,43.99775,-69.117528
ANCRR,39.031153,-76.728778
ANDEV,37.393889,-6.599722
ANDHW,39.842314,-75.3676
ANDRE,68.5025,-51.024167
ANDRU,43.902747,-70.782536
ANDRW,41.719428,-73.746242
ANECU,38.893831,-77.641617
ANEKU,42.524333,-1.842778
ANERA,45.661281,-66.748
ANERE,39.026894,-75.424217
ANGLA,49.703889,-2.020833
ANGLE,40.918583,-73.983911
ANGLO,49.928333,-0.455
ANICK,55.679328,-4.599697
ANIDI,53.474803,-60.084
ANIER,43.592967,-71.654619
ANIGU,47.536389,-0.531389
ANIJE,40.949008,-72.100972
ANJAK,52.897269,-2.992622
ANJIL,36.787719,-74.148867
ANLEV,48.693611,-3.05
ANMAR,40.266389,-75.325278
ANNAN,54.989722,-3.255833
ANNEI,41.286064,-73.2559
ANNET,49.651419,-4.001389
ANNGE,39.036219,-77.189397
ANNUL,38.937719,-75.477553
ANOPE,42.128128,-73.869617
ANORT,41.781228,-74.875344
ANORY,40.535175,-75.989767
ANSLY,41.923875,-70.971892
ANSYL,45.200178,-72.962653
ANSYN,44.746122,-70.002508
ANTEF,53.168739,-4.662639
ANTEG,45.867222,-73.400556
ANTHA,40.941103,-73.892964
ANTHM,39.446544,-77.363242
ANTIB,47.594706,-64.688883
ANTMN,40.108417,-73.734389
ANTNY,38.4279,-77.554931
ANTOV,45.427683,-71.023222
ANTUZ,53.411297,-4.313231
ANUDE,45.127519,-69.386294
ANVER,35.252028,-65.687792
ANVOG,53.428092,-60.192458
ANVOK,48.303422,-53.855981
ANVUB,45.384722,-66.436111
ANXEG,40.757861,-78.068286
ANYAB,38.710642,-77.509525
ANZAN,39.0,-3.221389
ANZAV,53.255628,-6.083997
AOG26,36.661786,-5.810786
AOG47,36.667972,-5.375833
APADU,37.296944,-5.295278
APARK,38.010139,-78.518069
APART,41.09115,-74.256053
APDAT,64.281033,-76.677811
APDOK,48.533667,-68.371333
APDOL,46.35535,-67.588528
APDUL,46.273889,-73.045556
APDUX,48.58625,-68.236314
APEER,39.625817,-75.840386
APEGE,40.525175,-74.749603
APFUF,53.442417,-6.776833
APGAV,51.574417,-56.924703
APGEV,47.210175,-71.1707
APGIN,43.901131,-65.840311
APIGY,37.548211,-78.088983
APIWO,43.109242,-78.813639
APKAF,44.804786,-75.092669
APKAX,47.757492,-65.110114
APKEB,46.136475,-60.086122
APKIP,46.574381,-74.612511
APKOP,45.540544,-75.460194
APLAK,46.459872,-71.909336
APLAX,49.002642,-54.544167
APLEB,53.779964,-74.003572
APLIV,47.617881,-65.861231
APLOR,46.103633,-64.798128
APLOV,44.928333,-76.141647
APLUP,47.640536,-65.623792
APMAM,43.615967,-79.561269
APMEK,47.878375,-77.732644
APMIB,56.277694,-61.944614
APMIG,66.128178,-65.822086
APMIX,51.503642,-55.835742
APMOD,47.632428,-52.585361
APMUP,45.39515,-75.615747
APNAN,47.786494,-67.395611
APNEK,58.032061,-68.527139
APNID,47.736197,-52.741569
APNOT,43.635697,-66.165681
APNTE,40.706411,-74.235289
APOFA,41.470547,-74.291381
APOYU,36.925497,-77.818553
APPAT,39.917425,-74.337369
APPLE,54.5,-2.513953
APRUT,53.696944,-6.759694
APSOV,55.823011,-10.0
APUCO,39.90435,-77.742714
APUCU,35.942475,-78.701097
APUSE,38.242033,-78.399522
APVOG,50.238783,-5.643553
AQLOR,53.837222,-9.425444
AQSAW,38.545278,-7.916111
AR401,65.85405,-18.125631
AR410,65.750736,-18.072094
AR411,65.7512,-18.204869
AR412,65.670556,-18.416744
AR421,65.623464,-17.923422
AR422,65.512531,-17.973603
AR431,65.618486,-18.064786
AR432,65.594578,-18.072183
AR433,65.483658,-18.164864
AR434,65.469183,-18.4425
AR435,65.351878,-18.407675
AR436,65.322978,-18.063781
AR437,65.445361,-17.920719
AR439,65.613825,-18.207556
AR441,65.6011,-18.061514
AR442,65.500433,-18.151022
AR443,65.430475,-18.224936
AR489,65.904589,-18.226217
AR490,65.860014,-17.984803
AR491,65.667378,-18.072278
AR495,65.621603,-18.057778
AR496,65.565778,-18.096997
AR594,65.231914,-18.3696
AR691,65.808992,-17.952372
AR692,65.855542,-17.993997
AR693,65.855522,-18.072594
AR694,65.823228,-18.03325
AR695,65.623153,-18.058267
AR696,65.606331,-18.062433
AR697,65.618361,-18.146492
AR701,65.710864,-17.822447
AR702,65.941825,-18.497014
AR703,65.545153,-17.946586
AR705,65.798297,-17.661778
AR706,65.708097,-18.161806
AR707,65.783383,-17.675175
AR708,65.844536,-17.620422
AR709,65.660728,-17.977294
AR950,65.326108,-18.293589
AR951,65.406114,-18.228375
AR952,65.453275,-18.189733
AR953,65.500428,-18.150953
AR954,65.566822,-18.079522
AR955,65.607158,-18.062661
AR956,65.674439,-18.07535
AR957,65.693503,-18.085139
AR958,65.773297,-18.153739
AR959,65.873794,-18.173561
ARAME,51.338319,-67.462178
ARARR,43.632436,-70.622967
ARBAV,40.545278,-8.713611
ARBIN,42.679583,-2.61375
ARC01,65.600589,-18.262864
ARC02,65.668519,-18.256
ARC03,49.126808,-57.415533
ARC04,49.198992,-57.520881
ARC05,47.642114,-52.854356
ARC06,47.696736,-52.761278
ARC07,47.543814,-52.728161
ARC08,47.598336,-52.635125
ARC09,45.414572,-75.639031
ARC10,45.317556,-75.551417
ARC21,45.225364,-75.598503
ARC22,45.314964,-75.560231
ARC23,45.31395,-75.559311
ARCAV,40.96605,-71.798783
ARCCO,35.549311,-77.39825
ARCON,40.0,-2.314444
ARCUM,40.024,-75.348244
ARDAL,63.984892,-22.407103
ARDEB,36.592831,-76.388428
ARDEE,45.123442,-64.386342
ARDID,41.173333,-6.282222
ARDOD,47.731389,-0.905833
AREKE,38.797431,-76.863581
ARENE,41.464261,-72.264561
ARGAL,36.171286,-78.165364
ARGED,48.929722,-0.25
ARI69,65.818539,-18.120533
ARIAN,40.268547,-74.424811
ARICE,37.688792,-75.742325
ARIEL,41.454753,-75.361542
ARIME,43.198267,-72.123972
ARJON,38.044722,-3.874722
ARKIL,50.657778,-8.0
ARLAX,65.843581,-17.806783
ARLFT,39.242033,-75.453022
ARLOR,48.627333,-2.631694
ARLUN,42.021556,-3.613583
ARM49,65.680894,-18.076569
ARM69,65.675194,-18.074758
ARMED,42.5,-14.0
ARMEL,38.934592,-77.466703
ARMIE,43.210619,-70.5123
ARMIF,40.441614,-76.432003
ARMUN,42.392561,-70.078628
ARNEV,47.949194,-0.492056
ARNIE,40.211997,-79.492172
ARNII,43.249978,-74.333372
ARNIT,38.990722,-8.959336
AROKE,40.472378,-73.902111
AROME,41.864989,-74.077681
ARPAK,51.8124,-3.318189
ARPEX,37.579722,-3.024167
ARPUB,53.592778,-1.241111
ARQEB,41.559678,-73.152792
ARRIC,42.424286,-72.650944
ARRKK,42.063478,-75.316781
ARRUY,40.294708,-77.0261
ARSAT,54.535053,-1.738508
ARSIG,43.315556,-0.447472
ART23,44.341667,-76.016667
ARTEY,41.469275,-73.413017
ARTIV,48.867222,-1.867778
ARTIX,53.395022,-1.035756
ARUYE,38.589792,-76.555714
ARVEE,62.866667,-74.0
ARVID,43.076111,-1.464722
ARVIE,45.117689,-74.617611
ARVOK,53.155278,-6.05975
ARVON,37.687208,-78.366319
ARWEN,39.081161,-76.678814
ARYIA,39.475894,-77.230825
ARZEW,36.033889,-0.208889
ARZIP,47.921111,-6.126389
AS04W,43.586667,-6.132389
AS06E,43.530889,-5.896972
AS08W,43.608556,-6.225417
AS11E,43.505222,-5.789583
AS400,43.534639,-5.912722
AS410,43.347444,-5.948472
AS500,43.597528,-6.178444
AS510,43.724333,-6.121639
AS520,43.470694,-6.235028
AS600,43.762778,-6.301944
AS610,43.203889,-6.067222
AS620,43.515278,-6.411111
AS650,43.259722,-5.757222
AS660,43.597222,-5.603056
AS670,43.233694,-5.831806
AS700,43.732306,-6.1705
AS710,43.523306,-5.864833
AS720,43.664556,-5.781972
AS810,43.617028,-6.261611
AS820,43.753333,-6.200444
ASALE,39.658542,-75.845314
ASALT,40.527589,-73.963939
ASBIN,40.255083,-3.176333
ASBUM,37.694167,-5.039167
ASCOT,51.420833,-0.659167
ASCOX,64.574178,-52.048589
ASDEB,42.515833,-8.491944
ASDER,53.562972,-6.374
ASEDY,39.894086,-75.017697
ASGAL,65.447306,-52.389261
ASGAM,35.0,-12.711667
ASGEB,55.18265,-1.4891
ASGEW,39.903314,-75.061275
ASGOF,38.508686,-78.786228
ASGON,52.598444,-9.143917
ASHEL,35.4287,-78.913353
ASHEZ,39.389689,-77.402347
ASHHR,38.75,-74.837675
ASHIP,41.727853,-70.182786
ASHLN,39.254078,-78.309753
ASHOR,39.240842,-76.395494
ASHUM,51.602014,-1.893461
ASHWY,41.405369,-71.784514
ASICO,41.116219,-78.675306
ASIGY,39.714058,-75.675947
ASINE,44.546844,-68.679317
ASIZE,38.294236,-76.427728
ASKAN,45.044444,-1.039722
ASKEL,37.4125,-1.708056
ASKEW,41.592225,-70.371981
ASKOG,50.946758,-2.988453
ASKUP,53.8925,-6.108889
ASKUR,65.195556,-18.691667
ASLAP,51.1266,-0.927214
ASLIB,54.824319,-3.060931
ASMAR,39.3725,-11.595556
ASMEC,40.578947,-75.117689
ASMIM,53.446042,-2.652975
ASMOD,68.985833,-51.934167
ASMOV,40.969392,-9.347036
ASMUW,38.544569,-75.857692
ASNAY,37.784628,-77.492392
ASNEP,37.033558,-2.565131
ASNIP,53.478636,-2.907214
ASNUD,56.694167,-3.055653
ASOCI,39.820347,-75.476783
ASOMY,40.614711,-75.368003
ASPEN,42.815986,-70.911497
ASPER,39.141914,-77.300247
ASPEX,38.319622,-28.157992
ASPOR,41.815139,-8.081194
ASQEV,42.996378,-74.612511
ASRUN,63.557494,-20.581761
ASSIW,68.690403,-53.194028
ASTAN,65.417778,-39.995556
ASTOC,66.714572,-51.558039
ASTRO,39.024389,-1.263
ASUSE,40.046797,-74.975594
ASUTE,39.944169,-78.274386
ASVAY,43.347531,-71.029361
ASVID,64.630278,-48.378889
ATAKY,42.915986,-74.007458
ATAME,41.946536,-78.818069
ATAZA,65.416869,-20.268181
ATBIM,52.502986,-0.006047
ATCOT,39.687594,-74.957078
ATECA,38.658333,-8.6225
ATENE,46.23755,-70.258033
ATFOR,54.26,-8.27875
ATGAL,48.959639,-0.254361
ATGEB,48.685861,-1.655111
ATGOW,53.488944,-5.842361
ATHAB,63.814817,-68.685561
ATHAM,47.657461,-79.965189
ATHER,53.609108,-64.409561
ATIBY,38.526267,-78.114706
ATLAM,51.644667,-8.375361
ATLAN,46.76,-57.115556
ATLAZ,43.333333,-78.833333
ATLEN,44.505278,-4.9475
ATLIC,36.917733,-75.213092
ATLUG,60.022139,-1.384214
ATLUH,52.943897,-2.545892
ATMEX,58.947644,-3.332492
ATMOH,39.006667,-9.534167
ATMUM,56.361361,-7.136514
ATRLO,42.181089,-73.401008
ATSIB,57.441389,-1.726944
ATSIX,60.0,-10.0
ATSUR,50.0,-14.0
ATTAR,42.510111,-77.42
ATUBU,48.764253,-64.636586
ATUCA,40.736625,-74.4265
ATUGI,35.638467,-71.52675
ATVUW,44.868586,-69.072011
ATWAN,41.737508,-73.820631
ATWEL,38.988331,-75.472303
ATWIX,43.337222,-0.501611
ATWOX,53.299158,-4.849981
AUBIN,43.860003,-70.402167
AUDII,36.202142,-78.810072
AUDIL,42.871872,-76.443075
AUG16,44.141586,-70.071258
AUREY,42.279567,-76.041367
AUSEN,38.3214,-78.9204
AUTUM,42.550325,-71.592322
AVADY,38.208511,-78.15455
AVALO,39.281811,-74.514097
AVANT,50.82,-0.938347
AVASA,46.674781,-66.712228
AVAST,41.922306,-64.879306
AVAYO,39.319308,-75.324783
AVAYU,39.987328,-75.585372
AVCAT,41.263722,-72.184764
AVDOG,49.083444,-66.819281
AVEBA,47.618881,-65.850914
AVEGO,46.846931,-71.123447
AVEGU,48.176342,-65.801428
AVERA,46.569567,-67.167822
AVETE,40.606289,-74.934231
AVGAF,52.579994,-0.181781
AVIDA,48.752781,-68.609983
AVIGU,44.762036,-63.486428
AVILA,40.624611,-4.549889
AVILI,53.434811,-63.838014
AVINU,43.928264,-60.008608
AVISO,46.767853,-71.0869
AVISU,45.640167,-73.898333
AVIVU,53.740064,-73.084022
AVIXO,45.557456,-63.238842
AVJUB,41.654431,-74.747478
AVLEZ,52.971742,-4.590347
AVMAW,44.162517,-69.477556
AVOCI,40.174156,-76.176483
AVODA,47.619933,-52.847694
AVODU,50.129883,-66.626875
AVOGI,48.859397,-64.741644
AVOIL,43.907619,-69.80675
AVOLA,43.506667,-78.987222
AVOLE,38.938442,-77.126831
AVONN,41.635917,-71.207264
AVONU,63.941786,-68.970539
AVOPO,44.176008,-64.957758
AVOPU,47.698725,-69.644103
AVOYO,39.931475,-77.703456
AVPUD,45.656769,-73.955367
AVPUT,65.033333,-60.0
AVRID,58.220553,-68.712903
AVRIR,48.3559,-64.647678
AVRIX,44.941425,-63.398153
AVRON,48.957189,-64.643086
AVRUN,46.560692,-63.562033
AVRUR,45.568903,-75.303547
AVRUX,52.406583,-56.182244
AVSAG,47.430931,-52.665175
AVSAL,48.713897,-64.146806
AVSAM,44.269192,-78.624564
AVSED,46.097308,-59.972186
AVSER,60.181906,-69.777528
AVSIN,52.349292,-55.698917
AVSIV,48.731531,-54.32845
AVSOG,46.402633,-72.808542
AVSOL,52.734458,-56.190289
AVSUD,45.223469,-73.0892
AVTAG,46.28725,-70.637519
AVTAM,46.2264,-76.01025
AVTEK,44.007572,-79.60605
AVTEL,66.244767,-65.610842
AVTEP,48.582181,-72.337147
AVTEX,53.250986,-60.563158
AVTIC,52.718003,-3.132758
AVTIG,46.055092,-64.761228
AVTIX,48.620425,-78.355058
AVTUR,45.7475,-66.771111
AVUKA,45.384722,-73.131667
AVUKE,40.045322,-74.207867
AVUTE,35.671775,-77.281219
AVUTI,57.466667,-58.0
AVUVO,48.793114,-72.715458
AVVON,45.168889,-75.037778
AVZAC,51.77695,-5.065436
AWARE,40.522214,-75.037281
AWINN,39.639017,-75.851431
AWIPI,44.756431,-74.988069
AWISA,40.176078,-75.280547
AWJAL,52.856025,-0.385781
AWKEB,40.808558,-74.137328
AWLIN,41.556244,-71.999158
AWODE,42.184389,-3.872806
AWYIR,40.909517,-76.909278
AXADA,47.538608,-52.802919
AXAJI,40.2476,-76.903542
AXAMO,46.099297,-64.933642
AXANU,46.835806,-71.471039
AXARI,45.679089,-73.006667
AXASE,38.103814,-75.330081
AXASO,51.037367,-58.613033
AXAVO,44.2263,-77.34565
AXELL,40.707742,-74.104019
AXENI,45.338381,-74.0852
AXENU,51.653353,-78.637761
AXEPO,54.532353,-71.296711
AXESA,53.041564,-78.542192
AXESI,43.857472,-78.957544
AXHOK,52.533214,-0.100956
AXIGU,44.044119,-77.651836
AXILE,35.146347,-78.685497
AXIPI,44.001161,-60.213478
AXIPO,50.345,-61.969167
AXISE,40.243953,-75.501022
AXITE,42.649175,-71.564419
AXIVA,49.112358,-55.366069
AXNEF,51.751453,-3.88865
AXOBA,45.533392,-75.499506
AXOGO,43.107319,-79.782886
AXOMO,47.792628,-69.558558
AXORA,43.721203,-78.948475
AXORU,49.633008,-74.64295
AXOTO,46.826242,-71.188711
AXOTU,47.351006,-67.635389
AXSOC,51.609122,-1.812292
AXTER,44.483889,-72.035664
AXTIV,42.933325,-73.352292
AXULE,40.957194,-74.785958
AXUPA,45.03905,-65.263256
AXWOM,52.670794,-2.875358
AXWUW,53.089297,-0.802994
AYARA,37.061211,-79.523589
AYBEE,42.440558,-70.527911
AYDEE,37.566581,-77.239236
AYEDE,41.843058,-70.804061
AYEHI,42.560319,-79.351922
AYETI,38.489314,-77.309406
AYETU,44.530922,-70.5381
AYIGE,41.288986,-79.896753
AYIVI,35.761869,-78.212697
AYOPU,41.252861,-79.405525
AYOSA,40.036239,-76.102003
AYOSO,42.09975,-79.755897
AYRON,40.764308,-74.11905
AYROU,65.315003,-64.0
AYUHH,44.202269,-70.059883
AYUKU,41.406753,-75.217975
AYUSU,41.4623,-79.825219
AYUYU,44.531875,-67.376903
AYZOO,44.422661,-71.678664
AZ501,36.77675,-25.237361
AZ502,36.802722,-25.032389
AZ503,36.789778,-25.134917
AZ504,36.87225,-25.150611
AZ505,37.040889,-25.185083
AZ506,37.027833,-25.287889
AZ601,37.141361,-25.309639
AZ602,37.167444,-25.103694
AZ603,37.154444,-25.206667
AZ604,37.072028,-25.190389
AZ605,36.903333,-25.157194
AZ606,36.890278,-25.259806
AZAZE,53.951083,-9.151083
AZBAF,42.518356,-73.036425
AZBIC,39.998981,-76.921967
AZCAL,51.904731,-3.1957
AZEFY,39.997297,-75.981589
AZEZU,37.874472,-72.378667
AZFIC,46.568806,-3.094611
AZICE,40.439903,-75.110569
AZLOM,38.95755,-76.224233
AZMIN,35.854128,-78.896642
AZOFE,40.038025,-77.548642
AZOTH,42.773381,-72.811481
AZPEW,52.536711,-0.887072
AZXEW,39.270364,-74.768717
BA400,37.961111,-4.795
BA410,37.992778,-4.561389
BA500,37.758028,-4.907389
BA510,37.680833,-4.674722
BA600,38.175278,-4.611667
BA610,37.862222,-4.675833
BA620,37.573611,-4.866111
BA700,38.015556,-4.491389
BA710,38.029167,-4.945556
BA720,38.171111,-4.768611
BA800,37.863639,-4.833778
BA810,37.723833,-4.741667
BA820,37.563278,-4.853528
BA900,38.013333,-4.707167
BA901,37.960417,-4.751944
BA902,37.851194,-4.844139
BA910,37.809583,-4.879194
BA950,38.001833,-4.682889
BA951,37.953917,-4.735556
BA952,37.852639,-4.846583
BA960,37.814833,-4.887944
BA961,37.816056,-4.680611
BA962,38.021528,-4.50025
BAAAM,38.831947,-77.117572
BAABY,39.516339,-79.345992
BAAGN,36.952161,-76.144231
BAARN,40.291486,-76.611328
BAATI,39.661689,-77.933417
BAATT,36.8975,-75.992778
BAAYY,36.803333,-75.335197
BABAT,46.916028,-2.624167
BABET,41.394408,-71.957536
BABEX,41.040278,-7.083889
BABGU,54.277592,-5.273631
BABON,53.217583,-6.515694
BABOV,39.876389,-6.873611
BABRA,53.627603,-3.945175
BABTU,63.856722,-21.886431
BACEL,38.603889,-7.83
BACKY,39.016031,-76.0847
BADCA,42.607764,-71.712003
BADDA,40.968381,-74.250489
BADDI,40.157294,-77.418836
BADDN,38.761403,-77.028672
BADDY,53.251628,-60.864356
BADEG,66.316667,-47.5
BADEN,51.781861,-8.6815
BADEW,46.854456,-71.223389
BADIM,51.643858,-2.511231
BADRU,43.736389,-2.796667
BADSI,52.658333,-4.771422
BADTA,41.4466,-71.271814
BADUR,48.710833,-2.951111
BAFBI,54.297444,-8.760611
BAFDY,44.777667,-64.782494
BAFIL,38.724392,-76.853647
BAGAD,47.583333,-2.881111
BAGAX,39.051111,-2.154444
BAGEK,49.503139,-0.260278
BAGGA,40.6218,-74.192183
BAGIB,46.518611,-2.162611
BAGIN,49.103325,-2.441925
BAGIT,53.229064,-3.988383
BAGMU,40.082222,-8.867222
BAGRO,43.209833,-0.097278
BAGSO,53.679989,-5.5
BAGVE,39.602722,-79.910489
BAIBE,42.671089,-76.103464
BAILI,43.687456,-69.912003
BAILZ,38.748464,-76.646714
BAIRR,37.348128,-77.317119
BAITH,40.860486,-74.050056
BAJER,53.428219,-60.146439
BAJJA,51.801392,-4.284936
BAJON,48.32985,-70.845806
BAKAK,55.673497,-4.788819
BAKOT,52.169528,-9.84825
BAKOX,53.528722,-5.159175
BAKTA,43.836667,-1.102778
BAKUG,66.068611,-51.143056
BAKUL,47.346944,-1.638056
BAKUP,44.4125,-4.436111
BAKUR,52.241558,-5.680225
BALDA,44.609722,-5.553056
BALDE,40.478272,-74.192364
BALDN,39.852014,-75.319186
BALFE,45.163789,-65.737069
BALID,56.496989,-1.951911
BALIF,37.120922,-76.245078
BALIX,59.0,-10.0
BALNI,47.618056,-1.673889
BALNO,41.730556,-6.981667
BALPE,35.280683,-78.195378
BAMAM,64.201667,-51.221111
BAMBA,35.833333,-6.450833
BAMEP,53.878333,-2.269167
BAMKE,44.419286,-68.638356
BAMLI,54.14125,-6.651111
BAMMY,39.409203,-78.429344
BAMPE,43.987917,-75.915378
BAMRA,59.433411,-3.952722
BAMSI,65.330583,-13.252008
BAMTU,50.800814,-1.439869
BAMUG,61.816261,-49.570625
BAN29,40.859833,-2.811258
BAN30,40.831925,-2.582444
BANAC,39.837472,-77.839342
BANAL,42.0,-15.0
BANBA,51.952806,-6.239053
BANEV,41.502611,-2.514528
BANFF,42.363589,-70.968644
BANIX,38.405556,-28.113056
BANKA,40.381303,-74.051167
BANKI,41.595664,-71.867675
BANKK,40.266931,-74.900008
BANLA,66.21135,-23.4736
BANLO,49.772869,-2.306447
BANSO,37.234194,-1.65475
BANTO,52.357681,-0.232606
BAPDA,53.627778,-6.401028
BAPGO,53.884194,-9.041944
BAPHU,51.178464,-3.745161
BAPLA,51.684233,-1.754686
BAPOR,43.671667,-2.724444
BARDI,40.5835,-6.302444
BAREE,48.146944,-69.3
BARHA,44.4883,-68.327544
BARIN,38.586367,-77.363914
BARJR,40.667403,-73.750108
BARKO,42.200611,-6.944611
BARKU,60.604892,-9.410103
BARLE,38.832,-76.870703
BARMY,35.374828,-79.842747
BARNU,52.03775,-8.607889
BAROK,35.966667,-10.023333
BARPA,35.833333,-5.666667
BARSY,40.439719,-76.497442
BARTN,53.470603,-2.428086
BARUD,62.5,0.0
BASEZ,42.589267,-71.843339
BASIK,48.953611,-2.951111
BASIM,41.504444,-3.266667
BASKE,42.729025,-73.858956
BASLU,63.188744,-21.272142
BASUK,43.31925,-6.172944
BASUU,42.888294,-71.646858
BASYE,41.343722,-73.798608
BATAF,53.543333,-6.389028
BATAX,41.700556,-6.621944
BATED,53.495222,-6.111889
BATLI,53.645853,-1.36025
BATOD,65.916667,-24.975
BATRE,39.660825,-75.722864
BATSU,50.708683,-3.059942
BATTA,35.591853,-79.087831
BAUER,43.387244,-72.480728
BAUGH,38.946675,-76.885317
BAULA,64.939444,-14.693056
BAUTZ,40.607317,-74.296564
BAVDE,44.540061,-73.403833
BAVDO,54.305481,-1.157042
BAVEY,44.301939,-72.040439
BAVKI,50.110939,-5.889383
BAVKO,66.455433,-51.8404
BAVME,42.349656,-73.802792
BAVUD,53.518972,-4.852539
BAWAW,37.872442,-77.557247
BAWLL,41.225328,-72.895075
BAXER,62.696667,-26.014722
BAXUN,51.326503,-2.439883
BAYLY,37.658094,-77.087575
BAZQE,43.843703,-69.918272
BB15F,52.556028,-1.861939
BB33F,52.376278,-1.661978
BB500,43.323944,-2.973
BB501,43.393333,-3.061333
BB502,43.518944,-2.910917
BB900,43.082472,-2.377583
BB901,43.112083,-2.426306
BBDOL,37.635889,-77.846628
BBE09,52.342864,-1.578144
BBE12,52.314661,-1.488636
BBE13,52.256517,-1.566356
BBE16,52.281178,-1.394736
BBE17,52.196531,-1.518711
BBE19,52.256014,-1.324406
BBE20,52.461397,-1.561619
BBE21,52.529578,-1.672319
BBE23,52.401094,-1.689461
BBE24,52.411319,-1.615236
BBE25,52.455456,-1.596117
BBILL,38.267617,-78.068822
BBJAN,44.832903,-68.515817
BBN11,52.512058,-1.601458
BBN12,52.6387,-1.692358
BBN18,52.594733,-1.724567
BBN30,52.493517,-1.792167
BBN31,52.491017,-1.789386
BBN32,52.664889,-1.757175
BBOBO,37.692719,-77.132664
BBOGG,42.099161,-70.68585
BBONE,38.625033,-78.823836
BBS02,52.412467,-1.702069
BBS04,52.382081,-1.689553
BBS06,52.352903,-1.665872
BBS13,52.247642,-1.596408
BBS17,52.183975,-1.564175
BBW01,52.52325,-1.825333
BBW02,52.507842,-1.908519
BBW04,52.458206,-1.945317
BC402,44.639028,-1.114111
BC403,44.694167,-0.99725
BC406,44.457167,-1.287528
BC407,44.558139,-1.284694
BC408,44.503056,-1.401361
BC411,44.601472,-0.98225
BC420,44.629917,-1.091194
BC421,44.666694,-1.013306
BC424,44.494139,-1.210028
BC425,44.548889,-1.262472
BC426,44.512167,-1.34025
BC429,44.573972,-1.040667
BCN30,51.451653,-2.592722
BCN40,51.056106,-3.365636
BCOAT,37.043636,-76.522294
BD001,45.276694,-0.02225
BD002,45.168556,-0.231667
BD011,45.476889,-0.281722
BD050,44.854917,-0.677694
BD051,44.795278,-0.968167
BD052,44.660389,-0.788444
BD053,44.8435,-0.954194
BD054,44.651444,-0.679056
BD055,44.916667,-0.858333
BD056,44.700194,-0.615167
BD057,45.116667,-0.591667
BD058,44.894917,-0.358861
BD05B,44.811389,-0.875306
BD05C,44.777,-0.788944
BD05D,44.91275,-0.663917
BD05R,44.983556,-0.769444
BD110,44.821944,-0.683417
BD111,44.948833,-0.900833
BD112,44.697222,-0.721389
BD113,44.912972,-0.463472
BD114,44.494444,-0.689444
BD230,44.790722,-0.769528
BD231,45.087139,-0.623944
BD232,44.894917,-0.358861
BD290,44.835056,-0.745917
BD291,44.852278,-0.371861
BD292,44.665083,-0.430222
BD411,45.310278,-0.901611
BD423,44.779028,-0.786222
BD425,44.655556,-0.779167
BD427,44.660306,-0.648389
BD905,44.935222,-0.56225
BD923,44.932306,-0.821056
BD927,45.116944,-0.829028
BD929,44.696806,-0.726556
BD935,44.691528,-0.566389
BD955,45.053111,-0.555417
BD961,44.832167,-0.443278
BD963,44.722528,-0.317333
BD965,44.554389,-0.319833
BDAWK,39.603744,-75.095647
BDF42,65.553903,-23.518144
BDI41,65.462678,-23.495319
BDL21,41.707861,-72.988731
BDM43,65.628247,-23.536861
BDM50,65.937889,-23.978075
BDN05,44.754056,-0.91825
BDS05,44.685222,-0.822972
BDT44,65.710439,-23.557683
BEARI,37.200547,-78.256625
BEATH,36.459525,-77.288761
BEBKE,40.555078,-73.800992
BEBLE,38.915503,-77.107478
BEBNI,54.98495,-3.587283
BECAB,37.503169,-77.220772
BECAC,35.239575,-75.6052
BECAP,38.229953,-75.162328
BECHH,42.336897,-70.837914
BECKR,39.588058,-74.287161
BECOH,38.934444,-9.404167
BECRA,44.646319,-68.237389
BEDAL,42.104667,-7.753944
BEDFO,52.225,-0.563281
BEDLE,38.476572,-76.624244
BEDNY,43.928008,-70.549406
BEDOW,41.307403,-70.695172
BEDPE,37.774067,-76.643836
BEDRA,49.0,-15.0
BEDYA,40.650128,-72.645783
BEEDY,38.281772,-78.878347
BEEEG,38.248053,-75.350042
BEEKN,43.347764,-70.7473
BEEMR,38.911867,-76.863911
BEENN,44.350831,-75.803825
BEETN,36.488581,-77.496119
BEEVR,37.988544,-77.122383
BEFIT,40.743333,-8.773611
BEFNI,43.8096,-79.796339
BEGAM,54.1569,-2.120953
BEGBE,38.509061,-79.038703
BEGID,56.5,-14.0
BEGKA,39.285169,-77.362947
BEGOT,64.07745,-24.424553
BEGOX,39.069167,-0.771944
BEGPU,54.299153,-3.251658
BEGTO,50.762533,-1.235553
BEGUE,39.055897,-76.784286
BEGUY,43.058333,-1.450833
BEGVE,35.890931,-78.764853
BEHEM,40.590369,-75.318956
BEHHR,38.5543,-71.5306
BEHYO,44.543619,-69.160683
BEICH,35.696517,-79.004222
BEITH,47.460847,-61.506875
BEJCU,44.79845,-70.004214
BEKEL,40.117831,-75.293097
BEKET,58.886944,-1.522261
BEKIN,42.458333,-8.694444
BEKKY,37.513192,-77.428725
BEKUN,37.948333,-23.234722
BELAY,39.587686,-76.300556
BELCH,42.290869,-72.444117
BELDU,41.358611,-7.777222
BELEN,43.914167,-2.738611
BELLA,36.391111,-4.853889
BELMA,38.972053,-77.585567
BELOX,53.887881,-3.489764
BELTT,41.063503,-72.987089
BELUK,65.399486,-20.507769
BELZI,66.984542,-51.371728
BELZU,54.661111,-6.23
BEMAX,46.165556,-0.759722
BEMEK,46.083333,-66.453611
BEMGE,39.9953,-74.607939
BEMOD,48.879611,-64.171861
BEMOG,46.150717,-75.572583
BEMOH,37.017886,-79.436036
BENAB,46.034314,-70.8065
BENCH,35.580144,-76.897536
BENDI,39.511797,-76.871867
BENDR,38.282281,-75.084017
BENED,40.210556,-2.158333
BENEE,42.514994,-78.324744
BENEP,47.405736,-52.633058
BENIX,49.546667,-1.49
BENNG,40.60025,-74.023228
BENNN,42.179525,-70.757928
BENNT,41.236981,-70.669231
BENPA,51.463544,-0.748822
BENSH,39.019578,-79.174758
BENSU,51.578961,-0.919014
BENTN,35.226764,-78.786114
BENTY,59.770833,-1.136111
BEPAN,52.526722,-6.26375
BEPAY,41.453225,-70.543458
BEPED,44.245833,-77.219667
BEPEG,63.0,-70.0
BEPHE,52.509439,-2.766753
BEPIL,37.797778,-5.124167
BEPIR,44.472472,-79.911667
BEPOX,52.119464,-0.115581
BERAD,48.301944,-4.061667
BERAX,43.252056,-8.176667
BERDE,39.330225,-75.574392
BEREI,42.008914,-70.805761
BEREW,39.808736,-74.540169
BERGH,39.132456,-72.051578
BERGR,39.424586,-74.476608
BERIG,43.251203,-66.182556
BERKI,43.004581,-78.645294
BERKZ,40.242411,-75.815756
BERMO,53.294139,-6.414111
BERNY,39.007333,-76.506072
BERSO,74.466667,-20.6
BERTI,36.051908,-76.670231
BERUL,52.671164,-3.520175
BERUM,35.833333,-3.235833
BERUP,44.715133,-63.600369
BERUT,46.934767,-72.486797
BERUX,45.0,-11.0
BERVE,44.226517,-70.589953
BERWA,38.490814,-77.883311
BESEM,49.098592,-68.490328
BESGA,60.789589,-7.912708
BESIX,53.629339,-55.965325
BESNU,56.570458,-6.584383
BESOR,38.466472,-0.229056
BESRE,36.346169,-76.174233
BESSE,38.926364,-77.104444
BESSI,39.676344,-75.112369
BESTE,39.778589,-74.460161
BESUB,48.348303,-71.106856
BETAT,56.719181,-76.329819
BETAX,53.009136,-0.900756
BETEE,38.354892,-77.962417
BETFY,41.393569,-74.490753
BETHA,41.185769,-72.811661
BETIX,37.660833,-6.022222
BETLU,63.748378,-21.903386
BETOB,46.58,-0.25
BETOK,48.165494,-78.960064
BETPO,51.798333,-0.724444
BETTE,40.559239,-73.011725
BETUL,45.126692,-78.164697
BETUV,48.954444,-3.122222
BEUGA,37.875508,-77.243269
BEUTY,40.569197,-75.011478
BEVAV,49.066944,-1.690556
BEVDE,43.734903,-71.954889
BEVFE,38.739106,-79.897514
BEVIN,41.644139,-71.33965
BEVIX,51.688997,-76.134256
BEVLU,52.2031,-0.334869
BEVOB,45.910886,-72.026219
BEVOP,37.59905,-9.387425
BEVUP,50.8,-2.238889
BEVUT,45.777492,-74.308822
BEWEE,38.991442,-76.453953
BEXAL,35.966667,-11.448333
BEXAN,46.518503,-72.532739
BEXEL,46.313894,-71.832181
BEXEN,53.787375,-72.900433
BEXET,54.0,-14.0
BEXGO,36.500028,-78.202142
BEXID,39.574444,-3.484722
BEXOB,58.0703,-68.125344
BEXOD,43.708375,-65.900061
BEXOG,60.064783,-69.986517
BEYDA,43.609444,-70.288631
BEYEL,41.645953,-71.457358
BEYLA,42.944053,-77.757183
BEZAR,37.962222,-5.148889
BEZDO,41.489431,-74.204025
BEZED,64.866667,-67.0
BEZIM,65.985,-18.730278
BFINE,41.891839,-73.859947
BG04N,42.416722,-3.538639
BG09N,42.471,-3.469806
BG400,42.267972,-3.899889
BG405,42.203667,-3.807028
BG415,42.387,-3.576222
BG421,45.833861,-0.196
BG422,45.706583,-0.042333
BG423,45.607306,-0.393278
BG424,45.670806,-0.470194
BG430,45.644194,-0.418389
BG431,45.588278,-0.542194
BG432,45.513472,-0.451417
BG433,45.697722,-0.241472
BG434,45.76125,-0.318417
BG440,45.745222,-0.098722
BG442,45.657,-0.386222
BG443,45.804028,-0.231694
BG451,45.559778,-0.28725
BG452,45.512028,-0.391639
BG453,45.529639,-0.4995
BG454,45.581944,-0.545972
BG455,45.666389,-0.265861
BG500,42.408139,-3.69025
BG505,42.568861,-3.510861
BG510,42.515556,-3.434139
BG515,42.476278,-3.477861
BG520,42.416278,-3.545083
BG525,42.363639,-3.603917
BG540,42.309472,-3.674056
BGBRD,35.895864,-76.539764
BGDIG,42.294011,-70.933919
BGR81,44.899703,-66.977344
BH091,46.057306,-1.368083
BH092,46.312778,-1.413611
BH093,46.159444,-1.472778
BH094,46.215306,-1.469972
BH271,45.965333,-0.956611
BH272,46.380833,-1.1125
BH501,46.113944,-0.971528
BH505,46.112028,-0.907778
BH512,46.184861,-1.393972
BH514,46.336833,-1.464111
BHD52,51.252778,-3.326606
BHD55,51.300064,-3.240133
BHD57,51.346211,-3.414444
BIBAY,43.120444,-77.754436
BIBBA,44.091647,-73.400425
BIBEL,42.734167,-1.882778
BIBLA,51.135833,-8.91
BIBOD,48.335342,-71.278911
BIBPE,51.716364,-1.852417
BIBTO,65.310519,-18.232928
BICAT,37.750308,-77.461322
BICMU,46.90745,-67.904058
BIDAC,43.417333,-1.135667
BIDDE,43.352269,-70.353183
BIDDU,40.248269,-75.445969
BIDGE,44.931917,-69.611872
BIDKY,36.503419,-77.914522
BIDLU,65.380014,-23.474778
BIDVA,50.727433,-0.977633
BIFCU,52.137964,-3.367436
BIFIN,52.056253,-2.455253
BIG29,51.370431,-0.733528
BIG40,51.732214,-0.817036
BIGAL,37.992333,-79.620731
BIGEE,42.097386,-72.620969
BIGEO,41.166336,-77.429136
BIGGA,40.962222,-72.007342
BIGGO,41.955808,-73.067942
BIGGY,40.419617,-74.972703
BIGLI,52.13,-0.241667
BIGNO,50.0,-2.825
BIGRG,39.253867,-76.120492
BIHAR,39.167803,-76.56915
BIISN,44.589719,-71.183608
BIKTE,37.943406,-75.592297
BILAW,43.131097,-77.389375
BILEY,40.799589,-75.746458
BILIT,38.754394,-76.065997
BILJE,42.096972,-70.931383
BILKA,44.596186,-63.451294
BILKI,51.209914,-58.657394
BILKU,63.560214,-68.125442
BILLA,36.243431,-78.889567
BILLY,60.019603,-8.568961
BILLZ,39.949644,-73.692578
BILNI,50.6753,-2.125711
BILTI,51.3733,-56.184928
BILTO,56.5,-15.0
BILTT,37.597572,-77.359161
BILVO,53.731183,-3.185803
BIMGO,49.5,-14.0
BIMKE,38.827036,-76.869881
BIMKI,43.266692,-79.951772
BIMLE,37.044628,-76.476089
BIMPI,62.587778,-48.386667
BIMPO,43.544211,-79.510125
BIMRA,52.397031,-78.498906
BINAC,36.842714,-77.804947
BINGG,40.880933,-74.334819
BINNY,43.046011,-79.036619
BINRE,40.217772,-74.634572
BINTI,54.562428,-1.995814
BINVA,39.0,-3.908333
BIPDA,46.782056,-71.327453
BIPDO,52.996556,-78.960119
BIPKE,40.827222,-73.564444
BIPKI,54.182156,-58.337897
BIPKO,45.723333,-74.360833
BIPLI,49.005878,-78.306233
BIPME,39.218606,-78.245278
BIPMI,50.933125,-2.319
BIPNO,53.249728,-60.770419
BIPOD,41.878214,-76.667839
BIPTI,47.730731,-52.796919
BIRBA,39.105556,-7.511944
BIRDU,51.524658,-78.667347
BIRKE,40.409806,-74.628422
BIRLI,43.551575,-79.448872
BIRMI,42.294444,-8.198944
BIRNA,63.333056,-24.316067
BIROW,47.204117,-68.063792
BIRPO,45.409183,-73.832803
BIRSO,47.832444,-0.514861
BIRTU,45.280697,-67.466619
BISCO,41.667892,-73.023044
BISDA,43.860556,-79.449444
BISKA,43.683333,-2.813778
BISMU,42.796667,-6.538611
BISTI,43.746944,-79.861111
BISVI,48.411381,-64.478292
BITLI,50.965406,-0.309617
BITLU,53.502539,-57.265972
BITPA,55.647294,-4.463764
BITRA,45.106389,-61.878889
BIVDI,53.183194,-6.668222
BIVME,42.289378,-75.728928
BIVMI,53.481333,-60.085342
BIVMU,47.097608,-55.056978
BIVPU,43.761786,-66.165292
BIVRO,45.291792,-73.088561
BIVTI,46.996092,-71.253722
BIVTU,47.566822,-52.839142
BIXEL,40.563056,-3.747222
BIYAP,41.260589,-79.803186
BIZEX,41.284128,-73.580611
BIZON,42.677367,-78.450297
BJ011,37.895889,-7.956389
BJ012,37.978861,-7.945528
BJ013,38.179611,-7.919139
BJ017,37.812889,-7.967194
BJ019,37.882,-7.788861
BJ09F,51.884397,-2.309478
BJ09I,51.875206,-2.441639
BJ27F,51.903489,-2.027308
BJACK,40.669103,-72.932794
BJOEL,40.557414,-72.798853
BL401,65.439964,-20.4716
BL402,65.449278,-20.359125
BLACA,54.883333,-5.158867
BLAND,40.540647,-73.410861
BLARE,39.412917,-75.552806
BLATT,41.826972,-72.015261
BLAYR,40.354997,-78.984489
BLAZE,41.459511,-77.594928
BLEAT,35.353253,-77.801911
BLEEK,35.986283,-75.631117
BLENO,42.915278,-71.078714
BLF03,65.546633,-20.375733
BLI03,65.477319,-20.438128
BLINK,40.481853,-77.974114
BLINZ,40.906447,-73.549983
BLN86,38.189372,-5.450206
BLNKR,36.05645,-78.837667
BLNTN,38.736203,-75.984081
BLOCC,35.548864,-79.609322
BLOKK,41.176058,-71.480656
BLOWN,40.826719,-75.458428
BLSSM,43.080814,-71.566308
BLUEJ,36.497639,-79.872356
BLUNE,37.105808,-76.291019
BLUUM,43.050767,-71.504142
BLUUU,39.969242,-72.499444
BLZZR,42.217331,-71.760164
BM401,43.924889,-0.116806
BM402,44.004167,-0.237556
BM403,43.837667,-0.226417
BM404,43.920917,-0.232
BM405,43.917083,-0.347167
BM406,43.907333,-0.626639
BM407,44.015528,-0.633889
BM415,43.917083,-0.347361
BM421,43.9845,-0.796389
BM422,43.920306,-0.255028
BM423,43.99875,-0.399389
BM424,43.901278,-0.790556
BM425,43.905556,-0.675444
BM426,43.914333,-0.428139
BMC28,45.290983,-0.790206
BMC29,45.165867,-0.235542
BMICH,39.097333,-78.007025
BMORE,39.363931,-76.847994
BMPAH,43.188889,-78.323919
BMTTR,39.081169,-76.511831
BN410,46.295278,-0.457333
BNELE,41.818564,-76.051239
BNTLY,38.054164,-77.601433
BNTOW,40.484378,-72.691972
BOAST,39.148456,-76.427336
BOATE,41.384294,-68.066069
BOATT,42.342114,-70.753797
BOATZ,42.1513,-70.559814
BOBHO,41.916589,-72.186078
BOBKI,45.416667,-74.429444
BOBNA,45.796828,-66.825886
BOBOH,44.301006,-72.876761
BOBRI,46.838333,-1.190278
BOBSU,45.53,-78.408056
BOBTA,43.814444,-79.658611
BOBTU,44.117222,-52.822222
BOBYA,42.420767,-72.6291
BOBYJ,39.190375,-76.759947
BOCAB,37.636097,-77.383108
BOCEP,44.924778,-0.817639
BOCHH,36.180661,-79.855364
BOCHI,38.671114,-79.460683
BOCRA,40.090444,-76.227661
BODAM,59.918333,-1.268333
BODGA,48.773558,-72.263775
BODGO,53.250878,-60.575372
BODIL,48.523167,-4.085917
BODLY,35.957978,-78.698669
BODPO,46.878703,-71.081367
BODRA,62.282778,-80.0
BODRE,41.229633,-73.831475
BODRY,37.566678,-78.34085
BODYA,42.121653,-71.132208
BOFUM,53.537222,-5.5
BOGDN,40.665147,-73.672225
BOGEY,41.718436,-70.197667
BOGLO,53.129972,-60.073122
BOGNA,50.701944,-0.251547
BOGPE,37.261567,-76.495256
BOGPI,53.535636,-60.553208
BOGRT,42.232244,-71.518714
BOHJO,39.320556,-72.261389
BOIER,38.520172,-79.707803
BOJAN,38.181667,-72.976111
BOJAR,37.262214,-79.2426
BOJAX,43.291558,-73.832547
BOJID,40.055797,-75.204514
BOJRY,40.0186,-76.117558
BOJTO,47.593492,-61.655639
BOKBI,53.491956,-60.281819
BOKBU,53.163372,-60.132139
BOKLU,45.839414,-74.594606
BOKPO,54.922636,-59.380753
BOKTO,56.966667,-58.0
BOKVA,47.544006,-70.11765
BOKVE,38.862833,-76.727131
BOLBI,53.466597,-1.812519
BOLGU,45.932222,-0.060556
BOLKA,37.264056,-5.0245
BOLMA,53.132458,-60.786592
BOLME,40.187425,-74.649936
BOLO,48.6105,-71.047697
BOLPU,53.160439,-60.724044
BOLRI,54.423867,-71.419536
BOLRO,50.0,-1.691508
BOLTZ,43.077406,-75.186853
BOLVI,53.568158,-76.324397
BOMBO,51.995636,-0.396347
BOMEM,49.149269,-57.513467
BOMET,44.17,-77.983056
BOMKO,38.953611,-9.043611
BOMLY,41.040339,-70.143028
BOMTE,40.764147,-74.863556
BOMUK,53.780689,-56.799494
BOMUL,55.912306,-61.148794
BOMUM,58.518194,-70.126283
BOMUV,47.627722,-69.708544
BONAC,35.934375,-77.828831
BONBY,57.891667,-4.343333
BONCI,39.298103,-78.352406
BONDE,45.731817,-77.052189
BONED,43.480833,-79.942778
BONHO,37.175092,-76.001303
BONIE,40.472903,-74.458228
BONIG,47.571083,-52.681667
BONIL,38.935278,-2.504167
BONNI,41.535339,-71.108458
BONOG,62.008119,-75.710964
BONUD,48.458967,-72.196561
BOOCH,40.2359,-75.269033
BOOME,37.916611,-79.429514
BOORD,38.790869,-74.956047
BOOTI,45.464944,-65.756
BOOYA,38.405694,-77.362878
BOPAB,60.803267,-78.536564
BOPEP,52.687714,-66.559564
BOPIM,67.454447,-64.187656
BOPLY,40.546608,-75.185294
BOPON,46.631244,-66.581553
BOPUT,68.959436,-61.941169
BORCE,66.005683,-15.572019
BORDA,40.153981,-74.907928
BOREG,45.242906,-75.607233
BOREK,42.9375,-79.9475
BORID,43.593803,-79.565267
BOROD,44.126133,-65.050492
BORQE,40.992153,-69.602156
BORRG,35.161239,-78.100811
BORUB,52.539167,-63.123333
BORUP,48.277972,-70.603769
BORUX,43.665556,-79.424167
BOSAM,45.05,-73.916667
BOSEK,48.852967,-54.587297
BOSIR,43.773564,-65.827983
BOSLY,39.176847,-76.725367
BOSOX,42.201886,-71.627678
BOSUB,45.197206,-62.925272
BOTA,46.965278,-8.393333
BOTIB,43.653889,-79.287778
BOTIK,41.241389,-8.665
BOTIR,51.293203,-78.878014
BOTOL,45.125558,-67.011147
BOTON,39.414472,-74.454744
BOTSE,40.245964,-78.908269
BOTUM,43.596422,-79.636014
BOUCK,40.335261,-74.404353
BOUHN,40.1692,-76.498942
BOULE,35.742147,-78.964908
BOUNO,40.365431,-73.457053
BOUSE,45.622025,-70.072097
BOUSY,36.817892,-77.901411
BOVAL,43.534444,-79.633333
BOVAM,62.555778,-77.580492
BOVAY,40.92265,-76.777664
BOVEK,49.386758,-57.720408
BOVOD,44.294528,-77.229128
BOVOK,47.739931,-52.800506
BOVOX,43.359722,-79.524444
BOVUD,52.790064,-72.141581
BOVUG,43.080472,-79.896414
BOVUR,50.271281,-62.029547
BOWAN,42.106428,-73.524708
BOWBO,35.447825,-77.414719
BOWGI,41.781997,-72.8531
BOWLE,41.611097,-70.220147
BOXAB,43.9517,-66.265731
BOXAN,43.351764,-79.707086
BOXBU,40.218889,-68.531972
BOXEM,46.110767,-64.563142
BOXHE,50.158147,-3.641581
BOXIP,43.851475,-79.869753
BOXUG,53.024183,-78.7053
BOXZE,40.476219,-74.692197
BOYCC,42.939172,-69.333067
BOYER,40.2769,-76.085939
BOYNE,53.767108,-5.5
BP08F,51.653556,-2.194308
BP26F,51.68085,-1.934528
BP410,43.395944,-0.449028
BP412,43.483056,-0.321806
BP414,43.491917,-0.2195
BP416,43.380278,-0.098167
BP913,43.338083,-0.339111
BP914,43.3535,-0.368361
BP915,43.440278,-0.456667
BP931,43.422556,-0.499722
BP933,43.379417,-0.236389
BP935,43.474694,-0.326944
BPM01,51.680081,-1.941917
BPM02,51.597992,-1.919872
BPM03,51.559083,-2.288244
BPM04,51.648325,-2.243431
BPM05,51.566292,-2.220861
BRACK,39.582222,-71.9925
BRADD,43.15,-67.0
BRADE,35.649603,-78.233219
BRADI,45.150714,-69.267906
BRADR,40.061672,-74.521006
BRAFO,41.754914,-78.573239
BRAGA,41.616922,-71.113981
BRAGG,40.453069,-76.128175
BRAIL,37.740022,-78.547778
BRAKN,39.852061,-75.077797
BRAND,40.035078,-74.735972
BRANT,36.174164,-79.838506
BRAYV,39.255125,-76.925653
BRBER,40.186078,-76.925247
BRDDA,40.456414,-75.561875
BRDLE,39.137633,-76.6378
BREEN,42.011622,-72.788206
BREIT,43.126508,-77.553806
BREKI,62.538333,-19.546667
BRERR,36.599144,-78.049833
BREZY,41.158253,-74.134906
BRGIT,42.556978,-70.697861
BRGNR,41.620989,-74.713861
BRICA,42.713672,-71.113469
BRIDG,47.146389,-59.271389
BRIEF,39.448669,-75.127692
BRIGG,53.553333,-0.486667
BRIGO,39.204006,-74.689311
BRIGZ,37.627931,-77.377125
BRIKE,36.504722,-5.416389
BRILA,39.398067,-77.142192
BRILL,49.7025,-2.389722
BRINE,38.607036,-76.863031
BRIPO,50.707631,-2.75
BRITO,41.079083,-2.078028
BRKLN,45.956192,-67.931931
BRLIN,44.633561,-71.1862
BRLSN,39.594108,-75.746014
BRLTN,44.397106,-73.182625
BRNAN,40.135278,-77.835194
BRNCH,39.032603,-76.981653
BRNDI,43.706003,-70.219592
BRNDN,39.497172,-79.530231
BRNTY,42.684139,-73.697961
BROAM,35.471536,-77.270536
BRODI,42.386936,-70.921744
BRODY,38.421,-77.467258
BROHR,40.844897,-73.877756
BROME,53.5,-67.0
BROML,40.171992,-76.639639
BRONC,42.514981,-71.722669
BROOD,42.768544,-75.326417
BROSK,36.247931,-79.794425
BROTH,35.503278,-77.114358
BROZE,35.923528,-77.181986
BRRET,41.364067,-72.013111
BRRKE,39.029942,-76.462594
BRRRO,42.33355,-70.801522
BRUCE,56.236403,-5.841136
BRUCY,38.375092,-79.565161
BRUIN,43.6664,-76.115547
BRUMI,52.377003,-2.005317
BRUNC,38.930803,-76.940067
BRUNL,42.455383,-70.627594
BRUSI,65.078889,-15.731111
BRUTL,38.732961,-77.505628
BRUWN,41.602689,-70.229392
BRVRY,39.222967,-78.963106
BRYCE,42.037956,-72.745103
BRYSL,42.805011,-71.245317
BRYTT,39.530569,-76.032714
BS270,44.284694,-1.122417
BS271,44.448917,-0.932722
BS272,44.282278,-0.937139
BS274,44.283167,-1.006722
BS27Z,44.368278,-1.140556
BSERK,39.790836,-75.219525
BSPUR,40.827428,-74.549381
BSTAF,39.727806,-79.932117
BT410,43.158472,-0.016556
BT420,43.126861,-0.032528
BTSEE,43.700258,-70.259264
BTWNG,38.776814,-77.027389
BUBAG,46.933472,-55.986611
BUBAK,45.407694,-73.995264
BUBAN,44.572778,-79.216667
BUBAX,48.102611,-65.561922
BUBBI,39.450914,-78.137419
BUBGE,40.804531,-74.203811
BUBID,61.640692,-73.659664
BUBIX,49.327586,-67.374836
BUBOB,56.224136,-61.830333
BUBON,49.245044,-67.963178
BUCFA,51.503672,-2.161414
BUCGO,51.768356,-2.610333
BUCHH,42.658614,-77.21835
BUCKO,39.293839,-79.825028
BUCYK,42.293364,-70.683756
BUDAC,42.765003,-72.011597
BUDAR,50.0,-52.0
BUDAY,35.897878,-77.858317
BUDIT,37.9725,-2.504444
BUDLY,41.583389,-70.601819
BUDON,57.701903,-0.56205
BUDRY,40.567311,-75.335875
BUDXE,50.471747,-3.295614
BUDYY,37.914336,-77.402644
BUFET,36.272069,-79.712817
BUFFR,39.459347,-77.598314
BUFFY,41.941108,-75.6126
BUFST,42.944875,-78.887794
BUGAY,35.76545,-77.965083
BUGEL,38.750167,-79.735364
BUGIX,42.358056,-3.635278
BUGSY,44.722653,-74.141411
BUGUP,51.876992,-1.616636
BUHBE,36.938333,-73.087778
BUKOX,36.802694,-4.858806
BUKRE,44.087964,-70.372461
BUKYY,38.705556,-76.745175
BULGE,43.428386,-78.926739
BULGR,39.316522,-77.483025
BULII,38.071214,-77.298481
BULOX,48.55,-0.766667
BULRD,39.254556,-76.568333
BULSI,39.112781,-77.320614
BUMOG,39.983889,-8.648056
BUMPP,37.942492,-77.852925
BUMUD,65.618661,-36.618872
BUNAV,46.5,-8.75
BUNED,52.62275,-6.630056
BUNEW,35.301372,-79.30755
BUNKK,37.526036,-77.064994
BUNON,52.374917,-9.543556
BUNOT,48.052583,-1.494444
BUNRE,41.579317,-74.046453
BUNZZ,38.872603,-77.926939
BUOYY,42.434844,-70.773517
BUPDE,40.598117,-74.565458
BURAY,40.531178,-75.2
BURDY,41.955317,-70.952069
BUREX,39.811056,-3.939306
BURGR,43.733122,-72.330703
BURGY,39.469333,-77.736069
BURLL,41.599497,-74.5597
BURNI,53.727156,-2.517739
BURNM,39.247806,-73.919875
BUROV,41.597167,-0.874667
BURRK,41.977267,-70.655658
BURST,42.522333,-77.845358
BURTT,38.433969,-79.814653
BUSEN,38.545,-10.0
BUSKY,40.502264,-75.501906
BUSSI,36.516942,-78.834011
BUSTR,39.838389,-78.098294
BUSVE,51.773336,-1.856078
BUSYA,41.969531,-79.731178
BUTAY,38.285864,-78.037206
BUTGE,35.829931,-77.195625
BUTOX,44.298928,-73.050706
BUTRE,41.475325,-70.724106
BUTRZ,38.526583,-77.794569
BUVBE,38.258536,-78.041381
BUVCA,41.193114,-79.936153
BUVKE,41.756781,-70.899019
BUXTO,43.659922,-70.537769
BUYLA,41.689258,-70.487869
BUZAD,51.942244,-0.552281
BUZIE,39.582758,-75.795125
BUZON,40.715094,-73.984164
BUZRD,41.546078,-70.964081
BUZZD,40.766042,-74.117939
BUZZY,35.505317,-79.385744
BW004,61.111931,-45.756933
BW005,61.028978,-46.075114
BW006,60.916761,-46.081458
BW020,61.188922,-45.376003
BW021,61.277581,-45.219069
BW022,61.356631,-45.078114
BWF06,61.043819,-45.630269
BWF47,61.088078,-45.622742
BWI06,60.961967,-45.772311
BWI47,61.082428,-45.759578
BWINE,39.803831,-75.558503
BWM06,61.11865,-45.499542
BWM47,61.12745,-45.505522
BWT47,61.111931,-45.756933
BYEBY,40.944231,-74.503403
BYEDN,39.678222,-75.6069
BYLND,42.546978,-71.098378
BYNAM,38.171808,-76.623336
BYNER,39.772617,-79.59235
BYRDD,40.092203,-75.818692
BYRNE,35.065197,-78.607942
BYSEA,42.464772,-71.188164
BYSEL,38.25075,-75.281353
BYULA,38.565325,-77.075744
BZ090,43.468972,-1.466056
BZ092,43.540944,-1.739333
BZ270,43.467556,-1.593556
BZ272,43.654444,-1.598111
BZ274,43.610194,-1.22925
BZ275,43.545528,-1.405333
BZ276,43.547,-1.24425
BZ277,43.470528,-1.403694
BZ360,43.58425,-1.593556
BZ501,43.395806,-1.262028
BZ503,43.394167,-1.439639
BZ504,43.367528,-1.454222
BZ505,43.392528,-1.593556
BZ506,43.350861,-1.566472
BZ507,43.390917,-1.737611
BZNGA,36.414667,-78.496967
C23LF,53.453561,-2.058178
C23LI,53.484728,-1.993053
CAAHL,42.395639,-72.914633
CAANO,38.529547,-74.9812
CAAPE,45.300008,-65.296142
CAARY,38.327692,-78.393642
CAASH,38.573269,-78.138414
CABAG,41.874097,-72.854736
CABAK,42.719867,-73.971328
CABBN,38.985267,-77.176653
CABCI,44.822206,-71.715317
CABEB,44.149744,-70.351206
CABED,35.726994,-78.400706
CABIP,43.875103,-72.167753
CABOD,39.970117,-74.749267
CABOO,37.115522,-76.240131
CABRL,37.813808,-77.735742
CABTO,42.358675,-73.691058
CACCU,39.665556,-72.129167
CACRA,40.406314,-75.141711
CACVA,42.396711,-71.364981
CADAX,40.531444,-75.568628
CADBI,41.648842,-79.744036
CADDE,41.851603,-72.844378
CADEG,43.298892,-71.822408
CADIB,41.115622,-79.851378
CADID,38.943131,-75.601847
CADIL,47.735278,-60.424444
CADIR,39.803219,-78.356792
CAFKI,41.917306,-77.744803
CAFOD,41.955925,-75.124603
CAGAG,40.311633,-74.159728
CAGER,36.992331,-76.633192
CAGLU,35.675939,-76.828508
CAGMO,68.608142,-53.225192
CAGON,39.812936,-74.286319
CAGUG,43.240164,-73.6051
CAGXY,37.601222,-75.795875
CAHOW,42.682558,-72.286581
CAHSO,43.054525,-75.983294
CAINA,65.391797,-18.192022
CAJIN,36.841508,-76.145825
CAKEY,35.790939,-78.909539
CAKIX,37.316908,-79.991869
CAKLO,45.151058,-67.248731
CAKOM,38.986319,-78.010472
CAKUP,45.627933,-70.229867
CALCE,43.362722,-3.316667
CALDA,53.774167,-2.643994
CALED,41.807731,-70.442769
CALEY,36.7409,-76.347878
CALFF,40.969706,-73.616961
CALMI,37.733608,-77.23665
CALMM,42.357242,-70.553792
CALPE,38.615353,-77.798089
CALRI,64.250803,-52.114725
CALRU,43.2098,-77.600983
CALUG,43.076189,-76.654219
CALVN,37.364381,-78.869689
CALVY,43.804336,-79.474467
CAMBR,41.703986,-73.23785
CAMEY,43.017642,-77.553492
CAMIR,38.229269,-77.496669
CAMMO,41.625503,-74.550917
CAMPI,37.949444,-4.997778
CAMPO,45.447208,-70.348536
CAMPU,41.698339,-72.400175
CAMRN,40.017303,-73.861058
CAMRU,40.423153,-76.586275
CAMTN,43.883889,-71.655833
CAMUP,38.916178,-79.857436
CAMWI,42.511658,-71.152661
CAN35,49.751261,-0.394731
CANAL,42.669031,-70.022711
CANAN,42.492839,-73.446686
CANAR,41.385833,-7.469722
CANDR,40.970986,-74.959828
CANEL,67.983856,-60.764025
CANFI,40.563611,-3.0675
CANME,45.487858,-67.621333
CANNY,39.061089,-75.677958
CANOB,36.759742,-76.015569
CANSU,49.0,0.0
CANTY,41.4914,-74.104372
CANUV,39.428514,-75.621231
CANZI,51.022583,-6.970011
CAPAB,37.270436,-79.2372
CAPAC,38.928283,-75.325497
CAPIN,37.177475,-79.287589
CAPIT,40.760553,-73.630406
CAPIV,38.934744,-79.023933
CAPKO,38.7057,-76.74515
CAPLU,43.2098,-77.600986
CAPNU,44.447703,-73.350489
CAPOE,38.853647,-78.374292
CAPON,39.305497,-78.429775
CAPUK,45.119333,-69.149781
CAPUM,42.796236,-75.536311
CAPVC,38.749667,-77.034711
CARAC,43.0,-60.0
CARAK,40.571542,-74.464719
CARAY,43.114886,-70.853475
CARBO,36.252222,-1.495
CARDA,44.681092,-68.3435
CARED,42.931597,-71.188411
CARLD,41.369,-72.536139
CARLL,38.760272,-77.442942
CARLO,41.034444,-2.169167
CARML,37.361817,-77.969003
CARMR,43.7987,-69.925817
CARUM,39.318425,-74.714486
CARVO,43.516433,-72.949203
CARVU,39.296619,-76.792153
CARWI,51.4183,-3.2956
CARYL,39.547464,-74.793639
CASAR,40.703333,-3.426389
CASEE,37.301033,-77.388928
CASEL,53.831147,-4.182431
CASID,45.976844,-64.863783
CASIL,42.744631,-74.581778
CASLE,40.905942,-73.720086
CASLU,38.540014,-9.809978
CASLY,38.054006,-77.861036
CASSH,41.593933,-73.704742
CASTL,39.644369,-75.606683
CASTR,48.866667,-66.833333
CASUB,40.494147,-74.657306
CASVI,40.108708,-74.194292
CATAL,37.440508,-77.602517
CATAR,35.835403,-79.300181
CATAY,39.111344,-76.773161
CATFE,39.406667,-72.3575
CATIE,41.345597,-71.810589
CATIK,44.058006,-72.4485
CATIR,43.2675,-73.348467
CATNU,35.764475,-78.220553
CATOD,40.542606,-73.537233
CATOG,45.917167,-72.883758
CATON,39.805333,-1.211667
CATTZ,35.781956,-78.889928
CATUT,44.502061,-69.03115
CATVI,39.097942,-76.820892
CATXO,40.778803,-74.253653
CAVDA,42.811806,-78.992825
CAVDI,38.425953,-76.912081
CAVDO,42.058633,-71.207769
CAVEN,39.832506,-77.286669
CAVIL,44.992083,-68.604783
CAVLR,38.239206,-77.483583
CAVRU,40.729578,-75.600522
CAVUM,39.094094,-76.914325
CAVUR,45.185278,-75.487778
CAVZA,40.656125,-74.679467
CAWZE,51.374264,-1.988903
CAXEN,44.371372,-70.707689
CAXID,36.048142,-78.693278
CAXIT,35.034714,-76.063711
CAXIX,44.936178,-67.062272
CAXON,44.128058,-76.361542
CAXOP,41.163556,-77.041511
CAXUN,40.694769,-73.871994
CAXUX,41.568794,-79.738614
CAYAV,35.661317,-79.536289
CAYLY,45.621206,-62.241717
CAZAR,38.503056,-5.237778
CAZON,37.430278,-6.185278
CB26,53.460453,-60.071797
CBEAR,42.255539,-71.160081
CBEAV,38.371947,-75.264772
CBIRD,44.842736,-71.101211
CCHIP,37.935225,-79.113836
CCS36,38.925064,-6.285575
CD02,36.581556,-6.137722
CD025,38.631411,-9.073472
CD03,40.854683,-5.570308
CD04,42.691611,-2.910361
CD05,45.561722,-0.460833
CD051,44.803111,-0.825111
CD052,44.890583,-0.726972
CD06,40.115528,-0.134278
CD07,35.570189,-0.777228
CD09,49.4221,-2.8196
CD10,53.354489,-6.748342
CD10Z,38.317208,-0.811842
CD11,43.628806,-6.312861
CD12,43.399806,-3.153028
CD12R,41.807389,-1.378167
CD13,36.869861,-4.771222
CD17,43.089111,-8.4765
CD18L,40.777583,-3.560722
CD18R,40.698139,-3.615083
CD20,36.924361,-5.974333
CD21,43.484417,-8.242333
CD216,38.024639,-4.690972
CD22,53.472403,-6.177669
CD23,45.738333,-0.138139
CD231,37.986333,-4.638306
CD23Y,45.742861,-0.128139
CD24,57.580081,-7.121344
CD25,35.667933,-5.067461
CD25L,35.702033,-0.368417
CD25R,35.710144,-0.372403
CD262,35.310361,-2.696
CD27,49.431953,-2.386919
CD28,53.283006,-6.059978
CD289,42.395667,-2.073833
CD28Z,38.250528,-0.332417
CD29,44.783917,-0.413297
CD30,43.192889,-2.568806
CD30L,41.994972,-0.121639
CD30R,41.574917,-0.692833
CD31,38.7425,-6.557222
CD32L,40.333167,-3.423722
CD32R,40.325722,-3.44075
CD35,42.7155,-8.359222
CD36Z,36.779453,-25.158422
CDIHE,42.0,-68.658333
CDLAC,44.549439,-68.299681
CDOGG,43.464094,-71.141056
CEBEE,36.881339,-76.158197
CEBER,39.436169,-77.858642
CEBET,36.98065,-76.931761
CEBOX,40.771586,-78.781222
CEBUV,42.790864,-76.772058
CEDAP,43.963089,-68.934903
CEDAR,52.518611,-1.82
CEDDA,40.929228,-74.312561
CEDER,39.040025,-78.005989
CEDMA,40.176583,-78.666778
CEDNA,35.781656,-77.958375
CEDOR,42.746156,-74.308372
CEDSA,43.102458,-76.296231
CEDUX,44.347675,-71.991211
CEEDE,35.903294,-79.8531
CEEGL,40.533556,-73.595917
CEETE,39.045703,-73.257469
CEFOU,47.737222,-69.0
CEFOX,38.551653,-9.402703
CEFSY,39.950278,-75.797314
CEGAM,42.983722,-2.236361
CEGAV,35.186669,-78.074561
CEGAX,37.451419,-77.414142
CEGLI,36.897403,-76.312203
CEGRU,36.101706,-76.123817
CEHJI,43.538617,-72.434569
CEHOG,40.608969,-77.957536
CEKAD,36.639558,-76.344936
CEKAN,42.160333,-76.586067
CEKAY,43.020725,-70.423553
CEKLU,42.380628,-72.703417
CEKOP,35.540036,-79.729764
CEKRA,43.689267,-72.955342
CELAC,39.921769,-77.937839
CELAG,39.043319,-78.764783
CELDU,40.746683,-77.297031
CELER,41.733861,-79.952842
CELIR,36.730828,-76.136928
CELLO,62.238333,-20.468333
CELPA,40.010444,-75.471033
CELSY,41.312236,-78.557139
CELTK,42.266403,-70.103425
CELVU,44.221483,-73.805547
CEMAD,40.550219,-79.350747
CEMAR,40.247028,-74.210611
CEMEK,39.832044,-75.208483
CEMFY,40.343208,-75.3024
CEMIG,43.121381,-77.724133
CEMKU,43.825081,-70.234411
CEMPA,42.838786,-72.193953
CENKO,35.067378,-78.663006
CENOX,43.332989,-73.587853
CENTA,39.900611,-1.432
CEPAG,43.088208,-77.750153
CEPAN,39.9904,-75.937817
CEPEB,42.976992,-76.792447
CEPGU,41.591831,-71.405619
CEPIG,41.56675,-71.234911
CEPKO,44.205661,-70.236011
CEPOG,40.893344,-73.782361
CEPTO,38.672078,-77.461561
CEPUL,41.777231,-69.720167
CERAA,42.285842,-71.043306
CERAP,42.706767,-73.202803
CERAV,38.866664,-76.1443
CERIN,36.898869,-76.215389
CERNI,40.158331,-76.385864
CEROD,41.320364,-70.143542
CEROL,38.316422,-78.794103
CERUP,42.240383,-76.762131
CERYA,35.465142,-79.578558
CESAL,44.385428,-73.134517
CESED,40.213767,-76.515494
CESET,39.308125,-78.169061
CESGE,47.366608,-68.563339
CESID,40.552028,-73.883283
CESIL,39.027997,-77.764119
CESON,43.182317,-77.998725
CESQA,51.661386,-1.619992
CESUG,46.833053,-68.327639
CETAK,44.358144,-73.227167
CETEL,40.148814,-76.230231
CETIX,40.213011,-78.737931
CETLA,38.828561,-78.420267
CETZO,40.902972,-75.157725
CEVAX,41.485656,-74.228331
CEVEY,44.379994,-72.057156
CEVIB,44.194711,-72.704247
CEWHI,53.943639,-8.53475
CEXEL,39.506486,-75.715611
CEXIR,40.332094,-75.491681
CEYAC,39.127781,-77.579156
CEYAK,42.814697,-72.276456
CEYAN,44.816517,-67.516908
CEYAP,43.907886,-75.503006
CEZAC,44.006692,-69.446169
CF01,38.93015,-75.390522
CF01Y,63.850122,-22.605483
CF02,41.541867,-72.592728
CF03,41.38085,-74.314547
CF04,54.461467,-6.058922
CF04X,63.999964,-51.8179
CF05,57.413786,-4.325719
CF05L,53.242769,-2.503553
CF05R,53.219772,-2.541392
CF06,51.210167,-0.972511
CF07,54.971636,-1.938189
CF08,54.064597,-4.8362
CF08R,51.111369,-0.454736
CF08Y,53.174036,-60.754661
CF09,66.907178,-51.203119
CF09L,51.476222,-0.751481
CF09R,51.463561,-0.748939
CF09Z,37.18575,-4.115917
CF0RX,37.602194,-1.03475
CF0RY,37.682722,-0.931194
CF0RZ,37.575444,-1.069083
CF10,63.984764,-22.925183
CF10Y,38.328556,-0.894111
CF11,48.334978,-71.295286
CF12,55.575622,-4.78695
CF12R,41.762281,-1.263964
CF13,53.366697,-4.750494
CF13L,40.671247,-73.849869
CF13R,40.653919,-73.863017
CF14,40.821144,-73.547672
CF14W,38.969533,-9.491183
CF14Y,38.956772,-9.477422
CF15,52.587292,-1.897106
CF15Y,42.938131,-1.769233
CF16,57.338739,-2.299167
CF17,54.801806,-6.309808
CF17Y,43.069103,-8.473306
CF17Z,43.088778,-8.479861
CF18,58.341817,-6.355128
CF19,51.949117,-1.285797
CF195,39.101036,-79.822581
CF19R,38.327178,-7.899636
CF19Y,64.337403,-21.977514
CF20,51.070264,-1.289778
CF20Y,36.89335,-5.987381
CF20Z,36.925111,-5.971861
CF21,52.200592,-0.487314
CF219,42.433575,-72.544283
CF21Y,43.442975,-8.261214
CF22,54.761436,-5.700314
CF22L,35.579994,-79.998231
CF22Y,40.591072,-3.328869
CF23,57.635381,-3.844719
CF23L,37.853819,-0.709956
CF23R,53.486458,-1.998811
CF24,51.330342,-0.611983
CF240,69.412881,-50.779197
CF25,55.100197,-1.453881
CF26,54.112317,-4.390319
CF26L,51.173664,-0.004003
CF27,59.905858,-0.974717
CF27L,51.465481,-0.167544
CF27R,51.478222,-0.166797
CF27W,37.418472,-5.675361
CF27X,37.418347,-5.745336
CF27Y,37.418347,-5.745336
CF27Z,37.418472,-5.675361
CF28,63.984772,-22.318633
CF284,36.808889,-2.138583
CF285,38.972533,-78.949956
CF29,50.032347,-5.059028
CF2LX,37.878167,-0.642861
CF30,55.415603,-4.324761
CF30Y,51.345781,-3.182853
CF30Z,61.965639,-6.886294
CF31,43.283511,-0.235644
CF32,41.671539,-78.45785
CF33,52.349775,-1.632639
CF35,42.716278,-8.354944
CF36,58.098253,-6.30885
CFBBX,39.106011,-76.747542
CFBBZ,39.141167,-76.778775
CFBFK,38.838231,-77.104761
CFBGW,38.9295,-77.079831
CFBKF,41.724711,-72.648953
CFBLJ,38.9847,-77.686992
CFBLT,37.224208,-79.267633
CFBMF,40.628503,-73.841417
CFBMG,40.633047,-73.825622
CFBMK,42.688603,-74.038375
CFBMM,40.871717,-74.161136
CFBMP,40.728367,-74.180578
CFBMQ,40.840447,-74.143003
CFBMT,35.193269,-77.7556
CFBMX,37.582461,-77.363406
CFBMZ,37.562114,-77.256744
CFBNB,37.541814,-77.405922
CFBNC,37.586722,-77.317586
CFBND,37.425425,-77.312653
CFBNF,37.470264,-77.2244
CFBNH,37.452544,-77.395214
CFBNJ,37.433914,-77.297514
CFBNK,37.098883,-77.995747
CFBNN,40.254925,-75.360403
CFBNP,40.798319,-73.815175
CFBNQ,40.671908,-74.109025
CFBNR,40.575122,-74.140464
CFBPP,38.9606,-77.686883
CFBSH,40.029353,-74.446539
CFBTZ,40.687478,-73.245194
CFBXJ,38.727456,-77.519389
CFCCJ,40.393656,-75.321856
CFCDV,41.895103,-71.282317
CFCFW,41.761372,-70.129617
CFCGN,44.717231,-75.262206
CFCHM,42.645817,-79.421461
CFCHP,41.325206,-73.673581
CFCHQ,41.169989,-73.658197
CFCHV,43.028492,-71.393689
CFCHW,41.041889,-73.611211
CFCJJ,42.244719,-79.051808
CFCJL,41.168011,-73.707667
CFCJX,36.931583,-76.111231
CFCLC,43.064611,-76.035489
CFDHN,43.070242,-76.011686
CFDJM,43.070953,-76.008686
CFDMH,43.155247,-76.013719
CFDRR,40.153189,-77.096356
CFDRX,41.117817,-73.822164
CFDTG,37.645444,-77.426972
CFDWJ,36.018003,-78.33625
CFDWV,41.930178,-78.805497
CFDZN,37.331728,-79.914958
CFFBH,41.031239,-73.564944
CFFBP,37.372836,-79.895064
CFFBQ,37.223783,-79.832275
CFFBR,37.176008,-79.927794
CFFBT,36.864725,-76.288333
CFFBW,42.3544,-70.937386
CFFCN,42.407139,-70.864064
CFFFR,42.292228,-70.847508
CFFGJ,40.717269,-73.009836
CFFGL,40.816883,-72.879122
CFFGQ,39.219119,-76.8101
CFFGW,39.806722,-79.829114
CFFGZ,41.765617,-71.324328
CFFHB,41.810475,-71.419506
CFFHC,41.679233,-71.555875
CFFHD,37.521111,-76.771406
CFFHG,40.241153,-74.944544
CFFHH,40.177111,-74.865072
CFFHJ,40.278639,-74.726436
CFFHL,40.277489,-74.726458
CFFHN,39.133889,-76.568356
CFFHP,39.085147,-76.655244
CFFJL,38.86915,-77.062186
CFFJM,38.880167,-77.0914
CFFRB,41.843986,-72.733781
CFFRC,41.902231,-72.813572
CFFRD,42.031597,-72.644108
CFFRF,41.973228,-72.564294
CFFSN,36.261583,-79.782561
CFGBK,35.936561,-77.769319
CFGGV,40.029236,-74.446594
CFGHQ,43.063708,-76.223236
CFGXR,38.59055,-76.787839
CFHBJ,43.119808,-78.301742
CFHHD,42.462206,-79.902214
CFHLN,43.063111,-76.225281
CFHSN,42.95345,-78.643253
CFHXR,40.128256,-74.531547
CFJJB,43.009133,-78.703078
CFJRZ,42.962361,-78.637069
CFLBJ,38.876503,-77.407358
CFLBT,39.125386,-76.659619
CFLCJ,39.325519,-76.754914
CFLCM,39.283183,-76.830281
CFLCN,39.204281,-76.506231
CFLCQ,39.115219,-76.585386
CFLDF,37.303328,-79.961019
CFLFX,39.881481,-75.212644
CFLGA,40.748711,-73.85835
CFLGZ,38.876503,-77.407336
CFLNN,40.646389,-73.756953
CFLSR,42.257836,-71.703536
CFLVP,41.156842,-73.1317
CFMCB,41.561997,-70.354847
CFMCD,43.109067,-78.747325
CFMCG,43.132894,-77.322428
CFMDR,42.587933,-71.259633
CFMKH,42.872294,-78.755581
CFMNB,42.875811,-78.745808
CFMPW,42.962544,-78.883264
CFMRJ,42.925817,-78.831231
CFNBR,42.954161,-78.640467
CFNRV,41.514478,-75.253128
CFPHR,35.379158,-78.476006
CFQFT,43.004044,-78.711044
CFQHD,43.284086,-79.085353
CFQRL,38.590522,-76.808778
CFRBD,42.945697,-78.918222
CFRLM,40.906017,-74.380075
CFSHT,40.279142,-74.819781
CFSKX,43.123044,-79.065122
CFTBR,42.961794,-78.966539
CFTZC,41.591672,-71.284325
CFVGQ,42.986206,-71.527778
CFVKH,44.993342,-69.098169
CFVLP,35.771056,-78.841522
CFVVL,35.838317,-78.919136
CFVVM,35.770828,-78.840514
CFVVN,35.911678,-78.663506
CFVVP,35.987578,-78.734844
CFVWJ,42.842575,-71.442769
CFVXC,43.100789,-79.061206
CFZJV,40.125208,-74.534806
CFZKG,40.022775,-74.463892
CHAIR,40.196969,-74.363389
CHALN,40.674386,-73.653269
CHANT,40.316192,-73.756942
CHANY,44.250247,-74.59815
CHAPL,35.891153,-79.048983
CHARE,51.603167,-0.264833
CHARN,54.889722,-80.0
CHARP,51.396522,-55.817689
CHASE,52.613197,-1.9172
CHATH,45.364647,-65.981819
CHATR,39.204203,-77.462186
CHAWB,37.995856,-75.510636
CHAYN,38.93,-77.116667
CHAZR,39.49115,-75.741147
CHDMN,39.216422,-77.45575
CHELC,42.424517,-70.976228
CHENA,37.357778,-5.481389
CHERN,42.823425,-71.602217
CHESA,40.594067,-74.23105
CHESY,42.713344,-77.287369
CHETM,39.801169,-75.461681
CHEUY,42.229722,-72.542222
CHEWE,40.732758,-74.837669
CHHAD,44.370097,-74.289144
CHIMP,36.936992,-76.289975
CHINN,57.964167,-4.188094
CHIRM,35.809439,-78.719894
CHKST,42.398614,-71.690631
CHLSE,40.6767,-76.249942
CHNZO,40.898439,-73.910478
CHOPY,41.5317,-70.453739
CHPMN,39.729592,-75.082506
CHRIT,44.979622,-67.472025
CHUBB,49.431667,-2.808333
CHUBY,36.039978,-72.326719
CHUMI,39.104331,-77.052922
CHUMR,40.699222,-74.126336
CHURK,38.48465,-76.21825
CHWAN,36.164392,-76.695739
CHWDA,43.952572,-70.3443
CHWDH,42.304317,-70.729706
CHWDR,35.705111,-79.010375
CI03,46.978319,-1.743414
CI05,54.429006,-1.579028
CI06,55.815336,-3.7665
CI07,51.70855,-1.806914
CI08Y,54.988506,-7.422883
CI08Z,54.979872,-7.463597
CI09,58.951236,-3.176933
CI09Y,37.186028,-4.085667
CI10Z,38.324497,-0.864997
CI14Y,53.95755,-1.801836
CI14Z,53.982136,-1.839878
CI15Y,38.922331,-27.259192
CI16,57.343367,-2.302611
CI17,41.453658,-8.735358
CI18,52.914483,-2.658864
CI20,53.704758,-0.260353
CI21Y,41.077717,-5.414061
CI21Z,41.097667,-5.399944
CI23,57.823417,-3.128444
CI23Y,45.757917,-0.143972
CI24,56.057661,-3.052686
CI25,53.794914,-2.635136
CI25L,35.706483,-0.370497
CI25R,35.708617,-0.371511
CI25Y,36.905861,-2.116325
CI26,56.400236,-2.537478
CI26B,52.235064,-9.262428
CI27,58.963353,-2.663608
CI28Y,35.707719,-5.669639
CI28Z,35.707328,-5.665572
CI29Y,43.495694,-5.7495
CI29Z,43.494639,-5.745139
CI2LY,48.489658,-4.233039
CI2LZ,48.506358,-4.158472
CI30R,41.543278,-0.750833
CI30Y,37.646297,-25.396072
CI31Y,38.808189,-6.673236
CI31Z,38.781944,-6.626111
CI32,53.749428,-1.482231
CI35,53.995039,-3.211314
CI36,39.631669,-8.895083
CI361,40.741203,-8.630308
CI362,40.720736,-8.628481
CIBAC,37.524683,-76.700272
CIBEN,37.315742,-76.639656
CIBEV,44.639947,-67.441011
CIBID,41.598811,-73.933753
CIBNI,41.054539,-72.529172
CIBOP,39.86135,-74.898589
CIBRA,36.822064,-77.717492
CIBRO,38.193567,-78.966494
CIBTA,42.932517,-73.350275
CIBTO,43.640261,-72.953597
CICAT,40.839942,-75.268061
CIDGO,37.942203,-75.350481
CIDLO,38.189172,-26.738456
CIDOB,39.429697,-75.978722
CIGBA,41.009472,-79.817414
CIGPA,42.595481,-72.328794
CIGVE,36.853639,-75.986644
CIKOR,36.122014,-78.236967
CIKSO,39.588411,-74.787303
CILAN,40.007425,-74.811028
CILDA,40.423594,-75.285161
CILGI,41.418469,-75.632294
CILVA,40.805497,-72.676086
CIMBL,40.753125,-74.005314
CIMLO,41.412397,-78.624081
CIMOG,36.901775,-78.861989
CIMOT,43.455086,-73.649217
CIMVI,42.818878,-72.276133
CINCE,38.255278,-73.118056
CINDI,39.24665,-76.312825
CINOD,43.790269,-72.363117
CINUP,40.322,-74.317639
CIPIX,40.314464,-75.353203
CIPNA,44.17175,-75.968167
CIPOK,39.746217,-74.974075
CIRAN,38.145228,-75.230244
CIRAX,39.021931,-79.940689
CIRCK,63.826786,-68.976917
CIRCL,38.883994,-77.195664
CIRIR,41.791733,-71.151508
CIRKO,35.411006,-78.700658
CIROM,39.626092,-75.608778
CIRRU,42.493439,-73.692189
CISKI,42.635764,-79.440036
CISON,39.914856,-74.716931
CISSY,39.638917,-75.85205
CITET,42.726856,-74.955844
CITTY,39.230944,-76.538
CITUM,40.072017,-74.494864
CIXAK,35.9381,-77.582364
CIYAT,37.375694,-79.367103
CIYAY,42.323511,-75.171131
CIYEP,45.974628,-67.921047
CJ10F,53.799736,-1.329383
CJ10I,53.811669,-1.415347
CJ28F,53.764947,-1.079758
CJ28I,53.747417,-0.95455
CJM01,53.795297,-1.297294
CJM02,53.743531,-1.302169
CJM03,53.693653,-1.156167
CJM04,53.772456,-1.133286
CJM05,53.722203,-1.153267
CJM06,53.7472,-1.333286
CJM07,53.854272,-1.291106
CJN38,39.963608,-3.174422
CJN40,39.949075,-3.219992
CK001,51.833611,-8.844167
CK002,52.038611,-8.979722
CK003,52.129167,-8.943611
CK004,51.724167,-8.059444
CK005,51.704444,-8.766667
CK006,51.497222,-8.639167
CK007,52.147083,-8.673333
CK008,51.858083,-8.501056
CK010,51.905194,-8.529
CK011,51.85825,-8.501167
CK012,51.90475,-8.52325
CK013,51.866278,-8.505861
CK014,51.799444,-8.466389
CK015,51.822889,-8.48025
CK017,51.794583,-8.463528
CK018,51.822333,-8.479917
CK019,51.795194,-8.460722
CK020,51.816389,-8.476361
CK021,51.820139,-8.562778
CK022,51.841611,-8.496
CK024,51.818639,-8.572722
CK025,51.83375,-8.518778
CK026,51.847028,-8.479111
CK028,51.849,-8.471028
CK029,51.708417,-8.41275
CK030,51.974167,-8.569972
CK031,51.89525,-8.298028
CK032,51.773417,-8.679806
CK033,51.704278,-8.432944
CK034,51.96925,-8.589722
CL01,65.433644,-18.222617
CL05,40.202,-3.845833
CL09,59.856411,-1.612394
CL09Y,37.417056,-6.097222
CL10Z,38.325353,-0.871258
CL12,62.115178,-7.656278
CL13,64.179828,-22.175333
CL21,55.158583,-8.26675
CL21Z,41.11975,-5.384417
CL27,38.954897,-1.645944
CL29Y,43.495472,-5.748611
CL29Z,43.49475,-5.745583
CL30R,41.572069,-0.816792
CL30Z,43.196344,-2.626592
CLADD,39.005111,-77.959428
CLAKE,41.436639,-74.141414
CLAMB,38.287714,-76.400339
CLAMY,41.177778,-70.535269
CLANA,36.508889,-6.726972
CLANE,53.292778,-6.686667
CLAPY,35.594719,-76.909531
CLARZ,39.058653,-77.458033
CLASY,38.803058,-75.921192
CLAVY,64.233333,-59.0
CLAWW,42.390481,-70.812506
CLBRT,38.381539,-78.518225
CLEAT,39.191772,-76.971728
CLEEO,40.653211,-74.072839
CLERO,41.580869,-78.446797
CLETR,42.505103,-71.680858
CLIPR,39.448103,-76.421969
CLMPP,42.479925,-70.726436
CLNNT,42.098886,-71.319528
CLORY,39.204272,-77.059644
CLOWW,42.731528,-71.854583
CLS75,38.5775,-0.29565
CLTCH,38.447672,-77.905594
CLUBY,40.998986,-73.654044
CLUNG,43.054769,-78.003717
CLYDE,55.963453,-4.792086
CLYFF,37.669292,-79.153544
CM06F,53.766219,-1.357772
CM06I,53.7251,-1.454889
CM24F,53.897303,-1.045161
CM24I,53.929111,-0.968883
CMA29,41.335258,-1.143228
CMBRG,35.785281,-78.812431
CMM01,53.904392,-1.028117
CMM02,53.843728,-0.955811
CMM03,53.768747,-1.169081
CMM07,53.790564,-1.299992
CMM08,53.853119,-1.375244
CMM09,53.902908,-1.256778
CMM10,53.807764,-1.058708
CMS01,53.645833,-1.360278
CN014,42.137314,-8.654117
CN22,53.271908,-2.824658
CN25,47.361211,-1.903097
CN30A,45.209967,-0.001147
CN31,49.087711,-0.258189
CNA30,45.166039,-0.238308
CNOLI,42.448461,-70.865558
CNR33,40.117764,-3.921864
CNRSE,40.622425,-73.886914
CNTER,42.219733,-76.972381
CO03W,43.286722,-8.503278
CO05W,43.298583,-8.545944
CO401,43.268,-8.436083
CO402,43.360611,-8.456361
CO403,43.424944,-8.616611
COATE,41.136228,-74.695167
COATT,37.958281,-77.576803
COBEK,41.170483,-76.078164
COBER,41.133967,-71.839053
COBOL,42.087028,-72.887239
COBOV,40.690414,-75.328803
COCCU,52.267872,-0.056117
COCUN,39.026533,-9.0686
CODAC,38.322206,-77.372208
CODDI,42.381153,-75.006067
CODIP,41.216364,-76.794094
CODOL,40.726519,-74.483047
COF35,70.629303,-22.507167
COF51,70.845922,-22.572922
COFAX,40.312981,-77.966939
COFIE,41.852131,-71.418758
COGAG,35.422786,-78.023689
COGAN,39.086219,-78.067706
COGBO,36.051856,-78.303344
COGEN,40.236289,-78.768361
COGUD,42.349378,-73.653447
COHAN,35.440481,-77.873306
COHLE,39.340708,-75.576886
COI35,70.521917,-22.373472
COI50,70.928753,-22.555633
COINZ,38.581364,-77.373217
COJOZ,43.295528,-6.168056
COKBI,41.265958,-70.897994
COKLI,36.811761,-76.279731
COLAB,37.592303,-78.427969
COLBB,44.414436,-69.96415
COLBE,38.285622,-75.413844
COLEJ,47.527194,-61.581164
COLER,51.441078,-2.279081
COLIN,38.099786,-76.664125
COLKA,43.763533,-73.410219
COLKI,36.1947,-79.688669
COLLE,42.660939,-71.268556
COLRE,55.116389,-6.733889
COLUM,39.186983,-76.907542
COLUN,35.753778,-79.846628
COLYN,42.152683,-71.040108
COM35,70.688136,-22.581072
COM42,70.741125,-22.599236
COM52,70.74155,-22.594511
COMAU,45.360681,-74.0563
COMOK,41.0591,-74.146386
COMOL,40.737386,-77.536817
COMOZ,35.345608,-77.930467
COMPI,39.350833,-0.007778
COMUM,43.082564,-74.082489
CONAC,42.110208,-76.973753
CONCA,35.606308,-78.743511
CONCO,37.307311,-78.973047
CONEB,39.925817,-74.663867
CONET,43.026942,-76.009106
CONEZ,41.529972,-71.349239
CONFR,38.269694,-75.409161
CONHA,52.707344,-2.783128
CONKO,51.613333,-2.052828
CONLE,38.691739,-76.583783
CONLO,36.076056,-79.988619
CONOM,35.744444,-78.631964
CONUL,42.424444,-76.360497
CONVU,42.66105,-72.067611
COOEY,43.061136,-70.645
COOKK,41.628792,-70.088919
COPAP,42.210061,-73.732753
COPDA,40.324653,-78.291706
COPGU,43.683631,-71.552128
COPIL,35.187306,-78.996567
COPIX,40.209139,-74.904789
COPKO,40.69775,-74.104958
COPLY,42.497836,-70.557936
COPPE,40.444553,-79.955767
COPUR,59.7,-67.0
COPUX,44.549294,-72.9394
COQUE,47.079167,-4.990556
CORAC,46.372975,-67.932006
CORAM,40.919806,-72.939367
CORDU,37.8525,-4.924722
COREB,40.946244,-79.732147
COREM,40.182972,-75.266411
CORET,37.730233,-76.515328
CORIA,37.027444,-6.180528
CORLE,41.444306,-75.552558
CORMA,43.921639,-0.204944
CORNA,43.120278,-78.317222
CORNE,38.782778,-74.164444
CORNY,42.72855,-71.400389
COROR,40.803575,-73.923128
CORRT,42.445931,-70.759781
CORTA,42.673792,-76.076369
CORTO,40.646028,-74.105539
CORTR,37.347997,-79.542908
CORVT,40.799836,-73.657869
CORVU,43.009936,-78.284383
CORZY,41.612033,-74.310178
COSAX,41.479419,-71.302261
COSBY,41.500156,-75.593578
COSDU,38.558708,-79.046792
COSHA,38.965992,-75.514331
COSLU,40.478494,-79.95075
COSSY,41.532992,-70.950531
COSUR,38.794108,-76.869442
COTAG,41.688125,-71.456517
COTAX,40.323686,-75.951683
COTED,39.367008,-75.208908
COTEE,42.495064,-71.118867
COTEN,35.538303,-79.627675
COTMA,39.477714,-75.625756
COTSO,40.131536,-78.661419
COTUL,37.445242,-78.446525
COULD,35.421697,-77.188725
COUPN,36.714119,-77.012233
COURG,39.200317,-78.729033
COUSY,42.354978,-71.208806
COVAN,44.740467,-72.395431
COVAP,37.500822,-77.095808
COVDA,41.747269,-73.765272
COVIR,40.446289,-74.026639
COVKU,35.623972,-79.564067
COVOB,40.945892,-77.113967
COVOD,41.601497,-70.382183
COVOJ,41.731067,-77.279647
COVSO,37.400133,-77.270542
COVTO,38.947106,-77.133953
COVUK,39.672967,-77.999
COVUL,39.273969,-77.454889
COVVE,40.873433,-73.654406
COWAD,40.090128,-75.336986
COWDA,39.911494,-74.482014
COWLY,51.615994,-1.064922
COWPA,40.664475,-75.21745
COWRR,39.325522,-77.454131
COWWE,40.604628,-74.220553
COXOG,36.890533,-75.957478
COYAC,40.125344,-76.279919
COYRO,37.438283,-77.557061
CPCOD,40.932269,-71.629372
CPT53,52.360089,-1.469878
CPT55,52.39285,-1.479511
CPTAL,39.537783,-77.698792
CQ01Z,42.076667,-8.671444
CQ03,65.004397,-14.709789
CQ07,51.694511,-1.799733
CQ19,65.905864,-18.229028
CQ25,51.780436,-1.365003
CQ27,38.600631,-28.167675
CQ29,68.736619,-52.476206
CR15,52.560481,-1.848772
CR33,52.382853,-1.654131
CR474,39.648581,-30.854494
CR475,39.659883,-30.983081
CR476,39.665731,-31.050278
CR477,39.581844,-31.113739
CR478,39.543814,-30.927067
CRAAB,42.359217,-71.007853
CRABZ,39.359669,-76.512658
CRACO,41.54425,-70.1935
CRADD,37.597839,-75.998092
CRADL,42.010244,-70.763208
CRAIL,40.686967,-73.343411
CRAIN,39.320686,-77.583681
CRAKL,39.111,-77.457272
CRAKO,35.915328,-77.803169
CRALY,41.077211,-73.626053
CRANK,41.416608,-74.388869
CRAYG,41.188156,-70.150333
CREAM,41.148847,-72.521756
CREEL,40.447364,-73.552967
CREPT,41.929053,-70.757392
CRESI,39.610922,-74.626294
CREST,41.073056,-8.486944
CRESY,44.370569,-71.460622
CREWE,52.818569,-2.307472
CRIBB,42.665539,-72.450239
CRIKK,35.405822,-77.715753
CRISA,38.938611,-4.556389
CRLET,39.387739,-77.453211
CRLTN,42.332822,-70.853589
CRLYN,38.517258,-77.633811
CRMRY,40.890714,-77.569639
CROAK,36.938519,-73.000019
CROCR,42.427556,-70.740022
CROFT,53.626914,-2.538847
CROIX,46.289103,-68.268781
CROOM,36.841528,-76.251056
CROOZ,39.070142,-77.280211
CROSE,39.3669,-74.937042
CROSI,45.156028,-66.018964
CROZE,40.603222,-79.169583
CRPLR,37.606669,-76.166019
CRROL,38.700456,-77.025328
CRUMB,37.469289,-78.141025
CRYST,42.238594,-79.459644
CRZ01,47.353306,-2.175861
CRZ02,47.339833,-2.218778
CRZ03,47.479222,-2.182528
CS281,38.689014,-8.835039
CS402,38.341986,-9.785383
CS406,38.738028,-9.834728
CS407,38.991597,-9.7227
CS413,38.212444,-8.963486
CS414,38.436533,-8.565408
CS440,38.662517,-9.523633
CS445,38.668658,-9.679014
CS447,38.765436,-9.680317
CS449,38.921006,-9.621308
CS452,38.408586,-9.673414
CS453,38.268211,-9.406561
CS460,38.714156,-9.522525
CS470,38.718433,-9.481122
CSHNN,43.647736,-70.196692
CSINO,39.260381,-74.481725
CSTAR,46.356164,-68.075156
CT01,53.082686,-4.534686
CT03,40.790278,-5.591667
CT04,50.858706,-2.854003
CT05,51.057922,-1.974194
CT06,44.448833,-1.288389
CT07,51.691756,-1.797714
CT08,53.018328,-0.761297
CT09,38.951944,-2.1025
CT10,36.657194,-6.555861
CT11,48.360372,-71.291878
CT13,53.372519,-4.730522
CT16,54.46015,-1.686108
CT18,48.527853,-71.032336
CT19,53.411128,-4.481681
CT19R,38.327533,-7.900125
CT1RY,41.760556,-1.31
CT1RZ,41.754694,-1.328647
CT21Z,41.122967,-5.358336
CT22,51.172422,-2.465667
CT23,48.344889,-4.274028
CT23Y,51.260025,-1.555483
CT23Z,51.260025,-1.555483
CT25,51.7846,-1.36655
CT258,38.732928,-8.909553
CT26,51.066353,-2.337206
CT27,51.225828,-0.763069
CT31,53.153331,-4.317558
CT34,54.088469,-1.404222
CT36,40.720714,-8.628097
CT3RZ,41.551536,-0.770247
CUBBE,39.780139,-75.591078
CUBEG,36.887322,-78.223003
CUBEL,37.082597,-76.361042
CUBMO,40.839461,-74.071081
CUBOD,44.791147,-72.208117
CUBRU,36.10595,-78.874581
CUBUT,39.915522,-75.019769
CUDBA,40.815161,-77.907897
CUDDY,56.7,-57.0
CUDIB,44.702444,-69.546236
CUDLY,38.533333,-26.840556
CUDOF,45.477222,-2.971389
CUDVA,44.22565,-68.378775
CUFDO,41.204608,-73.588422
CUGDA,41.159431,-71.683008
CUGET,39.427497,-75.148497
CUGOG,41.556631,-70.757128
CUGON,40.155264,-74.359044
CUGOP,42.855011,-73.766314
CUHSI,41.436317,-70.541933
CUJKE,41.163064,-70.563567
CUKAT,38.788892,-76.680164
CUKEK,42.053386,-70.310597
CUKLI,38.986203,-77.276336
CULAT,35.208747,-75.913622
CULAV,40.318139,-74.8487
CULCO,38.889917,-77.4756
CULEP,39.777842,-77.204494
CULSU,42.111311,-70.154411
CUMBE,39.412533,-76.60635
CUMBO,55.942778,-3.958889
CUMBR,43.805003,-70.234358
CUMBY,36.938056,-73.304444
CUMIV,35.578928,-77.870483
CUMUT,35.575428,-78.372
CUNED,39.177997,-76.746508
CUNIB,43.740181,-73.1741
CUNNY,38.728942,-78.404906
CUPAY,40.398128,-74.762289
CUPEG,44.732256,-69.363111
CUPNU,41.316303,-69.776644
CUPUG,42.108581,-71.123947
CURAB,37.770914,-75.594731
CURBY,39.554989,-78.609928
CUREN,42.947814,-72.600642
CURER,42.756239,-71.642997
CURLI,42.015289,-71.065094
CURNA,40.283719,-76.596258
CUROK,41.110914,-74.167067
CURUB,37.120883,-76.245058
CURUR,42.770344,-73.984447
CURVY,39.625336,-76.016114
CUSKA,41.810433,-71.353739
CUSOR,44.401589,-71.209178
CUTIL,40.091061,-74.481625
CUTIV,41.914742,-71.488492
CUTKO,41.172236,-75.481475
CUTLA,39.121586,-76.855125
CUTLR,40.334,-68.708333
CUTMA,41.280508,-73.092625
CUTOM,38.085478,-79.073911
CUTOP,39.168103,-76.971242
CUTOX,40.881467,-71.786631
CUTSA,42.862358,-71.530911
CUTSI,41.626267,-71.508333
CUTUX,41.226436,-71.707258
CUTZZ,39.165547,-77.456472
CUVAR,36.522711,-78.710156
CUVBA,42.531642,-79.2117
CUVIE,45.520033,-71.902883
CUVIN,40.744483,-72.769314
CUVKU,40.586019,-73.679378
CUVLU,42.687158,-73.802092
CUVOL,39.026572,-79.190147
CUVOT,44.720589,-68.702864
CUVTU,43.108736,-78.656711
CUXOK,39.015939,-75.456444
CUXOM,41.778811,-79.454714
CUXOV,43.0004,-71.359222
CVLRY,44.453722,-69.735992
CVRTN,40.929625,-72.79885
CW1CO,43.265417,-8.426889
CW2CO,43.271667,-8.402194
CW3CO,43.291694,-8.38575
CWALL,43.645233,-70.112781
CWINE,39.204306,-78.07035
CY281,45.664444,-0.729528
CY282,45.533806,-0.767194
CY284,45.539167,-0.847639
CY286,45.615889,-0.866778
CYN06,39.898256,-74.355247
CYOTI,42.156619,-71.257097
CYPER,42.108992,-74.273756
CYPTI,45.306492,-65.615275
CYRIL,44.949514,-75.401547
CZIMR,41.142928,-73.764936
D001L,51.154897,-1.333969
D002B,37.162558,-3.634489
D002K,49.073911,-54.621164
D003E,51.800836,-0.541328
D003O,40.618581,-4.234494
D004F,37.266697,-5.612597
D004G,45.774247,-0.300178
D004K,37.350008,-5.606864
D004Q,37.116172,-2.234706
D007D,51.799203,-0.533192
D007H,65.4075,-14.419167
D007J,56.043592,-4.413219
D007O,36.494939,-5.942222
D007R,43.855442,-5.963747
D008T,41.604253,-8.636361
D009B,36.711803,-4.500867
D009H,38.653517,-7.869625
D009I,43.59795,-3.870122
D010G,55.164675,-8.309594
D010H,65.440311,-14.374292
D010T,56.200111,-4.363456
D011H,43.688378,-5.975172
D011V,49.533794,-0.357575
D013G,42.340325,-8.594797
D013H,42.452144,-8.566758
D013J,58.621425,-3.034017
D013R,42.614819,-8.517164
D014L,53.443547,-4.469094
D014Y,42.729092,-8.485036
D015J,42.508828,-3.563117
D015U,36.5719,-5.876075
D015W,38.144831,-0.688567
D016T,39.805297,-0.359556
D017J,37.343067,-3.931194
D018J,42.892283,-1.631936
D018L,38.319861,-7.852392
D019H,39.073286,-1.803564
D019J,55.719422,-4.569275
D019Q,49.182783,-54.542536
D020F,36.909869,-5.985958
D021G,48.290797,-77.799464
D021N,43.776294,-5.896931
D021Q,37.097956,-2.132494
D022J,36.970214,-5.949675
D022K,43.472942,-2.826981
D023J,43.456442,-2.832286
D023L,45.843558,-0.199853
D024F,57.396864,-2.199003
D024M,43.507528,-1.704564
D025J,39.292675,-75.408158
D025K,55.704156,-4.558075
D025L,38.608386,-9.085969
D025M,55.6966,-3.197097
D025O,51.278256,-0.450472
D025R,51.323086,-0.415364
D026L,45.839203,-0.186231
D026M,37.370278,-5.505556
D026P,39.462669,-7.912825
D027V,41.984289,-0.807033
D027X,55.850117,-3.048222
D028H,42.440119,-8.519886
D028N,37.039378,-2.122597
D028O,41.164017,-5.353428
D028T,51.796139,-1.003308
D028U,58.026619,-3.049269
D029E,41.028056,-5.448889
D029N,43.763006,-5.855917
D029U,43.8659,-5.779944
D030G,43.411186,-1.74795
D031G,51.824933,-0.450106
D031K,41.865556,-4.727114
D031O,47.374889,-1.423519
D032L,38.597453,-9.058108
D032M,56.058036,-4.253778
D033G,51.057756,-1.250211
D033I,66.135133,-21.203775
D033O,37.987111,-0.635914
D033Q,49.175531,-54.437867
D033T,56.152811,-4.131567
D034D,65.296581,-14.38725
D034G,42.976194,-2.633203
D034J,36.9551,-5.913272
D034K,43.030767,-2.580986
D034N,43.071611,-2.541806
D035J,57.680378,-3.867514
D036E,45.729631,-0.238917
D036H,52.308914,-6.961022
D036I,45.783503,-0.182853
D036M,56.050492,-4.2307
D037E,52.908669,-1.233797
D037G,51.813392,-0.439733
D037H,54.733758,-5.7326
D037Y,52.683806,-1.242211
D038F,38.789617,-8.958172
D038K,55.722956,-4.622431
D038L,36.990875,-2.105717
D038M,42.395492,-72.407378
D039D,42.641061,-5.596089
D039J,57.673531,-3.850019
D039L,35.338231,-78.890025
D040F,55.946722,-4.335658
D040G,51.048836,-1.23115
D040R,43.789928,-5.746425
D040T,38.519781,-0.291461
D041B,51.329783,-0.411622
D041E,45.724919,-0.230475
D041H,43.498261,-8.189053
D041I,48.643008,-4.010917
D041R,48.752467,-3.871375
D041T,48.782983,-3.832322
D041Y,38.116114,-0.774558
D042E,51.810567,-0.015164
D042I,59.074161,-2.707131
D042J,55.739347,-4.627383
D042K,59.099567,-2.665447
D042M,59.124956,-2.623703
D042O,51.190278,-2.372844
D042R,43.667739,-3.632381
D042Y,59.277022,-2.371933
D042Z,38.1167,-0.750208
D043H,42.420364,-8.481181
D043L,45.805625,-0.116653
D043O,40.436833,-3.126369
D043P,57.678322,-7.039456
D043R,57.703311,-6.998472
D044G,40.564708,-3.360119
D044O,64.188286,-22.320319
D044R,40.715861,-3.173278
D044Y,38.101297,-0.754253
D045A,53.371233,-2.238831
D045F,47.64305,-0.054017
D045H,43.492022,-8.179564
D045I,37.869972,-0.68875
D045M,37.915833,-0.629028
D045N,44.989147,-0.484972
D045O,37.953394,-0.585375
D046G,56.040775,-3.212867
D046L,53.498953,-2.015358
D046N,57.879167,-3.027
D046R,43.652053,-3.613422
D046T,39.714581,-0.169375
D046Y,58.008078,-2.782931
D047C,55.831642,-4.501336
D047J,42.438325,-8.441456
D047K,51.271131,-1.535714
D047Q,51.337683,-1.4169
D047T,43.156386,-8.095681
D047Y,56.156561,-3.906928
D048C,55.83325,-4.50475
D048I,55.9715,-4.248931
D048N,44.9828,-0.476806
D048O,56.041019,-4.121047
D048U,45.060531,-0.354156
D048W,43.190731,-8.046011
D049G,40.55725,-3.350747
D049J,40.590311,-3.301497
D049Y,38.0748,-0.722697
D050C,55.991264,-3.292778
D050J,53.850542,-1.887706
D050K,53.861197,-1.866089
D050L,53.871847,-1.844458
D050U,38.028561,-0.778558
D051G,54.357167,-1.370253
D051L,53.482408,-2.002122
D051O,54.440575,-1.192469
D051R,38.039861,-4.557233
D051Y,38.063606,-0.710919
D052J,35.484692,-77.409072
D053J,52.300303,-6.874136
D053Y,57.930183,-2.944775
D054N,57.620806,-7.023381
D054O,37.330428,-3.737689
D055A,53.368569,-2.23505
D055H,37.854694,-0.6735
D055I,69.376261,-50.885667
D055L,37.300986,-3.788475
D055M,42.720917,-5.408342
D055O,37.919417,-0.550822
D055Q,51.306456,-1.378347
D055T,38.454436,-0.218389
D056H,50.854083,-1.663197
D056J,57.637761,-3.787111
D056M,42.717828,-5.405369
D057P,40.510506,-3.962533
D057R,40.528992,-3.92495
D058H,51.942058,-0.196236
D058I,51.084233,-2.437006
D059I,40.047667,-4.170853
D059J,52.282175,-9.291086
D059K,51.240089,-1.500014
D059L,38.053228,-1.013008
D060J,57.628003,-3.775394
D061G,50.8357,-1.676831
D062J,42.402708,-8.405439
D063L,59.968789,-0.931983
D064B,51.294269,-0.720839
D064J,41.877061,-78.432244
D064K,35.088942,-1.252872
D064M,44.006839,-0.225969
D065A,55.959678,-3.343608
D066T,51.089675,-0.862081
D066U,43.440122,-2.483139
D067F,53.053486,-1.371825
D067G,35.654025,-0.532131
D067K,53.446675,-60.074161
D067M,43.993211,-0.227436
D068E,51.338444,-0.325581
D068H,37.479642,-5.608028
D068I,51.202281,-1.530006
D069G,41.727519,-70.388586
D069O,51.233608,-1.378892
D069T,40.487486,-3.84155
D070J,51.541169,-0.214133
D070R,43.549492,-3.523383
D071H,43.441647,-8.13485
D071J,59.932453,-0.973339
D071L,53.806067,-2.579197
D071T,43.042514,-7.999442
D072R,38.355514,-0.205381
D072V,41.766839,-0.563367
D073C,51.889208,-0.286436
D073D,51.891036,-0.276086
D073E,51.895142,-0.252797
D073H,43.437242,-8.132756
D073O,53.472944,-60.086986
D073R,36.924967,-2.037867
D074B,51.160933,-0.107158
D074C,51.162653,-0.094192
D074D,38.726769,-8.951528
D074F,57.693953,-3.360392
D074H,43.435022,-8.131803
D074I,54.998539,-1.954758
D074K,51.3521,-0.164714
D074L,51.356342,-0.139008
D074T,48.624661,-3.675808
D075D,51.164372,-0.081225
D075I,43.367028,-8.152653
D075N,38.776281,-8.748042
D076B,51.756081,-1.551392
D076C,51.160922,-0.093522
D076D,51.162639,-0.080567
D076F,57.689869,-3.357658
D076I,59.000614,-2.615169
D076N,54.720806,-5.841236
D076O,53.46045,-60.0718
D077C,51.161144,-0.093603
D077G,51.336589,-0.268219
D077I,58.998094,-2.613836
D077J,43.338633,-2.701964
D078D,61.204708,-45.3044
D078E,51.16455,-0.081297
D078I,55.011281,-1.959417
D078L,43.507911,-1.241456
D078M,43.954619,-0.210992
D078N,43.955508,-0.201597
D079G,51.774258,-1.420539
D079H,50.109747,-5.047903
D079J,53.422936,-2.86085
D079O,38.311333,-0.25725
D079P,53.441236,-2.696494
D079T,53.453308,-2.586847
D079X,36.897514,-5.538747
D080J,53.772353,-1.826658
D080L,43.501053,-1.239656
D080N,53.783603,-1.715903
D080O,55.358731,-4.368217
D081E,55.890303,-3.651458
D081J,55.876892,-3.784358
D081O,51.728664,-1.402922
D083A,53.336064,-2.805139
D083F,37.441297,-5.639256
D083J,43.580028,-5.780017
D083M,53.780539,-1.743536
D083N,38.744944,-8.738983
D084E,38.720339,-8.928111
D084K,51.9115,-1.89335
D084L,43.487219,-1.237047
D084O,43.471,-3.560389
D084P,39.508969,-0.148525
D084V,41.692278,-0.543714
D084W,37.840936,-0.639661
D085F,38.720906,-8.906731
D085P,43.180708,-78.607886
D086N,38.611747,-28.105483
D086O,37.792428,-0.497781
D086Q,38.914017,-6.454147
D087I,43.309503,-0.584233
D087L,50.930825,-2.969789
D088B,38.949886,-1.816783
D088C,49.43675,-2.524542
D088E,52.834022,-1.182264
D088O,38.7258,-8.714869
D089J,45.034611,-64.696197
D089L,43.472539,-1.235742
D089M,43.471081,-1.235706
D089N,42.733592,-2.542131
D089O,48.073006,-1.368931
D090X,42.452031,-2.340361
D091B,38.946519,-1.816583
D091I,36.815047,-5.839719
D091O,50.999981,-2.243053
D091Q,37.424353,-5.406539
D091R,38.257183,-0.189467
D091U,43.290972,-2.446414
D092B,43.465525,-1.466819
D092I,53.018083,-0.237014
D092Y,57.673003,-2.759536
D093E,46.171936,-0.979278
D093N,46.169964,-0.867447
D093R,38.264572,-0.206675
D094D,52.489861,-0.959911
D094J,59.866694,-0.956753
D094R,43.540592,-5.595183
D094Z,36.623956,-5.802042
D095A,52.829147,-1.267689
D095J,53.757028,-2.734564
D095M,37.412744,-5.501356
D095R,37.40665,-5.3971
D095T,37.403564,-5.344889
D096F,51.737306,-1.443603
D096J,42.306556,-8.377875
D096M,43.886906,-0.206417
D096N,43.887794,-0.197025
D096V,42.288217,-8.109506
D097B,51.743547,-1.550417
D097M,50.976333,-2.298667
D097O,50.97185,-2.246594
D097T,53.218711,-3.991919
D098I,50.983922,-2.403683
D098O,35.701931,-5.614775
D098R,35.695717,-5.553858
D099F,51.732172,-1.444736
D099G,68.761275,-52.493994
D099I,58.1884,-5.901792
D099J,51.730731,-1.323367
D099O,48.028106,-1.372533
D099Y,57.657433,-2.557603
D100A,38.274633,-0.507131
D100H,51.467817,-1.009842
D100J,38.101983,-7.718172
D101E,44.350444,-1.021639
D101H,43.423458,-3.723011
D101J,42.845756,-2.502736
D101N,47.723025,-3.107158
D101O,51.369147,-0.749228
D101Q,44.772217,-0.330678
D102E,63.984906,-22.459981
D102G,51.469194,-1.03655
D102I,58.933372,-2.608894
D103E,51.033758,-0.496908
D104E,48.022261,-1.375594
D104I,58.92825,-2.610864
D104J,57.505175,-3.739947
D104K,57.501392,-3.709864
D104L,59.829883,-0.902042
D104O,57.486178,-3.589597
D104Y,57.447644,-3.289375
D105J,38.90375,-1.653075
D105K,48.915356,-54.258111
D105P,43.088392,-78.5974
D105R,36.574722,-5.987639
D105X,43.345533,-3.37555
D106C,50.738797,-3.216661
D106E,63.976969,-22.426508
D106H,42.561375,-5.471072
D106J,43.356389,-8.096664
D106M,44.763164,-0.404939
D106P,44.750283,-0.344428
D106R,43.320475,-7.908875
D106U,43.200925,-2.467736
D107A,48.332275,-71.016736
D107C,48.332828,-71.057908
D107E,43.293794,-0.185692
D107J,59.831517,-0.986947
D107K,39.429136,-0.25785
D107O,47.99565,-1.385697
D107R,38.192772,-0.224747
D107X,48.313978,-70.396758
D108E,51.535797,-0.079378
D108G,36.015372,-79.837458
D108J,44.980183,-64.684953
D108O,35.980522,-79.678833
D108Q,41.569728,-0.671853
D109H,58.417483,-2.859264
D109P,43.4844,-5.702672
D109U,43.448142,-5.550847
D109Y,41.528581,-0.524739
D110B,51.478122,-0.429311
D110C,41.659983,-0.995814
D110E,46.147811,-0.986394
D110I,52.972258,-0.256758
D110K,41.614144,-0.828819
D110L,42.254369,-8.336469
D110U,43.177864,-2.478781
D110X,43.311781,-3.387569
D110Y,41.533381,-0.537131
D111G,58.168883,-5.974772
D111H,43.257247,-2.766756
D111I,46.144708,-0.980628
D111J,43.24155,-2.713942
D111K,70.759231,-52.098028
D112D,50.726764,-3.191036
D112G,53.317531,-60.100222
D113I,70.748897,-52.195758
D113K,70.752664,-52.095764
D113V,50.9015,-0.097503
D114B,44.816769,-0.689025
D114T,41.521525,-0.625458
D114X,52.887206,-1.056661
D115C,41.647994,-0.987053
D115K,41.591453,-0.826033
D115Z,38.398669,-28.083033
D116C,43.271344,-2.830508
D116D,51.456594,-0.371889
D116K,46.125964,-0.950706
D116T,43.157944,-2.522861
D116U,42.301986,-2.464839
D117D,51.363225,-3.233803
D117N,43.454389,-5.719153
D118A,36.670122,-4.458019
D119E,51.359194,-3.220664
D119M,40.268364,-4.008156
D119N,40.258397,-2.273108
D119O,41.547633,-0.756289
D119R,41.523333,-0.698056
D119T,41.506944,-0.659444
D120B,51.377508,-3.280433
D120I,39.407158,-0.318078
D120R,41.521067,-0.700158
D120T,41.509517,-0.674411
D121B,36.670142,-4.456831
D121C,50.410472,-4.91505
D121M,47.955667,-1.461106
D122E,63.392375,-20.097497
D122I,42.850028,-2.5165
D122M,61.958558,-6.858311
D122P,55.364133,-4.177947
D122X,43.236822,-3.438353
D123E,46.130942,-0.998533
D123I,39.401575,-0.322625
D124D,51.453803,-0.39015
D124E,51.559467,-0.058939
D124J,51.634681,-3.038714
D124O,51.589083,-2.926881
D124Q,42.772061,-8.102742
D125G,38.204572,-0.458831
D125J,57.387097,-7.107028
D125K,48.851997,-54.266864
D125L,43.268833,-0.20775
D125O,52.910289,-1.331717
D126C,43.288175,-0.244186
D126L,53.134147,-4.272325
D126M,43.78365,-0.261128
D126O,51.575461,-0.229719
D126P,54.511069,-5.851342
D127H,38.823889,-6.699167
D127M,43.778847,-0.257428
D127Q,53.222792,-2.755864
D127R,41.476808,-0.712114
D127V,38.3525,-28.281536
D128J,41.700358,-78.428642
D128T,38.359628,-28.250936
D129F,39.907497,-4.238078
D129K,51.615681,-0.314825
D129L,40.892556,-5.249778
D129P,39.802258,-4.070167
D130B,51.465417,-0.426283
D131B,36.652997,-4.468558
D131F,51.326539,-3.2109
D132A,36.653183,-4.468419
D132J,40.742517,-3.083253
D132M,37.704675,-4.642083
D132O,37.682719,-4.610453
D132P,37.671739,-4.594644
D132R,37.649772,-4.563042
D133H,51.301592,-3.175492
D133U,37.639494,-25.401642
D133Z,43.153361,-3.469453
D134E,58.402064,-2.984542
D134G,58.379336,-2.938314
D134H,51.299833,-3.178075
D134I,38.697478,-26.941078
D135O,38.715797,-6.586008
D136I,51.625181,-3.102661
D136L,57.339031,-7.099819
D137M,50.845167,-2.4075
D137O,50.820672,-2.372264
D138H,58.361417,-2.927747
D138N,43.386167,-5.78885
D138O,37.945175,-7.711147
D138P,43.361719,-5.757775
D139O,42.740794,-8.198372
D140B,53.834972,-1.613606
D141U,37.602156,-25.441317
D142E,43.397156,-1.435858
D142L,37.599686,-25.505106
D143O,39.28305,-0.2938
D144B,52.419022,-1.7097
D144C,37.013581,-4.900686
D144H,40.261986,-2.438411
D144J,40.3325,-3.424917
D145L,49.011078,-0.28285
D145Q,57.075953,-1.954892
D146G,53.7623,-1.536056
D146L,36.656394,-5.888589
D147C,37.013511,-4.904739
D147O,36.845303,-4.770136
D148K,53.007806,-1.376117
D148L,57.312325,-7.159072
D148X,39.628014,-4.054247
D148Y,51.999489,-1.316506
D149G,36.57965,-4.429878
D149J,51.584306,-3.121461
D149L,36.508836,-4.375169
D149O,51.513614,-3.050992
D149R,39.000539,-75.26985
D149T,51.442883,-2.980742
D150J,56.233175,-2.701008
D150Y,51.992286,-1.336939
D151W,37.43995,-0.588244
D152A,42.751431,-1.632575
D152J,41.649736,-78.491839
D152N,55.666658,-4.245967
D153D,52.385592,-1.695
D153G,36.581161,-4.419328
D153L,36.507444,-4.370861
D154I,53.726447,-1.538992
D154K,45.494814,-0.197214
D155O,40.325778,-3.4405
D155Q,57.050147,-2.034442
D156H,37.731544,-25.671572
D156O,37.901508,-7.793203
D157J,55.725981,-4.331744
D157O,42.698325,-8.287489
D158H,37.729219,-25.676656
D158R,38.973439,-75.319239
D160D,52.991392,-1.632236
D160G,58.350483,-3.019289
D160I,58.319522,-2.996217
D160J,58.304042,-2.984694
D160N,45.966417,-1.081247
D160P,48.110964,-70.767419
D161J,51.328603,-0.385911
D161K,48.757222,-54.360633
D161Q,48.679383,-54.265939
D162J,41.518553,-0.989719
D163J,41.509811,-0.98215
D165D,51.766322,-1.2965
D165F,51.629542,-3.218819
D165N,51.501494,-3.160131
D165Q,46.8909,-1.505
D166D,51.766219,-1.296458
D166J,44.665222,-0.664614
D167H,42.797286,-8.381936
D167J,42.765086,-8.370647
D167O,42.683825,-8.344147
D168J,42.764408,-8.374489
D168M,54.072372,-1.448753
D168O,42.683172,-8.349139
D169G,48.478147,-2.050786
D169H,42.463808,-5.605614
D169I,43.302153,-3.865742
D169T,56.985042,-2.140536
D171L,38.512158,-8.985486
D172K,43.268186,-3.867492
D172V,44.694631,-0.659744
D173K,45.477333,-0.283394
D173R,43.259906,-5.949944
D173V,40.182206,-3.516889
D175L,59.679975,-1.252142
D175M,51.089158,-0.423211
D175R,51.006122,-0.41405
D175W,50.923083,-0.404922
D175X,42.905272,-2.883575
D176B,51.692917,-0.546944
D176Q,38.607319,-6.784272
D176T,40.940925,-8.646686
D177E,51.642986,-0.545081
D177G,58.106675,-6.307475
D177I,58.06995,-6.300214
D177J,58.066642,-6.299561
D177K,40.704078,-8.626572
D177T,52.917422,-4.496339
D178G,44.710356,-0.715328
D178H,53.991478,-3.256392
D178L,38.550467,-9.339992
D178T,44.492825,-0.704808
D179F,52.991189,-0.168947
D179H,53.610675,-2.099378
D179L,53.544125,-2.097433
D180B,40.458678,-3.574431
D180C,40.444225,-3.5589
D180J,42.188242,-3.613583
D180M,40.260656,-3.557528
D180N,36.599519,-2.259417
D181M,39.237558,-31.067767
D183F,53.292203,-3.142436
D183G,53.287217,-3.142833
D183M,54.067964,-1.544467
D183O,53.1426,-3.154331
D183Q,39.2025,-0.503572
D183T,39.152531,-0.507175
D184J,43.390586,-6.019044
D184T,56.978289,-2.299086
D184Z,52.621836,-1.707181
D185C,65.607025,-18.060828
D185X,53.346214,-2.166986
D186C,51.564819,-1.104922
D186E,58.375994,-3.114164
D186G,58.342867,-3.119664
D186H,58.326303,-3.122408
D187O,37.8795,-7.9597
D187P,42.055986,-8.639056
D187R,42.022819,-8.643711
D188L,57.344894,-4.090936
D188N,57.311936,-4.099189
D188P,57.278975,-4.107428
D188X,47.932703,-70.923172
D188Y,57.130647,-4.144317
D189N,42.650767,-2.779267
D189W,52.674006,-1.746714
D190L,36.635933,-2.302567
D192L,38.552153,-9.401578
D192V,57.296931,-3.62915
D193L,51.795933,-0.016022
D194I,58.813294,-2.953917
D194K,58.780761,-2.967175
D194L,39.637561,-8.948375
D194M,58.748225,-2.980408
D194O,58.715692,-2.993617
D195F,51.653722,-0.150992
D195J,51.589703,-0.180394
D195L,51.295181,-0.554297
D195O,37.539117,-0.899389
D196J,44.666722,-0.785481
D196M,36.963611,-5.688611
D197G,42.751897,-71.375083
D197J,55.710575,-4.526933
D197K,39.3111,-0.556047
D197R,41.035767,-2.742719
D199I,43.307903,-3.9693
D199K,45.486531,-0.397786
D200C,43.150219,-0.021464
D200G,39.376611,-0.536972
D200T,56.995803,-2.465617
D201B,53.534425,-0.3778
D201R,37.521322,-1.256086
D201V,40.026997,-2.717208
D202J,36.667158,-6.097056
D202L,36.634428,-6.112611
D202O,46.929089,-1.749619
D204J,37.097086,-79.304069
D204K,55.706603,-4.568889
D207N,42.674453,-2.872847
D208H,40.898864,-5.539381
D208I,51.3513,-0.584989
D208L,50.780419,-1.497822
D208M,48.692022,-54.628078
D208N,40.80975,-5.601194
D208O,57.430997,-3.721883
D208Q,39.236103,-0.656614
D208T,39.192039,-0.687117
D209J,55.164747,-4.914519
D210I,40.346328,-3.650169
D210L,57.367972,-4.220172
D210N,57.338836,-4.24985
D210O,40.259592,-3.715364
D210P,37.550781,-0.985472
D210W,37.450517,-1.060689
D211F,51.639033,-3.343311
D211J,55.726356,-4.593097
D211K,51.566889,-3.409958
D211M,43.263919,-4.055144
D211O,51.509147,-3.463122
D211W,57.372292,-3.659825
D213B,43.277147,-8.39775
D213J,44.6871,-0.848347
D214A,65.565589,-18.081789
D214B,65.605208,-18.039439
D214L,36.68225,-2.518206
D214Q,65.380106,-18.279242
D215G,65.170278,-14.528333
D215O,42.691778,-2.912111
D215P,42.6965,-2.907472
D217H,54.502731,-6.011178
D217K,55.726367,-4.6311
D217N,54.427783,-6.100831
D217W,37.498947,-1.407061
D218I,53.626472,-2.260122
D218P,53.535094,-2.381506
D219I,36.716378,-2.376825
D219N,36.651447,-2.441897
D220J,43.427417,-6.151019
D220L,57.387336,-4.273669
D221K,39.349167,-0.641197
D221P,37.600106,-1.341089
D221U,37.536989,-1.409642
D221V,37.150408,-6.052403
D221W,37.511733,-1.437031
D222E,40.893333,-5.576111
D222H,40.208742,-78.936469
D222N,57.366608,-4.323797
D223C,40.570033,-73.929214
D223H,51.395003,-0.608947
D223M,50.845833,-2.871
D223O,50.821394,-2.906456
D223P,53.222308,-6.593839
D224B,40.456411,-3.496294
D224L,58.058417,-6.434939
D225C,37.730719,-0.869703
D225D,44.791017,-0.768539
D225G,39.404472,-0.591328
D225L,55.726667,-4.691425
D225N,55.702647,-4.732203
D226D,42.546603,-5.709911
D226G,37.755192,-25.850719
D226L,39.690928,-9.073342
D226N,57.377639,-4.345886
D226Q,36.635811,-2.51265
D227C,54.468794,-1.506086
D227J,54.389511,-1.652386
D227L,38.599367,-9.529564
D227O,54.333011,-1.756942
D227Q,57.508,-3.695333
D227V,39.972725,-0.265244
D228F,55.935753,-4.315233
D228J,37.132689,-79.378242
D228T,42.133775,-3.949308
D229C,45.625136,-0.363439
D229E,45.60575,-0.395994
D229F,65.032097,-14.749717
D230G,53.223375,-6.594267
D230J,51.643422,-1.811664
D231C,53.322514,-2.33005
D231E,47.106303,-1.711572
D231F,55.930956,-4.308114
D231G,58.383444,-3.269419
D231I,58.361869,-3.317586
D231J,58.351075,-3.341647
D231M,54.147508,-1.811564
D231O,50.847456,-2.945283
D231Q,46.986186,-1.929919
D232H,35.530364,-0.783719
D232J,41.668383,-78.776608
D232L,43.190597,-2.048733
D232Q,39.314561,-0.774569
D232T,41.455694,-1.383961
D233C,55.839758,-4.515603
D234J,41.5601,-1.210783
D234N,40.508461,-3.983319
D234O,36.685756,-2.510875
D235K,53.250808,-2.514578
D236D,51.266019,-0.542875
D236L,51.039697,-2.018397
D238I,50.925439,-2.839781
D238M,42.041444,-72.728311
D239F,51.4414,-0.593411
D239G,55.885064,-3.564256
D240B,51.257544,-0.830922
D240I,50.636994,-3.594981
D240L,57.439456,-4.358319
D240R,42.584711,-2.044453
D240Z,53.525797,-2.732092
D241C,43.2877,-1.890833
D241E,43.272019,-1.931103
D241F,40.450317,-3.560067
D241J,50.632517,-3.623081
D242A,51.264883,-0.809031
D242E,57.436289,-7.498825
D242G,57.419592,-7.55215
D243E,45.623197,-0.413203
D243H,69.132422,-51.278353
D243I,61.055317,-45.627044
D243L,59.787669,-1.639142
D243O,47.648853,-3.757708
D244B,50.700811,-3.453375
D244J,51.676033,-1.844964
D244L,57.451606,-4.370953
D244O,51.198961,-0.807392
D244P,51.264614,-3.087103
D245A,51.743789,-1.617014
D245F,38.225461,-0.691839
D246D,55.006858,-1.810353
D246E,38.473947,-28.71255
D246F,57.434369,-7.504958
D246H,40.166558,-0.070906
D246J,38.612572,-28.447264
D246M,43.361311,-4.17375
D246V,53.265561,-6.839144
D248F,51.707475,-1.750406
D249G,39.445614,-0.624578
D250,37.907408,-1.378475
D250A,36.678858,-4.505033
D250B,50.709711,-3.468633
D250C,51.73395,-1.666481
D250H,65.210556,-14.684444
D250J,37.770097,-25.945431
D250Q,36.735669,-2.590653
D251B,51.476731,-0.517128
D251J,59.824214,-1.598692
D251W,36.921042,-5.397008
D252F,69.168458,-51.263242
D252G,65.057722,-14.83605
D252H,51.706961,-1.807397
D252R,43.458692,-6.396544
D253A,51.298617,-0.482917
D253E,53.838381,-1.799547
D253F,47.729189,-3.582592
D253G,42.806608,-71.503967
D253H,53.318333,-2.475111
D253J,46.859144,-55.96815
D253K,51.436861,-0.748356
D253L,53.298844,-2.581378
D253M,53.293958,-2.607931
D253P,53.279264,-2.687547
D254A,48.523406,-4.180281
D254B,48.524578,-4.180136
D254F,41.676989,-4.974281
D255D,50.760936,-1.955203
D255E,51.467039,-0.595836
D255G,51.458917,-0.647522
D255H,61.090397,-45.640797
D255J,44.89485,-65.118553
D255K,58.905758,-3.231989
D256N,40.491592,-3.861347
D256O,53.174053,-60.754619
D257C,51.476794,-0.544747
D257D,50.724222,-3.477911
D257F,69.1762,-51.275575
D257I,51.454514,-0.708811
D257J,55.831081,-4.732992
D257L,50.6832,-3.733089
D257N,50.674986,-3.783878
D257O,54.228667,-1.941167
D257U,53.123406,-60.776275
D258B,51.137933,-0.267017
D258G,51.1222,-0.383431
D258H,38.714458,-9.522461
D258J,53.706836,-3.159483
D258P,43.254364,-3.272375
D258U,37.35265,-6.181858
D259K,51.454067,-0.754872
D259L,56.008447,-3.031642
D259Z,51.226872,-0.081583
D260B,51.139661,-0.267489
D260E,42.720364,-2.9683
D260M,51.453525,-0.808797
D260Q,51.259928,-0.892667
D260T,51.251789,-0.971189
D261E,37.169689,-4.093819
D261I,50.981336,-2.873167
D261K,38.464281,-28.846281
D261M,38.911472,-2.137611
D261O,50.965292,-3.029319
D263K,37.401817,-5.990069
D263L,51.453786,-0.782453
D263Q,36.798075,-2.609567
D264B,51.890025,-2.228892
D264C,43.462092,-1.569453
D264E,51.979692,-0.071886
D264F,51.734183,-1.762833
D264I,69.152156,-51.428786
D264Q,36.802992,-2.610286
D264V,43.428128,-1.999336
D265I,43.321572,-0.059239
D265M,43.315739,-0.138767
D266C,65.547319,-37.330475
D266E,37.775056,-0.917694
D266H,53.320069,-3.087356
D266L,48.055044,-2.036589
D266N,53.278953,-6.835008
D266V,51.284425,-1.030389
D267G,51.231494,-1.133458
D267I,36.673947,-4.669208
D268B,53.330475,-2.907494
D268C,49.433139,-2.677608
D268D,51.485872,-0.573167
D268E,51.378219,-2.854714
D268I,52.825097,-1.588522
D269E,51.749386,-1.737594
D269H,61.120386,-45.669372
D269J,51.148503,-2.017328
D269M,53.737417,-3.249958
D269U,53.187667,-60.8341
D270A,51.464106,-0.509214
D270F,50.776822,-2.022608
D270I,37.415158,-5.991794
D271E,39.832558,-8.998314
D271L,39.832319,-9.149758
D272F,51.509786,-0.086906
D272H,46.183989,-1.394756
D272N,35.738553,-6.197614
D273C,38.830872,-9.404025
D273R,51.037122,-0.357994
D273W,51.042322,-0.489764
D274E,51.756728,-1.736911
D274J,59.889886,-1.616522
D274M,39.792361,-3.760631
D275G,50.788108,-2.048808
D275J,50.925933,-2.391608
D275K,51.658514,-0.142014
D275Q,42.484978,-2.708347
D276E,51.758186,-1.736628
D276L,37.191061,-5.859022
D277C,51.755117,-1.683203
D277E,51.403158,-3.488172
D277H,51.408256,-3.567686
D277M,51.032667,-2.979167
D277O,51.036819,-3.031433
D277Q,39.520753,-0.846294
D277R,53.414469,-3.634261
D277T,39.526833,-0.910433
D277Z,51.366572,-0.653983
D278F,51.502311,-0.624711
D279E,50.775039,-0.007381
D279K,58.971947,-3.247247
D279L,43.345611,-2.100317
D279M,38.980714,-2.133739
D279N,38.326333,-0.878617
D279O,51.711436,-2.196536
D279Q,38.334833,-0.941028
D279X,48.286161,-71.591331
D280G,65.276111,-14.684167
D280J,51.776803,-1.867761
D280N,48.108383,-2.077206
D281T,41.740006,-1.495561
D282I,51.050656,-0.115489
D282J,55.901111,-4.736628
D282K,58.990958,-3.242922
D282M,53.787206,-2.45235
D283C,51.761789,-0.184817
D283F,51.773792,-0.262942
D283J,51.789717,-0.367172
D283L,55.946219,-3.017389
D283M,38.995581,-2.130097
D283N,53.349742,-6.827889
D283U,53.801017,-3.466472
D284E,36.853308,-2.360164
D284N,35.785558,-6.188417
D284V,53.359347,-6.905706
D285H,58.486617,-3.348667
D285L,59.929775,-1.670425
D287D,39.727178,-1.06875
D287E,51.419575,-3.484553
D287H,51.433219,-3.561394
D287L,51.366383,-0.750678
D287O,42.530781,-2.639492
D287P,48.330975,-71.370319
D288F,38.976589,-1.9854
D288N,53.367422,-6.820272
D289H,43.605919,-6.214244
D289I,43.6012,-6.194692
D289K,43.615506,-6.255833
D289L,43.618567,-6.268939
D289N,43.628761,-6.312633
D289O,51.537133,-0.142303
D289P,43.392081,-3.258303
D290C,42.481967,-2.400258
D290H,51.344203,-0.650353
D290I,40.599306,-3.766408
D290K,49.236111,-0.720536
D290P,41.772508,-1.391081
D290T,41.796208,-1.474381
D291M,43.527097,-4.180458
D291P,43.400514,-3.253914
D291Q,36.934378,-2.58935
D292E,68.712469,-53.020447
D292J,42.796008,-1.911894
D292R,41.769722,-1.402592
D293H,50.135092,-5.445381
D294G,53.404781,-2.439981
D295L,42.442419,-3.856367
D295P,41.781667,-1.370556
D295T,41.809306,-1.451614
D296C,43.325003,-2.974808
D296E,39.523128,-0.567008
D296H,53.4523,-3.342428
D297B,51.41345,-3.403783
D297C,51.41465,-3.403039
D297D,53.896564,-1.759569
D297E,55.908117,-4.5833
D297I,55.936275,-4.686836
D297J,55.942306,-4.712825
D297N,36.786469,-4.748414
D297O,53.854472,-3.261308
D297P,43.673494,-6.337339
D297Q,36.808281,-4.80445
D297T,56.011206,-4.970144
D297W,47.331203,-2.116961
D297Z,53.936381,-3.538436
D298N,36.790122,-4.746164
D298P,43.429039,-3.235433
D298Q,36.965944,-2.571586
D298U,36.997067,-2.645194
D299B,41.685331,-1.086547
D299E,41.709528,-1.144967
D300B,41.693803,-1.097025
D300E,41.718808,-1.154839
D301C,50.472378,-5.07945
D301M,36.790322,-4.747431
D301P,36.812744,-4.796033
D301U,37.600078,-6.145144
D302A,55.521258,-4.629094
D302F,48.380236,-3.722431
D302H,53.426836,-2.451917
D302L,57.645272,-4.359819
D302N,57.6623,-4.413111
D302P,48.469589,-3.949083
D302Q,48.957819,-54.955525
D302X,43.522364,-3.39625
D302Y,57.755647,-4.707011
D304H,51.564372,-0.643569
D304P,43.452028,-3.215878
D305B,43.396197,-0.450758
D305C,43.399236,-0.455944
D305H,43.394317,-0.4498
D305I,38.975461,-6.978128
D305J,44.922369,-0.913258
D305L,38.612536,-28.921794
D305N,38.622106,-28.946972
D305P,38.635742,-28.933642
D305Q,49.020119,-54.9239
D305T,42.548186,-3.980558
D306P,43.459342,-3.208636
D308I,58.538119,-3.304367
D308K,58.557561,-3.355981
D308R,39.674203,-0.785008
D309G,63.366728,-20.041792
D309J,45.045553,-65.137678
D309W,36.920053,-4.864039
D309Y,36.940494,-4.896906
D310J,43.413428,-3.097936
D310P,50.935008,-0.196225
D310R,50.956736,-0.236158
D310Y,51.032678,-0.376222
D311E,36.732358,-4.586053
D311J,42.842997,-1.872981
D311W,36.924914,-4.872867
D311Y,36.946267,-4.904825
D312B,53.895675,-1.713392
D312H,41.720061,-70.672589
D312K,66.993747,-54.141758
D312W,47.415764,-2.033372
D313A,53.878242,-1.679317
D313G,40.452564,-2.661075
D313H,58.547681,-3.289467
D313J,58.569853,-3.336892
D313O,51.924439,-0.394678
D313P,52.356761,-1.438383
D313U,51.994119,-0.510478
D314Q,37.029969,-2.513953
D314V,55.747814,-3.827344
D314Y,38.564461,-0.943769
D315E,47.81845,-3.526719
D315J,42.851522,-1.862217
D315L,42.498736,-3.801394
D315V,41.916333,-1.378711
D316L,39.973997,-9.074097
D316M,54.439314,-1.783097
D316T,35.011389,-2.234406
D316X,35.058919,-2.291428
D317C,38.865047,-9.384553
D317F,36.751947,-4.594519
D317I,38.936983,-9.473625
D317M,54.441894,-1.778306
D317R,58.426125,-6.570372
D317T,52.418989,-1.491981
D317Z,52.490406,-1.606236
D318C,38.86565,-9.383742
D318G,38.914417,-9.442025
D318I,52.287772,-1.283472
D318R,53.503592,-1.283339
D318T,49.464156,-2.394628
D319M,43.477028,-2.021686
D319O,40.555047,-4.467903
D320H,58.559094,-3.267361
D320L,43.619733,-1.687258
D321O,55.689958,-3.636764
D321U,55.7661,-3.751111
D322O,53.47855,-1.203342
D322R,43.53695,-3.166617
D323A,40.506406,-3.598067
D323B,40.501158,-3.592597
D323C,40.507758,-3.595661
D323E,40.552394,-3.614094
D324M,54.458761,-1.743433
D324V,38.566836,-0.841514
D324W,38.570903,-0.845231
D325H,51.593508,-0.581675
D326M,54.463136,-1.73295
D326N,53.474408,-1.165522
D326T,52.632981,-1.978747
D326X,52.687522,-2.041519
D327C,52.504542,-1.804131
D327H,58.355247,-2.941369
D328N,58.399728,-6.431047
D328Q,37.073611,-2.447033
D328T,51.617044,-0.237622
D330G,53.975178,-1.760853
D330Q,65.911897,-18.315403
D332Q,50.648319,-3.702725
D333F,53.445931,-2.338319
D333J,54.007847,-1.776517
D333K,43.46895,-3.035725
D334C,47.1983,-1.639719
D334J,43.455233,-3.022064
D334W,47.505056,-1.860531
D335C,51.79535,-0.139492
D335F,51.840953,-0.172314
D335J,43.456442,-3.018433
D335M,54.480336,-1.680581
D335Y,37.059103,-4.715531
D336E,39.074439,-9.089756
D336I,54.419206,-1.628497
D336J,57.693606,-4.171042
D336K,57.708694,-4.184094
D336L,57.723783,-4.197158
D336M,35.380147,-3.949394
D336N,57.753956,-4.223317
D336O,57.769039,-4.236414
D337W,52.534839,-1.348942
D337Y,37.059706,-4.718369
D339M,43.514786,-1.932228
D340G,55.979183,-4.520144
D340H,55.994703,-4.530808
D340N,55.530744,-4.931008
D340V,38.614619,-0.724656
D341V,37.78015,-5.9223
D341Y,56.256086,-4.708681
D342D,51.793969,-0.583183
D342I,35.739569,-5.378883
D342Q,51.031261,-0.009303
D342U,51.094903,-0.0404
D344F,51.822625,-0.591461
D344I,51.87085,-0.612383
D344L,45.020014,-0.794481
D344M,55.705894,-3.464803
D344O,51.967286,-0.654364
D345M,35.391642,-3.911958
D346D,54.194017,-3.295181
D346H,43.438461,-1.870711
D346N,46.396192,-1.269692
D347G,48.278933,-77.90005
D347H,43.056258,-8.469386
D347R,43.588642,-3.014189
D348D,39.772542,-1.003603
D348E,43.008075,-8.450936
D348H,43.056803,-8.4663
D348O,47.40525,-1.689494
D348P,45.920306,-0.391056
D349G,55.162789,-8.387128
D350O,55.556692,-4.8673
D350P,55.558325,-4.867864
D350Q,37.112542,-2.320928
D351L,40.029719,-8.93535
D353I,46.326942,-1.215761
D354K,43.258511,-3.824228
D355D,51.5834,-0.684417
D355I,39.040928,-6.838789
D355L,60.077419,-1.321317
D355M,37.030994,-6.054297
D356J,51.914339,-1.6198
D357E,47.247367,-1.619628
D357G,58.331906,-6.352344
D357H,43.690081,-6.0199
D357I,58.360994,-6.358183
D357J,58.3643,-6.358847
D357L,47.365478,-1.628753
D357O,47.410392,-1.632236
D357U,43.906242,-6.040853
D357Z,39.261683,-9.379914
D358G,45.774458,-0.317372
D358H,42.867039,-1.708325
D358J,45.82275,-0.319789
D358K,43.487533,-2.929756
D358L,45.859386,-0.321625
D358M,45.8827,-0.322794
D359F,39.0458,-1.865683
D359J,43.470892,-2.925361
D360G,39.339,-75.537733
D360V,42.024722,-1.030775
DAAME,41.564383,-71.261419
DAANK,44.609694,-67.828319
DAASH,39.838569,-74.962814
DAAVY,41.380886,-73.114172
DAAXX,39.336094,-76.519175
DABKE,36.024364,-78.616303
DABTE,43.799075,-73.051625
DABVE,41.044789,-73.340164
DACBE,41.04805,-71.961031
DACCA,41.571361,-79.780006
DACCI,44.281953,-69.772972
DADBE,40.402906,-78.245461
DADIV,40.393056,-3.340833
DADLE,39.391078,-76.712083
DAFIX,39.914008,-77.700217
DAFTE,41.640197,-70.448981
DAGME,38.476717,-77.829831
DAILY,38.560508,-76.725292
DAJIM,63.756572,-68.556119
DAKEY,39.032297,-76.096019
DALAC,40.035636,-76.573858
DALEE,42.756314,-78.303569
DALIA,42.780803,-71.715758
DALLA,38.891708,-77.057528
DALNN,35.289603,-77.968089
DALSE,42.738075,-73.746547
DALSY,36.198389,-79.236911
DALTO,37.152958,-77.619358
DALYB,43.714172,-70.600547
DAMKE,42.340525,-73.914492
DAMLO,47.395833,-1.686944
DAMOX,49.138414,-57.507172
DAMTE,39.8109,-74.756069
DAMYR,40.410769,-74.231383
DANAV,43.40215,-79.441542
DANDI,53.684364,-3.949467
DANDY,40.780031,-74.168189
DANGR,38.960069,-75.975236
DANII,39.296228,-76.705378
DANIP,43.439706,-79.771414
DANIR,48.704703,-72.596619
DANMO,39.16835,-77.596819
DANNR,40.666422,-76.240189
DANOH,44.143,-70.224622
DANOL,45.697086,-67.803317
DANOO,38.074233,-78.252489
DANWO,51.789669,-1.684936
DANZI,42.178294,-74.956719
DAP22,53.261856,-6.851569
DAPAK,73.75,-70.0
DAPEV,44.482281,-79.638969
DAPIG,48.682303,-78.473478
DAPNY,40.251439,-76.720889
DAPOB,47.555892,-52.433956
DAPQO,40.42505,-78.469033
DAPVY,40.462256,-74.388433
DAQSE,40.343083,-4.146694
DARAM,48.542581,-68.210325
DARBO,41.800322,-75.951106
DAREZ,35.938072,-76.209522
DARIC,38.965014,-77.153189
DARIG,47.541019,-52.752967
DARIM,47.065278,-55.445833
DARPU,43.474167,-79.721667
DARSO,54.523706,-70.844997
DARTH,41.94885,-72.272444
DARTT,37.293333,-75.5
DARUB,67.0,-60.0
DARUX,36.159878,-69.455086
DASAD,46.038025,-72.215561
DASAT,45.055339,-74.891717
DASDE,40.118772,-75.393392
DASGU,45.113197,-65.917989
DASHA,38.871969,-74.344547
DASLU,47.709525,-52.624642
DASRI,45.656642,-61.439925
DASRO,44.2936,-78.008922
DASUD,46.466036,-76.0338
DASUV,44.576561,-79.672953
DASUX,48.832911,-67.161028
DASYA,37.243044,-76.709892
DATAB,46.462992,-74.458164
DATED,39.228589,-76.972558
DATIP,55.817931,-60.911283
DATIV,44.74855,-63.548197
DATKA,53.371642,-60.284089
DATOP,62.367981,-78.04695
DATRR,41.631142,-74.201086
DATTO,35.773942,-79.342842
DAUNT,55.418939,-4.879703
DAVAK,47.324464,-61.972383
DAVAN,47.901656,-77.550914
DAVAZ,51.882969,-5.431553
DAVBI,52.403994,-78.634478
DAVDA,44.724167,-75.3745
DAVDI,48.290031,-77.850911
DAVEB,48.512278,-68.514278
DAVEW,40.234311,-77.538989
DAVID,43.909842,-72.348197
DAVIG,53.087986,-60.673881
DAVIK,43.872753,-79.5422
DAVIM,40.828969,-74.096403
DAVKA,49.081014,-67.919378
DAVMU,49.232603,-57.624097
DAVNO,43.796047,-79.25235
DAVOT,57.344881,-4.091269
DAVSI,43.705,-79.218889
DAVSO,45.273639,-63.682789
DAVUD,46.084669,-60.009847
DAVUX,61.998172,-75.535492
DAVVK,42.8544,-79.159914
DAWLY,50.574253,-3.463953
DAWNZ,39.184817,-77.816683
DAXED,45.280939,-67.467489
DAXER,61.083333,-72.8
DAXIP,45.048147,-65.263214
DAXOM,58.649611,-77.947267
DAXUG,45.639139,-71.430286
DAXUL,44.220111,-78.421117
DAYAD,39.179956,-74.526661
DAYNE,53.238644,-2.029239
DAYSE,46.795,-58.605833
DAYYO,40.114336,-74.450408
DAYYU,37.970889,-79.589283
DAZED,35.062394,-79.605836
DAZOO,40.823983,-73.820606
DBABE,41.141667,-74.096111
DBERD,37.379856,-79.832828
DCITY,40.904414,-73.905317
DCS38,55.349947,-3.214267
DCTRK,40.762531,-73.837139
DDUUK,40.673736,-74.093189
DE05L,53.362356,-2.257139
DE10L,53.434831,-6.238222
DE10R,53.420261,-6.250578
DE24L,43.658244,-79.622119
DE24R,43.660994,-79.623622
DE28L,53.422431,-6.290075
DE28R,53.437394,-6.284811
DE29A,51.317019,-0.172703
DE29B,51.410186,-0.154883
DE36R,40.532622,-3.559381
DEALE,38.797753,-76.533428
DEAND,37.807092,-77.491361
DEBEB,46.604997,-74.850056
DEBEK,43.7725,-79.619167
DEBGI,45.292167,-73.175911
DEBGO,43.855908,-79.832506
DEBSI,53.486,-56.107278
DEBUN,51.765975,-65.466753
DEBYE,40.907975,-73.417814
DECAB,41.839958,-79.378964
DECAC,43.408744,-73.630333
DECAF,37.237625,-79.253117
DECAR,42.053919,-72.744328
DECCO,42.392283,-72.398136
DECEN,43.365817,-72.253556
DECKR,40.651964,-74.045028
DECOI,35.371803,-77.107014
DECON,38.824939,-76.653872
DECOY,41.739678,-77.983169
DECSA,40.179822,-79.925261
DEDAR,45.460853,-75.8934
DEDBA,54.966022,-59.6991
DEDEG,46.104542,-64.769042
DEDEL,47.554033,-68.579972
DEDGO,46.556531,-71.446
DEDHM,42.195639,-70.949175
DEDKI,43.690278,-78.718333
DEDLE,39.220883,-76.858286
DEDMI,45.395258,-71.579889
DEDNA,46.029297,-71.291253
DEDSI,44.912122,-65.1357
DEEBA,45.243856,-69.374172
DEEDE,41.646614,-73.540483
DEEER,37.632028,-77.665628
DEEEZ,35.2822,-78.240078
DEELR,44.675872,-67.462378
DEENE,36.075794,-77.497617
DEEPO,41.114989,-70.836069
DEERR,44.800739,-74.380394
DEERY,40.65605,-73.286314
DEEZZ,41.114444,-73.777778
DEFER,35.759494,-78.782444
DEFLU,40.837522,-79.703781
DEFND,39.328356,-77.469706
DEGAX,46.065389,-0.911028
DEGAY,37.837503,-77.251172
DEGBU,43.766292,-79.470111
DEGDA,46.214831,-79.602
DEGDE,41.214603,-75.601475
DEGDY,40.48455,-75.980628
DEGEX,47.743889,-3.156667
DEGEY,42.232117,-71.202136
DEGGE,51.627889,-1.002533
DEGLU,50.237608,-65.917908
DEGMI,49.79335,-74.510114
DEGMO,48.251256,-78.228378
DEGMU,56.480592,-61.713686
DEGRO,43.524486,-79.449661
DEGTA,53.777717,-73.552428
DEGVI,45.663889,-74.031944
DEJAY,38.921836,-77.415931
DEJEM,53.774792,-4.610114
DEJZU,45.327669,-67.764492
DEKAP,51.943689,-0.893639
DEKAY,38.549725,-79.296967
DEKJA,47.528611,-0.685833
DEKKI,38.963058,-8.695667
DEKLA,47.5398,-52.479181
DEKNI,43.761783,-79.302619
DEKOR,49.007222,-5.933056
DEKRI,52.045836,-78.411983
DELBO,51.876944,-1.273333
DELCI,41.231478,-72.010911
DELET,36.617792,-78.841336
DELFA,39.713022,-75.925675
DELGE,44.400083,-68.927719
DELIA,39.675281,-78.035214
DELKI,45.575928,-73.424144
DELOG,44.328889,-3.9875
DELPP,36.9375,-73.504444
DELPU,45.013261,-64.569939
DELRO,39.965475,-76.625344
DELSU,48.418628,-68.595211
DELVA,43.124475,-79.706714
DEMBE,41.675147,-70.503083
DEMDE,40.162208,-74.591867
DEMGY,39.508611,-72.471389
DEMKO,45.174158,-75.666217
DEMLU,62.897489,-70.016297
DEMME,40.228225,-79.813206
DEMOM,49.548111,-0.130833
DEMOY,39.183719,-76.477425
DEMRI,46.367894,-63.907647
DEMVE,36.525356,-77.700917
DENBA,47.549217,-79.648308
DENBY,53.520147,-1.961219
DENEZ,50.183678,-66.413539
DENII,38.916969,-76.463458
DENIL,35.334883,-78.839189
DENKA,43.869722,-79.063056
DENNA,41.233275,-73.193872
DENNN,38.084972,-78.20765
DENNO,42.050081,-72.541461
DENNY,37.866708,-79.737153
DENOG,57.431492,-1.754397
DENOK,64.129108,-15.140647
DENOM,48.931333,-64.611333
DENPI,43.760006,-79.480667
DENSO,53.590556,-64.235556
DENVA,55.926522,-61.263856
DENVE,38.812839,-76.65315
DENYU,43.904167,-73.850556
DEPDU,46.394869,-63.186414
DEPDY,40.202292,-74.495186
DEPEW,42.888267,-78.634581
DEPGU,67.675067,-63.957933
DEPLU,50.034789,-61.609606
DEPMO,63.571136,-68.409183
DEPOY,37.461383,-78.389728
DEPRI,45.9537,-70.256619
DEPTE,42.237253,-72.493289
DER01,65.667303,-18.074
DER02,65.959533,-17.422394
DER04,64.200247,-51.672483
DER06,52.710778,-8.906106
DER07,53.354178,-6.482131
DER08,51.009508,-2.629278
DER09,67.017594,-50.686372
DER10,36.937461,-76.274942
DER11,50.082203,-5.242292
DER13,53.240447,-4.520239
DER14,38.825292,-9.332419
DER15,42.760464,-1.63935
DER16,53.419906,-6.249594
DER18,50.080539,-5.251422
DER19,63.964478,-22.605453
DER22,64.181439,-51.686233
DER24,52.693172,-8.943519
DER25,47.309111,-2.164428
DER26,51.007025,-2.661708
DER27,67.005611,-50.743067
DER29,50.088586,-5.265853
DER30,62.067042,-7.290972
DER31,53.253792,-4.546358
DER34,53.436989,-6.261978
DER36,50.09,-5.251814
DERAG,52.862944,-8.580389
DERDO,45.680278,-70.803333
DEREE,39.244083,-75.455428
DERGI,64.277342,-76.666664
DERGO,45.742083,-73.919472
DERIN,38.879372,-79.790833
DERPI,45.419786,-71.398433
DERXE,53.075342,-0.812644
DESAB,45.830278,-2.959167
DESAC,37.873911,-76.653086
DESAP,51.686903,-1.621139
DESAT,41.830278,-6.216667
DESBI,50.145933,-66.564978
DESIG,53.527258,-1.892694
DESKI,45.379167,-76.346667
DESLO,42.398158,-71.509764
DESNA,50.616667,-0.783419
DESRI,53.1226,-60.591644
DET29,51.209453,-0.157186
DET31,51.202753,-0.209103
DET32,51.318078,-0.252381
DET34,51.428006,-0.284914
DET36,51.196161,-0.342069
DET43,51.174319,-0.524203
DETAX,53.241861,-6.209889
DETFI,44.392139,-72.172122
DETGY,40.683806,-73.462861
DETIX,65.479561,-18.147556
DETOX,41.0,-15.0
DETPE,41.489667,-79.011186
DETTE,40.237983,-76.040675
DETVE,43.089511,-76.310367
DEUCE,40.644356,-73.412803
DEVAN,38.841167,-27.39475
DEVAR,43.944778,-5.571611
DEVBI,60.715089,-8.769581
DEVBO,68.583333,-52.0
DEVHO,53.085019,-4.708614
DEVKA,68.754289,-52.347081
DEVNU,65.004722,-35.879722
DEVOL,53.890278,-10.434167
DEVSE,43.242889,-72.61205
DEVUD,64.2807,-20.437631
DEVVL,39.129025,-73.979794
DEWEE,42.253281,-71.615814
DEWET,37.098389,-79.855006
DEWIR,39.221553,-75.935433
DEXEN,53.280389,-5.5
DEXON,63.767536,-22.380411
DEXXY,43.339803,-70.619056
DEYEC,39.816108,-74.5683
DEZAF,52.973333,-2.668514
DEZZZ,40.5134,-78.669861
DFENC,35.919747,-77.060428
DFORT,38.228244,-77.13185
DFRTZ,40.469469,-74.690553
DG36A,42.356619,-2.081378
DG36B,42.285222,-2.103644
DG36C,42.439964,-2.070467
DGO34,42.257175,-2.163603
DGO39,42.359517,-2.012464
DGRAF,41.686256,-76.222542
DHALP,40.965172,-73.722386
DHAWK,40.902928,-72.7199
DHUTI,43.512869,-72.281381
DIAAN,38.438167,-73.483333
DIANO,41.000553,-76.22605
DIBNE,35.776042,-76.992311
DIBNU,55.837097,-6.445381
DIBTO,50.207311,-5.572186
DICAN,39.937889,-77.694139
DICEN,46.800094,-72.288953
DICKE,39.707119,-74.972572
DICYE,36.703158,-78.878628
DIDAK,48.259722,-0.25
DIDIG,46.051944,-2.25
DIDIO,39.237656,-74.902344
DIDIT,41.32,-11.571667
DIDZA,51.607697,-1.395406
DIFDE,51.657056,-0.657022
DIGAL,39.740833,-7.989722
DIGAN,52.936889,-8.197583
DIGBI,55.184881,-1.050403
DIGEX,35.130278,-2.377222
DIGID,51.7435,-8.800528
DIGMA,53.649961,-3.623194
DIGUT,51.650358,-1.299853
DIKEY,42.154814,-71.153183
DIKIE,41.363733,-72.765725
DIKMO,40.723333,-7.885833
DIKRO,49.584722,-1.110833
DIKUV,36.181667,-12.750556
DILAV,40.684722,-0.779167
DILAX,51.755556,-1.6775
DILLN,41.968692,-72.825361
DILNN,38.272236,-79.731197
DILRA,45.85,-1.225556
DIMDO,57.162306,-7.231983
DIMER,37.306222,-1.168583
DIMGO,52.119083,-9.820333
DIMLI,54.946519,-6.615206
DIN27,49.028819,-2.201067
DINCO,37.25625,-1.287778
DINIM,51.0,-15.0
DINIP,48.881778,-1.845639
DINNO,42.93515,-75.682103
DINNY,44.154922,-74.146861
DINOG,48.669778,-1.747083
DINSY,41.090722,-74.664342
DINUW,39.269872,-77.527856
DINVI,48.823639,-1.991444
DIONE,43.108842,-78.686575
DIONY,38.597222,-5.476944
DIPGE,41.860319,-76.353019
DIPGY,43.079161,-70.536711
DIPOL,40.416389,-4.676389
DIPRE,42.173694,-79.211042
DIPSO,53.053506,-1.344058
DIPTE,35.854028,-77.933678
DIQSE,51.800128,-5.264661
DIRAX,44.552139,-0.454389
DIRGO,48.834778,-2.117444
DIRIR,39.72,-8.621111
DIRMA,40.851667,-9.500833
DIRMY,40.563394,-74.470369
DIRNE,44.61145,-68.131406
DIRPE,40.473039,-74.993619
DIRUM,53.002694,-6.661111
DIRXA,43.128444,-2.443528
DISGU,69.243889,-53.528056
DISIT,52.103011,-1.711364
DISKO,41.01525,-4.22325
DISMO,63.749231,-21.208753
DISRI,51.857892,-1.512492
DISSA,65.941533,-15.368736
DISUR,52.725278,-9.098833
DISVO,50.658717,-1.049211
DISVU,40.740278,-1.263333
DITCH,39.79385,-74.716633
DITOP,43.015583,-1.764361
DITRE,37.926611,-0.557167
DITUR,65.248947,-52.750633
DIVAK,36.869083,-4.772028
DIVET,38.328889,-73.260278
DIVOK,48.600722,-3.79625
DIVTY,36.427667,-78.669353
DIVUT,41.028611,-8.325833
DIWMU,41.465272,-70.41695
DIXAD,46.87,-1.583333
DIXIB,51.236728,-0.848203
DIXIE,40.099367,-74.164492
DIXIN,39.727294,-79.932028
DIXIR,38.086639,-0.762667
DIXNN,42.576439,-71.04285
DIYAC,40.419553,-79.803522
DIZIM,52.039886,-3.1854
DIZMA,64.110103,-21.452519
DIZZE,53.845206,-2.542475
DIZZL,36.490631,-79.947017
DL099,55.014667,-8.360111
DL101,54.832861,-8.323583
DL102,54.783944,-8.508806
DL103,54.890833,-8.593917
DL105,55.070861,-8.323778
DL106,55.253861,-8.353833
DL107,55.304056,-8.171972
DL108,55.197028,-8.0865
DL112,55.002639,-8.367944
DL295,55.05725,-8.332528
DL296,55.072806,-8.322472
DL297,55.111778,-8.297194
DL298,55.080583,-8.317417
DL299,55.111778,-8.297167
DLMAR,41.695156,-77.419728
DLPHN,41.169233,-70.396044
DLTON,38.841969,-77.779178
DLUCA,39.438822,-76.430072
DMACK,41.785758,-77.551922
DMBUB,36.047017,-77.58885
DMFZP,42.568697,-72.279378
DMKRT,38.709536,-77.223503
DMLPB,39.297414,-74.735539
DMLWW,41.707144,-72.992572
DMMHK,42.959428,-71.356547
DMRIO,42.962144,-78.376936
DMSTR,35.352003,-79.458242
DMYHL,40.649589,-73.866308
DMYMC,37.110931,-79.301772
DN120,45.874611,-0.949028
DN121,46.058333,-1.181917
DN122,45.930667,-1.252417
DN124,45.867222,-1.117944
DN300,45.9255,-1.063
DN301,45.848528,-0.683694
DN302,45.76075,-0.666667
DN303,45.882833,-0.759889
DN305,45.888417,-0.98625
DNKEY,38.645847,-77.799447
DNVIL,36.563758,-79.331539
DOAAH,39.765039,-77.471908
DOBEM,51.869589,-2.929258
DOBLE,40.082431,-74.477906
DOBOB,67.873333,-50.989444
DOBTE,43.750669,-75.961839
DOBZY,42.239772,-77.628081
DOCAT,35.980669,-78.653758
DOCAY,39.466664,-79.997369
DOCEB,42.069822,-72.868281
DOCEV,37.581142,-77.702075
DOCMA,66.387481,-17.665247
DOCMO,36.850431,-78.389186
DOCTR,39.009883,-76.414097
DOCYU,41.353725,-74.593464
DODAV,53.447928,-4.840331
DODFO,64.606136,-51.778539
DODIG,53.962778,-6.492778
DODIP,66.809992,-51.126514
DODLY,40.729383,-74.624831
DODNE,41.9798,-71.166225
DOFAD,38.678572,-79.988319
DOGAL,54.0,-15.0
DOGGR,40.136736,-75.452083
DOGOV,46.936778,-1.77475
DOGTE,37.941372,-75.224072
DOGUE,39.041933,-77.099031
DOGWD,36.751547,-77.481494
DOJEN,43.578311,-71.098672
DOKME,38.608425,-76.836044
DOLER,39.268056,-26.38
DOLIP,52.0,-12.0
DOLOP,53.214139,-3.630758
DOLUR,49.484414,-5.057242
DOMIG,53.536589,-1.884297
DOMJY,36.941633,-76.283703
DOMOK,49.724444,-2.105
DOMSE,39.015658,-77.435069
DOMUT,50.261825,-1.669069
DOMVY,41.871367,-76.229433
DONAA,39.6217,-72.6142
DONAX,53.486483,-3.961178
DONEB,53.314069,-6.724597
DONEO,42.784714,-79.727344
DONIA,36.481944,-6.016667
DONIB,55.719294,-7.695567
DONIL,39.076511,-75.305256
DONLE,35.122406,-79.542817
DONNA,51.700106,-0.743622
DONNN,41.792847,-70.079697
DONYB,40.939356,-73.679706
DOOIN,40.602136,-74.222131
DOORE,41.028178,-74.367703
DOOTH,40.875114,-77.68985
DOOTY,44.465778,-73.141792
DOPEK,53.384431,-0.925456
DOPEN,39.755278,-4.383611
DOPHN,44.555,-55.483333
DOPOD,62.897222,-26.360556
DOPOK,62.111494,-50.053703
DOPUY,37.830214,-77.647989
DORAR,43.292972,-5.956278
DORBY,35.138781,-78.819311
DORDE,38.309639,-78.850675
DORFA,66.130042,-18.240922
DORGE,38.816686,-77.582853
DORGY,38.944964,-78.033467
DORIE,44.761764,-74.992467
DORKI,51.275833,-0.264444
DORME,38.225094,-76.497486
DORPY,41.844181,-70.620194
DORRN,37.531678,-77.893783
DORTH,39.726314,-74.670617
DORYY,56.033333,-57.0
DOSAN,40.442111,-68.874972
DOSEK,37.245358,-1.985078
DOSIT,68.392778,-52.122222
DOSTR,40.461175,-75.716814
DOSUL,43.680556,-3.316667
DOSUN,60.117361,-6.394031
DOTIT,51.884447,-0.877358
DOTLE,38.951706,-78.133056
DOURA,40.805072,-79.126781
DOVAY,38.118036,-75.556597
DOVER,40.878961,-74.560944
DOVEY,41.116667,-67.0
DOVPY,39.910228,-76.146164
DOWDY,41.013083,-74.177247
DOWNI,57.0775,-2.105833
DOYAT,38.704892,-77.736614
DOZIV,37.506369,-25.567572
DRAIK,37.133931,-78.982933
DRAKE,50.209444,-0.076111
DREEM,42.361847,-71.742814
DREFF,39.557564,-75.828256
DRESA,38.837767,-74.720472
DRIFT,39.814878,-73.680425
DRIVE,36.902956,-76.568394
DRONE,36.529231,-76.670847
DROPN,38.050958,-78.394817
DROSA,39.308422,-76.968394
DRRON,39.272811,-79.559961
DRRYL,40.730314,-73.844333
DRUZZ,39.163411,-78.357975
DRVER,45.362894,-69.278361
DRYED,38.632278,-66.667461
DRZZT,39.179,-76.386256
DTY18,52.386911,-1.467269
DTY25,52.591267,-1.009047
DTY28,52.643633,-1.034517
DTY31,52.658097,-1.431625
DTY32,52.574497,-1.698722
DTY33,52.727258,-1.034944
DTY36,52.776992,-1.027678
DTY37,52.757017,-1.498347
DTY38,52.810147,-1.022825
DUALY,38.764886,-76.842711
DUBBV,39.243756,-77.698189
DUBIN,42.911986,-71.993169
DUBLE,42.613936,-72.042106
DUBOI,41.218717,-78.796008
DUBYU,42.395708,-71.345706
DUCED,45.000403,-73.113217
DUCEG,41.823592,-70.460347
DUCNO,51.973428,-2.314347
DUCVA,39.934058,-74.92545
DUDAY,41.976917,-79.90715
DUDDA,40.625792,-72.956469
DUDDD,38.888911,-77.5799
DUDEQ,36.616778,-4.262194
DUDLO,54.699539,-66.529942
DUDNG,38.848675,-77.606094
DUDSO,45.648333,-73.6505
DUFFI,36.349408,-77.79145
DUFFY,54.514839,-5.860778
DUGBU,45.117222,-77.063056
DUGDA,43.903272,-79.330561
DUGNO,60.660833,-80.0
DUGRO,49.913075,-79.985797
DUGVO,45.235156,-65.676247
DUHAM,36.051656,-78.834514
DUKBA,46.790161,-71.414733
DUKKE,40.619778,-2.904167
DUKPN,39.089731,-76.457728
DUKSU,62.340711,-75.445642
DUKTI,45.122083,-75.491353
DULAY,42.774289,-76.130017
DULBA,46.219167,-66.466944
DULPA,43.564033,-79.823439
DULTI,48.661725,-72.428372
DUMBY,42.107056,-79.856436
DUMDI,50.166583,-60.40695
DUMFY,39.751689,-74.860206
DUMIW,38.031797,-79.603686
DUMKY,41.375983,-74.536128
DUMMI,38.091989,-78.116922
DUMMR,40.469633,-76.111161
DUMPR,39.7451,-71.9924
DUMRO,53.186983,-60.17395
DUMRU,58.671022,-69.946525
DUMSE,45.255011,-69.358019
DUMVI,47.691275,-69.923464
DUNBO,40.867592,-73.704639
DUNCE,36.847778,-79.488389
DUNEE,40.323439,-73.040572
DUNFE,37.888564,-75.591497
DUNGV,54.895556,-6.79
DUNID,53.364958,-60.267936
DUNKK,42.081708,-70.656342
DUNKN,40.133,-74.047983
DUNOL,43.830286,-79.202022
DUNOM,44.902581,-66.970467
DUNOP,43.584103,-79.960658
DUNOR,53.256169,-60.253756
DUNPI,43.890192,-66.343531
DUNUB,44.969719,-63.875206
DUNUD,46.787597,-71.44375
DUNUG,46.080006,-75.947397
DUNUM,45.570833,-75.818056
DUNUP,45.293028,-73.589414
DUNVE,40.429667,-75.335956
DUOVR,40.118497,-74.618122
DUPAP,49.880425,-79.775958
DUPAR,44.103833,-77.243
DUPAX,53.432172,-60.191303
DUPEY,38.0369,-76.751797
DUPIK,46.609747,-67.82245
DUPIL,44.046017,-64.967453
DUPKE,41.115633,-69.872847
DUPLI,53.084853,-65.209503
DUPUN,47.542472,-69.785642
DUPVO,48.083333,-77.4
DURAD,47.480797,-62.024517
DURAG,48.734125,-79.101828
DURAN,37.987089,-79.759417
DURED,45.68515,-72.361919
DUREG,48.553425,-70.770381
DUREN,48.861978,-54.584708
DUREV,43.690892,-66.251703
DURGE,37.973753,-76.662364
DURGO,60.660294,-78.363461
DURID,49.134581,-66.569861
DURIN,44.478306,-69.113594
DURLI,62.870081,-69.939058
DURNI,40.974444,-8.776389
DUROT,43.146667,-79.255
DURSA,45.871536,-66.886556
DURST,35.704222,-79.268217
DURUD,45.675506,-62.527017
DURUV,49.116442,-68.340586
DURWO,38.385847,-77.294794
DUSAP,46.309447,-60.218861
DUSAV,45.189039,-79.788172
DUSDO,43.68685,-66.256619
DUSEK,46.328844,-79.5321
DUSEN,44.9974,-64.196483
DUSER,46.063631,-73.098928
DUSID,52.919431,-72.194844
DUSIN,46.370522,-67.596978
DUSLU,48.361178,-64.302275
DUSMA,53.7,-80.0
DUSOD,45.728911,-73.000847
DUSOM,43.246389,-79.673611
DUSOR,47.251333,-67.646356
DUSOX,49.411231,-62.182967
DUSPU,49.271117,-57.110486
DUSUB,43.717778,-78.320833
DUSUL,55.500483,-60.141003
DUSVU,45.369,-75.767333
DUTED,47.695728,-64.769161
DUTEM,56.509328,-79.387203
DUTEV,44.241936,-77.319092
DUTEX,43.841597,-79.354353
DUTIK,46.3053,-64.59385
DUTIL,46.470797,-71.320422
DUTIR,45.072661,-63.465831
DUTIT,45.656142,-61.239786
DUTIV,43.768844,-79.042803
DUTKO,47.516525,-52.774606
DUTKU,43.817422,-79.509075
DUTLE,37.508425,-77.185758
DUTNI,47.736617,-64.994158
DUTOV,47.722092,-52.450406
DUTOX,53.555883,-77.430233
DUTSA,44.843217,-63.416464
DUTSE,39.115706,-75.443478
DUTSI,59.459383,-69.512342
DUTUB,47.689589,-67.484894
DUTUM,63.866667,-67.0
DUTUT,43.931633,-78.609861
DUUNE,40.930008,-74.073542
DUVAK,43.748333,-79.281389
DUVAR,46.453817,-64.459236
DUVBI,56.0,-61.0
DUVBO,51.119536,-58.634117
DUVEB,57.973517,-68.626219
DUVEK,46.310456,-63.006733
DUVEL,52.743386,-75.940519
DUVEP,43.100661,-79.076917
DUVIL,45.490078,-75.735719
DUVIN,43.706167,-67.0
DUVIX,45.635242,-61.275042
DUVKI,49.723939,-77.741558
DUVKO,43.801944,-79.870556
DUVNO,49.823744,-79.594225
DUVNU,70.498258,-68.50495
DUVRO,44.912589,-64.575994
DUVSA,47.566475,-52.916025
DUVTE,37.469547,-78.3628
DUVUM,43.612961,-79.436944
DUVUR,45.698819,-61.619806
DUVUT,45.443056,-79.797953
DUWEE,39.746981,-75.525828
DUWON,36.045844,-78.572853
DUXAB,56.160522,-61.926408
DUXAG,60.833119,-77.759803
DUXAK,43.897306,-79.613608
DUXAN,47.071831,-67.781192
DUXEM,48.809083,-64.713147
DUXEN,46.4625,-63.085833
DUXIG,43.364875,-79.048636
DUXIM,51.395803,-55.897511
DUXOG,44.395492,-79.852006
DUXUR,53.445728,-60.10375
DUXUX,46.606031,-67.173175
DUYAB,40.540339,-74.567289
DUYEV,38.328847,-76.628661
DUYPA,42.101767,-73.344383
DUZEN,35.433333,-75.333333
DUZEY,39.565164,-77.877339
DUZOP,37.669789,-8.651567
DVANY,41.862378,-72.303125
DVETO,40.615339,-73.696767
DW001,53.311472,-6.14625
DW003,53.499361,-6.307111
DW004,53.235,-6.417778
DW005,53.62675,-6.621417
DW006,53.452028,-6.272889
DW007,53.334306,-6.187694
DW008,53.452028,-6.272833
DW011,53.355222,-5.980389
DW017,53.511028,-5.927389
DW020,53.548722,-6.365778
DW021,53.680333,-6.355139
DW024,53.488944,-5.842361
DW025,53.346583,-6.19675
DW026,53.513333,-6.317444
DW027,53.404667,-6.238583
DW028,53.570278,-6.422222
DW029,53.755833,-6.2725
DW031,53.407194,-6.008111
DW033,53.346556,-6.196722
DW034,53.510389,-6.561833
DW035,53.499111,-5.884389
DW036,53.428472,-6.401056
DW037,53.423194,-6.304389
DW038,53.419444,-6.235889
DW040,53.439944,-6.329
DW041,53.503306,-6.453556
DW042,53.545583,-6.308083
DW080,53.270278,-6.180556
DW100,52.714944,-5.582444
DW102,53.40475,-6.530333
DW104,53.738306,-6.881361
DW106,53.578278,-6.420917
DW107,53.363722,-6.709556
DW108,53.430167,-6.428806
DW110,53.523944,-5.987889
DW111,53.459667,-5.822611
DW112,53.425139,-5.80825
DW113,53.287361,-6.017333
DW115,53.300306,-5.905444
DW116,53.170278,-6.1575
DW117,53.552917,-6.601222
DW118,53.43825,-6.458583
DW119,53.6655,-6.313306
DW120,53.642389,-6.495556
DW122,53.313,-6.455083
DW124,53.522306,-6.073889
DW125,53.589778,-6.025056
DW126,53.460194,-5.798222
DW127,53.327,-6.017972
DW128,53.465722,-6.352278
DW129,53.526722,-6.348806
DW552,53.31925,-5.856583
DW553,53.409306,-6.05325
DW679,53.339722,-6.192222
DW682,53.094972,-6.28775
DW704,53.401028,-5.486139
DW705,53.512944,-5.524
DW706,53.605917,-5.63525
DW754,53.200639,-6.8285
DW755,53.265056,-6.95125
DW814,53.396528,-5.528083
DW815,53.303583,-5.562944
DW816,53.229694,-5.645667
DW865,53.645222,-6.899556
DW866,53.558083,-6.974222
DW901,53.433389,-6.209278
DW902,53.479639,-6.058417
DW903,53.544028,-6.175056
DW905,53.438028,-6.296361
DW906,53.434833,-6.238222
DW907,53.477806,-6.081389
DW908,53.545778,-6.20975
DW982,53.373056,-6.350417
DW990,53.554139,-6.117139
DW991,53.503861,-6.442389
DW992,53.528861,-6.487389
DW996,53.443917,-6.048778
DWAIN,41.299453,-72.959111
DWEED,37.665075,-77.404394
DWIZZ,40.596658,-74.406544
DWOLF,41.834197,-72.644958
DWSEN,37.633333,-74.9
DWURF,40.780569,-74.338806
DXOON,37.770786,-78.500864
DYLIN,40.287469,-74.859792
EAARL,37.413711,-77.407503
EAGER,35.514758,-78.706603
EAGLL,39.450578,-77.735475
EANEY,42.311906,-78.310822
EARED,40.959042,-79.680108
EARNY,36.101494,-75.785167
EARVN,40.487331,-76.452092
EARZZ,35.911067,-76.856011
EASTN,41.959183,-71.110989
EATEN,42.865317,-75.615603
EBABO,51.64,-8.714361
EBALE,42.988339,-76.761367
EBARA,66.728794,-17.963278
EBBED,42.875744,-78.8253
EBBEE,40.560811,-73.820764
EBBIL,43.908967,-69.989922
EBBUM,65.997169,-15.150967
EBDAL,43.789394,-79.436344
EBDAN,46.324861,-79.544611
EBDAV,46.955519,-65.667756
EBDAX,48.540897,-58.174372
EBDIB,45.485667,-75.157167
EBDOG,47.990897,-78.64765
EBDOT,45.090342,-73.567014
EBELE,39.994658,-74.599653
EBERT,43.549467,-72.761786
EBESA,66.368608,-15.108783
EBEXI,65.716667,-41.0
EBEZA,53.450056,-6.517278
EBGAX,44.524581,-79.792417
EBGID,45.415889,-66.103664
EBGIR,47.559561,-68.7768
EBGIV,66.110719,-65.952092
EBGIX,45.725742,-70.397478
EBGON,45.325228,-74.868575
EBGUB,45.415283,-76.255258
EBGUP,44.051561,-76.721056
EBIHY,42.653258,-76.893011
EBKAG,43.123944,-79.551592
EBKAR,50.436567,-59.936039
EBKID,44.890414,-65.501314
EBKIG,45.677742,-61.504797
EBKIK,49.085903,-77.097592
EBKIN,44.086944,-79.815
EBKON,53.807872,-73.390003
EBKOT,51.361811,-71.0
EBKUN,45.848139,-71.381253
EBKUR,49.1805,-68.513139
EBKUV,62.135003,-75.678653
EBLAL,62.417342,-77.925281
EBLAP,46.719164,-71.326875
EBLIN,66.138572,-65.744197
EBLIT,44.669444,-63.273658
EBLOM,47.258367,-61.897892
EBLUD,46.032947,-64.952161
EBLUG,46.216842,-59.967064
EBLUT,43.706183,-79.679025
EBLUV,44.797106,-63.527864
EBMEB,53.255286,-60.295297
EBMEP,43.765825,-66.160361
EBMOK,45.680667,-73.384167
EBMUG,47.8491,-79.674086
EBMUK,46.525528,-64.616442
EBNAG,71.255381,-79.123636
EBNAP,45.131811,-75.846192
EBNYR,45.757925,-75.393419
EBOBA,50.673767,-3.795261
EBOLU,65.998922,-18.161561
EBOMO,47.821111,-4.312556
EBONY,44.902411,-67.156569
EBOOK,35.511897,-79.025133
EBOTO,52.35925,-0.694342
EBOXY,40.969067,-75.002372
EBRLY,39.688297,-75.491908
EBULE,40.145658,-74.065942
EBUME,40.9795,-78.148053
EBUXE,43.035092,-75.777872
EC11F,55.4626,-5.861883
EC29F,55.410919,-5.52475
EC29I,55.387914,-5.384333
EC401,48.501806,-5.111333
EC404,48.5815,-4.961889
EC410,48.433361,-5.119361
EC504,48.421417,-5.261361
EC510,48.492333,-5.009056
ECAVI,39.837778,-72.4175
ECAVO,44.367733,-71.942236
ECCHO,55.294833,-4.314539
ECCIT,52.129972,-5.645481
ECCOR,40.242556,-74.227539
ECEDI,41.002272,-76.284867
ECHO,48.358308,-70.573142
ECHOZ,38.602069,-78.003783
ECIJA,37.524722,-5.065556
ECLEJ,35.177778,-78.806094
ECM01,55.414581,-5.520203
ECM02,55.495344,-5.485219
ECM03,55.468925,-5.880344
ECM04,55.388961,-5.920392
ECOIL,39.832903,-74.235019
ECORE,36.833278,-5.185639
ECOSE,38.396944,-73.391944
ECRIM,45.566056,-2.575139
ECTAP,36.992906,-76.365744
ECUXE,39.438272,-78.945458
ECZEL,40.031339,-75.822806
ECZID,41.99615,-74.147253
ED07,54.655786,-6.240533
ED30,39.482211,-0.470914
EDACI,38.423158,-78.639814
EDAME,43.691206,-73.516919
EDBIF,51.691233,-1.834144
EDCOX,52.216578,-0.405533
EDCUT,38.661089,-77.108478
EDDEK,40.266397,-75.069478
EDDER,42.359775,-76.114597
EDDGY,38.806031,-76.781469
EDDWD,38.976333,-77.027292
EDEDE,37.424028,-78.389433
EDEHO,41.372603,-70.580794
EDEJU,44.07225,-69.517494
EDERI,66.168611,-51.998611
EDFAR,52.343239,-2.781117
EDIGO,41.504444,-3.411667
EDIMU,40.778333,-1.828333
EDITH,38.253592,-75.592722
EDJER,39.848728,-74.963881
EDLIB,43.743367,-79.709425
EDMEF,39.181689,-76.813464
EDONO,53.990944,-7.706
EDONU,56.293333,-3.561389
EDORY,36.310403,-76.092869
EDPAZ,52.9731,-0.790267
EDREW,41.643308,-74.394642
EDSCO,38.838206,-77.437725
EDTAJ,36.604975,-76.573153
EDUSE,43.180733,-78.6248
EDUXO,53.406667,-1.216944
EDZUX,52.923253,-2.756506
EEETE,42.937581,-76.970361
EEGEL,35.482619,-77.386742
EEGOR,41.160817,-73.12435
EEGUL,42.625342,-73.137919
EEMIL,37.427008,-77.217592
EESON,40.786775,-73.872808
EESTN,40.726806,-75.454597
EETEE,35.406489,-79.676556
EFECO,39.959594,-75.743694
EFELE,41.07325,-78.508353
EFEWY,39.510036,-74.543778
EFFCT,42.925317,-78.599839
EFFOL,53.049717,-4.403081
EFFUT,52.1951,-0.2001
EFHOP,53.331278,-4.044419
EG401,65.348169,-14.367975
EG402,65.409028,-14.451267
EGAKE,41.786914,-71.784467
EGAPE,35.029103,-78.284306
EGEKE,35.788033,-77.208756
EGELY,42.433667,-77.150144
EGENE,42.384342,-74.119219
EGF03,65.215867,-14.477394
EGF21,65.441056,-14.222292
EGGAB,36.154881,-76.302794
EGGRL,42.485631,-70.723778
EGGUR,64.015803,-21.421339
EGI03,65.177917,-14.60725
EGI21,65.531014,-14.119017
EGIBE,40.022675,-74.341969
EGILL,65.034167,-14.679444
EGNER,39.716383,-76.300375
EGOBE,36.812808,-76.010542
EGORE,42.546403,-71.486247
EGRUF,51.724367,-3.678383
EGUDE,39.024117,-76.871303
EGVUM,53.569667,-76.272667
EHEKY,37.112742,-77.932625
EHFAB,43.297253,-71.564389
EHIKO,44.357128,-72.966756
EHMAN,43.142106,-78.354819
EHPUZ,40.718256,-76.496492
EHTUT,46.600486,-68.015711
EHWOG,45.814169,-69.585356
EILEN,41.156861,-72.857306
EIRRO,42.661678,-71.8719
EJAZO,35.805058,-78.905589
EJEBA,40.842072,-75.650067
EJFOT,40.167367,-78.651172
EJOCA,43.534803,-72.604683
EJOCU,39.106781,-79.067825
EJUBO,39.972297,-75.055303
EJUDO,41.874919,-71.544528
EJUYE,35.036986,-77.070431
EKAKE,43.140036,-73.601358
EKALE,44.171603,-68.440497
EKAYO,41.797219,-70.769186
EKBAW,35.145503,-76.990383
EKDAP,45.313611,-4.903333
EKDOQ,43.066217,-78.377564
EKDUL,44.900239,-66.737331
EKETE,41.464958,-74.360731
EKICA,44.255183,-70.635158
EKLAD,53.253806,-2.824681
EKLAW,35.821711,-78.519983
EKLAY,44.498711,-69.7018
EKLID,39.142372,-9.263636
EKMAF,52.8609,-0.467761
EKMAR,38.557378,-9.521444
EKMOP,46.663889,-1.479167
EKOYE,42.038358,-79.831597
EKPAT,48.555944,-2.567111
EKPER,38.42295,-9.999942
EKPOG,59.96095,-1.548328
EKREN,53.645278,-5.76475
EKROL,42.0,-15.583333
EKSAL,65.508294,-17.186297
EKSEW,39.829606,-75.472483
EKSIC,40.367178,-75.368222
EKTUD,68.683314,-52.228375
EKVEB,46.604944,-5.820944
EKW21,42.244553,-71.430914
EKYIV,43.702744,-72.989828
ELAKE,42.381858,-74.125325
ELAPP,37.894503,-77.352906
ELBAN,55.954722,-4.504444
ELBEN,38.702683,-28.269978
ELBOB,54.732819,-7.743914
ELBON,53.592806,-6.156
ELBOV,70.785214,-52.155475
ELBUG,38.618611,-8.735833
ELDEE,38.694881,-76.946975
ELDER,50.663361,-1.337203
ELDOP,49.756833,-0.906639
ELDUK,37.811111,-7.940556
ELDUN,49.604736,-2.417742
ELEBA,45.652092,-74.424569
ELEBI,49.647131,-54.360994
ELEEE,42.755678,-71.373461
ELEME,38.77,-79.934047
ELEMO,42.031178,-70.595725
ELEPE,42.486297,-73.126842
ELERI,42.5745,-64.390183
ELESE,43.255631,-76.304611
ELEXY,41.431586,-76.126444
ELEZE,52.738883,-1.933467
ELGAG,61.130581,-45.978522
ELGEE,39.513492,-78.456244
ELGEK,40.833333,-10.833333
ELGIX,41.521111,-7.673056
ELGUT,66.086472,-22.474261
ELGUX,53.709278,-8.386806
ELHOY,43.819836,-72.085667
ELHUC,42.913028,-74.611322
ELIBE,42.934925,-76.756469
ELIBU,61.966367,-75.543733
ELILE,42.068183,-72.6709
ELIME,38.185756,-78.218436
ELINE,35.720442,-78.022478
ELINI,46.793861,-71.454803
ELINU,51.883511,-65.716553
ELIOT,40.818514,-75.130119
ELIRY,42.674181,-71.286047
ELISN,38.934542,-77.5799
ELIXO,47.814872,-67.369392
ELIZE,40.912972,-74.676689
ELJUM,44.361253,-71.718289
ELKIL,65.573833,-14.336219
ELKOG,60.446564,-9.5
ELLAA,44.325511,-74.266397
ELLAC,43.883833,-68.899247
ELLAL,63.5,-50.531667
ELLIQ,52.9518,-3.008556
ELLLA,38.564469,-77.441783
ELLON,37.501831,-79.187164
ELMER,37.172836,-76.000433
ELMMA,42.829106,-78.526908
ELMUD,55.115556,-1.673333
ELMUT,72.546936,-56.517725
ELNAV,52.468522,-0.042483
ELNER,47.227806,-1.753028
ELNIF,51.855344,-2.822669
ELNIG,64.129561,-22.373656
ELNOD,53.473889,-1.59
ELNUB,39.082347,-10.671036
ELOCI,41.412472,-78.419492
ELOHI,35.831844,-77.941983
ELOLO,45.672694,-77.274525
ELOPU,47.859464,-77.878489
ELOPY,38.415089,-78.745028
ELPAP,59.925856,-1.663397
ELPOM,52.560306,-9.224111
ELREQ,42.442711,-76.925389
ELREW,52.1306,-3.110597
ELREX,63.116667,-26.653333
ELRIP,50.629075,-2.989925
ELROV,51.392975,-2.446086
ELROY,42.943361,-77.872019
ELSAK,36.535472,-4.556083
ELSAP,42.017222,-0.847222
ELSEQ,44.806847,-71.215367
ELSIG,63.36685,-21.606636
ELSIR,49.5,-52.0
ELSOF,51.442081,-1.479481
ELSOX,51.0,-14.0
ELSUB,44.461667,-77.186389
ELSUH,44.627444,-68.569164
ELTAT,45.457853,-73.538069
ELTEK,64.115042,-14.891822
ELTEP,42.616389,-7.783611
ELTIG,51.753694,-7.835
ELTIV,44.206189,-65.133753
ELUCO,38.254506,-75.046447
ELUDE,39.653133,-75.802342
ELUKI,45.786503,-72.467836
ELUXY,38.98355,-79.799425
ELVAE,40.546333,-74.276333
ELVAR,39.219444,-7.223333
ELVEM,46.939972,-55.236742
ELVEX,36.756722,-2.722833
ELVIB,66.279686,-65.572406
ELVIR,40.373056,-3.231861
ELVOR,66.328439,-23.451825
ELVUD,43.788467,-79.432178
ELVUM,64.162953,-22.426431
ELVUR,65.103611,-14.837778
ELVUT,43.955833,-79.387778
ELWAC,51.158414,-1.385828
ELZEE,41.192667,-73.662394
ELZIE,39.468578,-75.925389
EMADI,47.774589,-52.707694
EMANU,42.957778,-3.780861
EMASI,46.508222,-79.254767
EMAXI,46.182094,-71.158861
EMBAB,43.830956,-79.350486
EMBAX,44.717506,-63.369092
EMBAY,40.516747,-74.279953
EMBEP,50.245006,-63.724486
EMBEX,41.953306,-1.219417
EMBIT,53.868383,-1.392961
EMBOK,63.466667,-58.0
EMBOL,48.484839,-58.811336
EMBOP,43.585828,-79.523478
EMBOR,52.963333,-1.295903
EMBUD,45.246542,-66.201117
EMBUL,46.238886,-74.947869
EMDEB,47.846689,-67.339953
EMDED,52.7335,-66.78
EMDUN,61.046519,-69.61765
EME01,52.829936,-1.374322
EMEGA,45.491803,-72.039286
EMEGI,47.390508,-62.047064
EMELU,48.232419,-64.695525
EMEPU,45.292789,-73.384347
EMERY,35.028333,-74.586111
EMESE,45.107097,-70.208414
EMEXX,40.824319,-73.966081
EMGAG,44.19635,-76.644819
EMGAM,44.781958,-66.718606
EMGAT,55.163158,-4.753306
EMGIV,47.529922,-67.508481
EMGUR,51.322594,-57.434919
EMHOV,43.700128,-69.715211
EMI22,39.757117,-77.295719
EMIBA,47.546058,-52.666744
EMIKA,47.654256,-65.477292
EMJAY,40.093025,-73.261753
EMJEE,52.065172,-1.978258
EMKAN,53.552339,-64.039606
EMKOB,47.464547,-68.431
EMKOV,46.261031,-63.869375
EMKUK,51.977075,-1.354089
EMKUM,48.830375,-79.142458
EMLAL,55.267381,-60.330225
EMLAP,43.859956,-79.862594
EMLEL,48.754792,-54.615447
EMLOB,45.983117,-66.159594
EMLOD,52.745292,-76.416733
EMLOR,49.392514,-57.372408
EMMEL,42.433144,-71.096978
EMMIE,37.837917,-77.864483
EMNAR,39.248586,-78.285633
EMODA,48.319017,-64.759661
EMOKO,45.808842,-66.795406
EMOSI,51.364375,-56.327969
EMOVE,38.256019,-76.332158
EMOXA,59.363203,-69.564194
EMPAD,38.895669,-9.055233
EMPAR,52.585744,-76.338836
EMPEK,45.916414,-74.344764
EMPEM,48.218053,-77.957025
EMPEN,51.405447,-55.960778
EMPER,49.0,-9.0
EMPID,46.748908,-67.194225
EMPOK,47.521233,-65.989919
EMPOR,41.437547,-78.365006
EMPYR,40.461547,-74.226469
EMRSN,41.001711,-74.553581
EMTUX,44.984992,-65.060594
EMULO,48.249628,-77.712244
EMUNY,40.246778,-74.853144
EMUSK,44.399044,-69.854225
EMUSU,48.557681,-68.805822
EMVOC,41.5085,-74.19265
EMVOW,51.119722,-1.448333
EMW02,52.828311,-1.254019
EMW05,52.7976,-1.182433
EMWHY,37.42635,-77.470394
EMWIP,50.055478,-3.319161
EMZUN,53.063522,-4.778636
EN27,44.365611,-1.126906
ENADU,46.049408,-60.072647
ENAGO,48.065931,-65.740211
ENARA,45.765403,-73.717433
ENATI,67.739747,-63.918142
ENAXE,41.629561,-74.19485
ENCOD,53.333144,-0.406644
ENDEQ,53.445661,-5.5
ENEBO,45.117444,-72.781192
ENECO,36.597556,-4.061472
ENEEE,40.710844,-73.6831
ENEKI,48.712122,-72.328256
ENHAQ,51.406303,-1.720389
ENHEL,50.231708,-3.256506
ENIPI,55.019661,-3.252842
ENJEX,52.05585,-6.04105
ENNSO,55.533333,-57.0
ENOBU,47.185194,-0.671583
ENOKI,47.796944,-1.419444
ENOKU,53.101111,-7.660833
ENOLA,40.246383,-76.900639
ENONU,43.508611,-8.207028
ENSAC,44.2,-0.690278
ENSON,43.691222,-73.310458
ENSOR,38.477922,-79.061167
ENSUE,39.307119,-76.544036
ENTUK,36.766142,-79.538575
ENUDA,38.783056,-27.113889
ENUKE,39.889797,-75.690767
ENUKU,56.233333,-3.638611
ENULA,53.9725,-8.264444
ENVUH,40.559111,-69.056361
ENZEW,39.944717,-74.867261
EON35,42.010228,-5.642575
EP02,37.496489,-77.324872
EP03,55.273483,-77.763578
EP04,40.575656,-74.742789
EP06,61.159283,-45.444411
EP19,60.060508,-77.297433
EP22,35.000967,-78.870392
EPACE,51.239133,-3.51985
EPAHY,38.882428,-79.8458
EPAPU,47.71,-1.411944
EPARE,40.796831,-72.905497
EPATA,36.287056,-3.866667
EPATI,49.793611,-1.082222
EPCAN,56.925556,-2.116389
EPECU,39.944753,-74.867206
EPEKA,48.799722,-2.100833
EPENI,63.383333,-26.911667
EPERO,51.845778,-8.262694
EPEYI,41.253467,-76.849544
EPIDU,53.817639,-6.598611
EPIXI,37.59325,-6.129861
EPIXO,46.723028,-2.400528
EPJUG,53.652619,-1.258994
EPKAW,39.692419,-75.780222
EPLAR,58.639828,-69.987669
EPLEF,49.925494,-3.012394
EPLIV,70.679706,-68.448203
EPLOB,46.812344,-71.070881
EPLOD,43.952353,-79.004564
EPLOR,51.323358,-55.784494
EPLUN,46.326311,-62.888697
EPLUV,53.756886,-78.814231
EPMAL,48.376239,-68.597475
EPMAN,66.0,-60.0
EPMEN,55.572483,-60.019117
EPMIB,58.1485,-68.065708
EPMOB,49.639892,-77.606086
EPMOK,44.984761,-74.952017
EPNAM,49.553128,-54.480197
EPNEP,44.170372,-77.144853
EPNIK,45.314386,-75.903111
EPNIX,49.111264,-55.192314
EPNOG,45.496944,-66.654722
EPNOL,52.25895,-55.477433
EPNOT,58.110614,-68.484697
EPNOV,51.341992,-58.891494
EPNUG,59.939736,-70.028594
EPNUT,43.843508,-79.357089
EPOCH,36.073183,-79.365467
EPOCU,41.412464,-78.554833
EPODI,38.922778,-27.259722
EPOKE,42.939986,-71.486519
EPOPO,41.936944,-10.203611
EPOXI,53.332972,-3.454919
EPRAB,53.759722,-78.820189
EPRAR,56.287675,-61.733942
EPREL,47.678972,-68.772436
EPRIG,44.965961,-64.843692
EPRIL,44.787497,-75.627875
EPROK,63.700492,-68.432208
EPROM,52.771572,-56.010014
EPRUK,52.6316,-56.528281
EPSAD,52.398917,-55.658756
EPSAP,51.713333,-76.011
EPSAR,47.539194,-61.936869
EPSAX,52.204625,-55.641286
EPSEM,51.524533,-57.117269
EPSEP,44.306528,-77.392381
EPSIM,48.5595,-64.293667
EPSOM,43.119319,-71.45125
EPSUD,53.689722,-64.374917
EPSUK,43.568169,-79.452692
EPSUN,45.901233,-72.326594
EPSUX,45.562672,-75.809058
EPTAL,52.71555,-56.235622
EPTIB,52.314397,-55.735911
EPTUL,45.076944,-73.907222
EPUNA,50.5,-14.0
EPVAG,47.628978,-52.659111
EPVED,49.148525,-68.096486
EPVOM,43.965358,-77.784308
EPXOP,39.095647,-79.638258
ERABI,53.014861,-9.567583
ERAKA,58.0,-10.0
ERAKI,42.995,-1.050278
ERALA,64.374789,-51.241417
ERANO,38.179444,-28.316667
ERBAL,43.889119,-79.29985
ERBAN,43.552286,-79.478458
ERBAX,49.331506,-57.198136
ERBEK,43.991775,-79.147358
ERBEM,58.139119,-68.744589
ERBIN,47.400833,-2.325833
ERBUL,59.153353,-69.843964
ERCOZ,48.332639,-3.602472
ERCUT,47.440278,-0.592222
ERDIK,58.056081,-68.486386
ERDOG,59.334206,-1.417678
ERDUV,53.876294,-4.168953
ERECA,38.918797,-76.851969
ERGAB,54.156111,-2.386667
ERGUM,50.123647,-1.747128
ERICH,41.705911,-72.782081
ERIGA,46.86,-2.363056
ERIGY,42.626656,-71.455717
ERIKE,38.977136,-77.604167
ERINN,42.202314,-76.824169
ERIYO,44.316294,-68.913361
ERJAZ,47.239722,-0.341389
ERKAV,49.134806,-0.060833
ERKEV,55.660806,-5.92395
ERKIT,54.030236,-0.830236
ERLIC,53.321881,-6.773956
ERLOT,55.287294,-0.584956
ERNAN,54.278861,-7.392769
ERNEI,41.944803,-71.208522
ERNIL,38.498111,-9.529731
ERNYY,39.675331,-75.691172
ERORE,40.954819,-73.899233
ERPOM,49.00175,-5.240917
ERPOX,65.471108,-23.296561
ERSER,61.5,0.0
ERSON,56.463217,-4.306575
ERTER,51.562028,-8.060222
ERTIR,63.964522,-21.041475
ERTUN,48.806722,-2.138
ERUBE,39.943833,-74.597017
ERUBO,55.476264,-5.959397
ERUDA,53.674722,-6.281944
ERUKU,38.7925,-8.983056
ERUPE,43.302878,-73.477497
ERUXI,54.838744,-1.965606
ERUYO,35.981656,-78.3696
ERVAD,53.113083,-6.077889
ERWAN,45.936944,-5.221389
ES18,52.802381,-2.663853
ESAAL,40.105133,-76.442608
ESALY,44.143994,-69.674244
ESAMI,35.833333,-2.686389
ESAUL,55.680864,-4.598433
ESDAC,53.473111,-6.874417
ESDOY,43.462908,-73.597194
ESEBI,39.403189,-8.666467
ESELL,36.124639,-78.426892
ESERY,39.516125,-78.864194
ESHIN,53.577,-0.303625
ESIBA,65.453686,-37.507808
ESICU,42.75055,-71.446778
ESILA,37.051414,-2.774128
ESISE,37.069311,-79.640311
ESITY,44.85875,-74.910067
ESJAY,41.233969,-74.067867
ESKDO,55.298889,-3.204239
ESKOE,39.909439,-75.094161
ESLAZ,45.013061,-74.778586
ESORE,37.628039,-77.364472
ESPIN,40.849444,-2.5
ESPUT,47.623692,-65.800856
ESRAM,45.291944,-72.786111
ESREM,45.348731,-75.728136
ESRID,47.449272,-79.648072
ESRIX,48.540603,-71.185861
ESRUP,43.816408,-79.137278
ESRUV,45.383694,-76.261753
ESSSO,39.284167,-75.653611
ESTAT,46.666072,-67.714528
ESTEL,45.965658,-74.183667
ESTER,35.480289,-77.821469
ESTEV,45.589556,-75.188606
ESTMA,36.113156,-78.698294
ESTON,39.344508,-75.409342
ESTOO,39.720464,-75.874658
ESTRY,53.664464,-3.261744
ESTUR,47.945489,-67.400183
ESTYN,38.785658,-77.438506
ESULE,41.891197,-71.51715
ESULU,51.103314,-1.007892
ESUTE,40.180214,-78.573169
ESUTI,37.859908,-10.430214
ESUZE,45.350139,-0.91875
ESVAL,44.802167,-63.589667
ESVUT,53.016867,-66.920433
ESVUW,41.582872,-74.157925
ESXOR,41.523706,-73.986806
ETAKA,41.789167,-7.73
ETANA,39.571389,-3.581944
ETARI,55.5,-15.0
ETAVE,35.690875,-77.91885
ETBAR,50.130156,-66.6277
ETBIL,48.885847,-55.518694
ETBUP,47.257664,-67.901297
ETBUT,72.591778,-78.103875
ETBUY,35.113453,-79.490339
ETCAG,52.739442,-0.260161
ETCAV,42.222489,-75.381867
ETGAR,44.419311,-64.163006
ETGEN,46.101239,-60.160439
ETGEP,54.5762,-71.044383
ETGEZ,54.048861,-8.501389
ETGIL,45.369914,-73.884003
ETGOK,44.531147,-66.850739
ETHIL,51.574167,-56.032833
ETHYN,42.325869,-70.555442
ETIGA,54.044214,-4.790742
ETIKI,48.0,-8.75
ETILO,57.5,-10.0
ETINY,41.505758,-74.524914
ETKEL,48.490031,-71.579342
ETKIM,47.318683,-72.779172
ETKOL,42.876075,-62.818333
ETKUB,46.736425,-66.898406
ETLAB,56.456319,-61.782231
ETLAV,46.199456,-76.021678
ETLER,43.821944,-79.479167
ETLIL,59.221197,-69.6402
ETLIP,51.082433,-58.428206
ETLUK,46.493158,-64.771083
ETMEP,44.810811,-63.678964
ETMEY,36.937222,-73.721111
ETMIR,46.571819,-63.698758
ETMUD,44.212614,-78.462653
ETNAH,51.690681,-3.239928
ETNUT,53.506961,-4.491656
ETOPI,39.481667,-8.812222
ETPAR,45.195917,-0.861778
ETPOB,51.259453,-3.181511
ETRIK,37.231297,-77.385231
ETRIP,57.096914,-7.747964
ETROC,42.625292,-75.540342
ETROX,36.4025,-24.024444
ETSIW,40.679481,-76.130525
ETSOM,57.89195,-9.5
ETSTO,43.984747,-70.935889
ETTOR,44.801789,-69.384817
ETUGE,41.546936,-73.829969
ETUME,36.668575,-77.148058
ETURA,38.208056,-2.188611
ETUSA,49.509361,-1.157722
ETUVY,40.162614,-76.814275
ETVAR,58.425,-2.745144
ETZIB,41.559533,-70.583797
ETZUN,42.998622,-73.517731
EUMIG,40.983344,-75.932244
EURRO,42.650742,-70.087931
EVABU,62.3175,-44.0
EVAMY,41.439669,-74.652372
EVAPE,36.849239,-76.136386
EVASE,39.465236,-74.339914
EVATA,51.139247,-0.765978
EVAXY,35.714181,-77.371414
EVBAC,43.336797,-72.398931
EVBAK,49.0,-10.0
EVBEV,57.786,-7.678122
EVCOR,50.937258,-7.114406
EVDIR,61.995833,-49.647778
EVEBY,43.538064,-71.533992
EVEDO,48.725861,-3.969556
EVEGE,40.807086,-74.151658
EVEPE,41.797031,-79.754108
EVEXU,50.687717,-0.578017
EVIGY,35.627,-78.929833
EVING,36.089347,-79.898994
EVINN,36.845836,-76.260464
EVITE,43.319803,-71.90935
EVITT,40.551917,-75.07765
EVKAL,53.263053,-0.443669
EVKEX,49.703333,-2.591667
EVNAL,57.408519,-9.5
EVODY,39.9285,-74.855542
EVOLE,43.202917,-70.711239
EVPAP,39.152403,-8.794006
EVPAW,41.179708,-69.787581
EVREN,48.340278,-2.014972
EVRIN,51.782347,-6.563225
EVSEM,51.730569,-1.462539
EVSOM,51.897742,-1.9994
EVSON,53.3575,-1.663611
EVTAR,55.464217,-0.255875
EVTEP,59.830936,-0.885606
EVTOL,52.183706,-5.520561
EVUDE,43.518458,-72.116389
EVULO,64.385778,-50.055769
EVURA,38.665,-7.918611
EVVEQ,47.536944,-0.901111
EWARD,40.444442,-78.974481
EWDET,53.028067,-0.201314
EWIVO,36.217353,-77.168175
EWOKO,40.376439,-75.335533
EWOLO,35.334617,-79.092875
EWOOD,37.519597,-75.869239
EWUHY,42.104778,-79.364778
EWUKO,35.580828,-79.997122
EWVAP,44.56105,-72.962075
EWWEL,38.396331,-75.602589
EXAGE,41.285508,-75.527703
EXALL,42.0106,-77.367953
EXALT,42.719056,-70.613508
EXAMM,40.791628,-74.336417
EXARO,51.000906,-1.380428
EXAZY,39.221133,-77.396136
EXBEB,42.410106,-72.755183
EXBUM,51.808225,-3.242717
EXEBE,41.552506,-74.127978
EXEMU,41.272222,-1.383611
EXEVE,39.142394,-76.621925
EXFUN,38.691125,-9.999989
EXHAX,54.039814,-1.342297
EXINE,35.598747,-77.489175
EXINU,64.337833,-21.977417
EXKIC,50.748061,-3.6151
EXLAV,41.012261,-76.961958
EXMEN,40.076161,-74.688714
EXMOR,51.178544,-3.359753
EXONA,38.904414,-8.016667
EXPYR,40.569208,-78.558239
EXTIR,37.628861,-5.029722
EXTOL,42.657692,-76.618361
EXTRO,44.354586,-78.149403
EXUFI,41.548581,-70.331811
EXULE,35.940383,-78.092489
EXURE,36.970758,-76.750283
EXUZO,36.381789,-77.6253
EXWUB,52.785481,-0.541364
EXXRO,42.577297,-71.193189
EXXXX,42.343633,-71.351269
EY510,46.738833,-2.416917
EY710,46.695167,-2.366806
EYAGI,38.749494,-77.893086
EYEUP,39.308564,-75.865583
EYEVU,43.171642,-78.277522
EYILI,36.119975,-77.922061
EYIZU,42.997269,-74.486444
EYMEY,42.927103,-73.812511
EYMON,40.337839,-75.471308
EYOPO,40.173006,-79.946592
EYRIE,39.9914,-75.0837
EYROD,40.826106,-73.670464
EYTEE,38.979231,-78.859117
EYUFI,36.117472,-76.569942
EYUGO,36.843267,-77.617094
EZABO,40.221461,-75.782619
EZETY,38.191669,-78.923311
EZFEP,41.943842,-79.727264
EZHED,41.217447,-73.697519
EZIMO,40.413494,-76.411917
EZIZI,38.6036,-75.510583
EZKOW,42.672714,-71.223861
EZLEM,53.416436,-4.865986
EZMEC,41.017567,-78.293711
EZUCE,40.766344,-77.493275
EZUMO,39.791822,-76.798569
EZUWI,35.474364,-78.502419
EZVIL,63.5,-51.206944
F200H,38.728311,-77.068144
F205E,38.763136,-77.071636
F300C,70.729864,-52.193592
F306K,38.935992,-77.249194
F332D,38.906244,-77.092117
FAAIR,40.956258,-74.219972
FAAYE,40.755656,-73.452189
FABAM,41.717614,-79.530319
FABAV,38.145228,-76.356697
FABBO,43.359822,-71.772556
FABDA,35.784397,-77.220192
FABDU,40.607839,-75.198903
FABEN,42.853344,-75.952197
FABIC,36.490958,-79.367008
FABIG,43.008519,-71.164131
FABIX,42.051111,-70.268614
FABOK,39.9107,-74.617422
FABOT,35.3235,-78.024272
FABRY,40.725447,-73.764933
FABSA,37.424758,-79.381858
FABVA,40.325125,-78.823569
FABVO,42.912467,-78.678731
FACNO,43.331586,-70.842014
FACTU,52.350822,-2.287008
FADEF,39.195472,-8.913075
FADZU,51.88225,-3.981758
FAFEQ,40.169389,-3.460694
FAFKO,53.226992,-60.632586
FAGED,37.852136,-76.682197
FAGEN,39.148372,-76.522936
FAGHU,40.190647,-76.198967
FAIRI,40.930961,-72.539256
FAIRR,45.626297,-70.052044
FAK20,37.644756,-78.221328
FALAG,41.690539,-71.499053
FALGA,38.900569,-78.054756
FALGI,43.154781,-76.774139
FALKO,38.185192,-77.442592
FALLZ,41.071469,-74.125067
FALMA,41.372822,-71.171181
FALMI,35.691439,-78.023553
FALMO,44.091164,-70.257286
FALON,39.816869,-74.1105
FALOX,42.522342,-73.465
FALTA,40.805767,-72.379144
FALTY,41.023344,-74.435739
FALUT,41.383339,-74.338111
FAMAL,41.381667,-8.500556
FAMAV,40.072722,-76.766064
FAMCI,44.759683,-70.159072
FAMEX,36.796025,-76.051858
FAMMA,41.009911,-73.681886
FAMOX,39.682739,-78.091392
FANBO,37.546164,-79.858856
FANDA,40.480117,-78.736242
FANDU,35.595497,-76.188414
FANFE,51.772439,-3.880244
FANFO,37.032819,-75.990419
FANPO,38.423678,-78.230889
FANRU,40.088606,-76.404686
FAPAV,41.016039,-74.8914
FAPGO,42.670161,-75.557411
FAPIM,44.245333,-73.892136
FAPOG,35.495514,-79.971519
FARAL,40.348028,-75.277864
FARAM,44.346322,-70.656561
FARAN,41.295489,-73.882311
FARED,42.025417,-70.913944
FARGN,42.611719,-79.78845
FARGU,41.051375,-69.958106
FARIL,41.966517,-72.651336
FARJO,50.937853,-3.578528
FARLE,41.152628,-73.796811
FARNU,42.786092,-72.274978
FARUK,52.152433,-78.532794
FARWY,35.67895,-78.991039
FASEN,39.376097,-74.635583
FASPU,37.382869,-76.566019
FASSA,58.7,-67.0
FATAG,38.698914,-29.103381
FATAX,39.951722,-79.955558
FATBU,40.145989,-74.470292
FATIR,39.102542,-76.858364
FATOM,37.513481,-75.975769
FATON,40.207614,-73.039314
FATUP,43.025525,-76.066594
FATVO,36.001133,-76.684958
FAULT,42.984169,-77.363272
FAUNC,49.003564,-55.523414
FAVIG,41.18015,-77.345175
FAVIL,40.514414,-79.551722
FAVKO,36.433686,-78.944469
FAVOV,38.763236,-78.415736
FAVUM,41.266436,-77.595089
FAWLR,38.616181,-77.441019
FAWXX,38.874736,-77.356178
FAXIB,43.010911,-73.548972
FAXIK,38.350339,-77.979044
FAXXI,40.563883,-76.151933
FAYET,43.12765,-75.942056
FAYGO,35.205358,-78.489644
FAYOL,43.549481,-79.785056
FAYRO,40.969036,-78.159094
FB07R,48.415306,-4.561917
FB25L,48.495889,-4.207
FBD11,44.855139,-0.841972
FBD23,44.941333,-0.553944
FBD29,44.783917,-0.503167
FBG05,45.582306,-0.435139
FBG08,45.652306,-0.445861
FBG23,45.727222,-0.191778
FBG26,45.672944,-0.180667
FBH09,46.183083,-1.32925
FBH27,46.173944,-1.019917
FBN25,46.359056,-0.235472
FBP31,43.303,-0.272694
FBS27,44.3665,-1.004667
FBZ09,43.466917,-1.657528
FBZ27,43.470083,-1.349
FC06Y,44.493361,-1.211278
FC06Z,44.479639,-1.240222
FC24Y,44.574417,-1.03975
FC24Z,44.588028,-1.010833
FCY28,45.610667,-0.829833
FD009,40.401083,-3.486361
FD01,63.880647,-22.586661
FD012,40.401389,-3.491722
FD02,37.060278,-5.656667
FD025,38.662108,-9.056794
FD03,40.883472,-5.549889
FD04,52.741258,-2.773653
FD05,57.453372,-4.260392
FD05A,44.831361,-0.868806
FD05L,53.264233,-2.482825
FD05R,53.239131,-2.496031
FD05Y,44.831361,-0.868806
FD05Z,44.760611,-0.812333
FD06,40.160333,-0.037528
FD07,54.579172,-6.392025
FD08,49.193847,-2.338031
FD09,59.876469,-1.517958
FD10,63.989883,-22.849144
FD10Y,38.313472,-0.7845
FD10Z,38.302,-0.701083
FD11,44.863472,-0.836722
FD12,43.358278,-3.053972
FD12R,41.7305,-1.202278
FD13,58.518831,-3.227906
FD17,54.770306,-6.291261
FD18,52.881025,-2.691489
FD18L,40.694139,-3.559861
FD18R,40.616389,-3.595111
FD19,64.075014,-22.585561
FD20,37.263889,-5.5675
FD21,47.275611,-1.471361
FD216,37.949528,-4.757583
FD22,53.4093,-6.276836
FD23,57.618986,-3.898667
FD231,37.927472,-4.727222
FD23L,53.455292,-2.058622
FD23R,53.475908,-2.055619
FD24,57.548467,-7.197117
FD25,54.695389,-6.007947
FD25L,35.681236,-0.435339
FD25R,35.6907,-0.428975
FD26,35.020747,-2.884897
FD262,35.298917,-2.796861
FD27,59.902844,-1.076931
FD28,63.987603,-22.403567
FD289,42.427361,-2.197111
FD28Y,38.291361,-0.403278
FD28Z,38.265389,-0.438028
FD29,44.794667,-0.499806
FD30,43.22575,-2.673528
FD30L,42.03425,-0.22025
FD30R,41.626889,-0.903944
FD31,58.4085,-2.947228
FD32L,40.400778,-3.490639
FD32R,40.401333,-3.486722
FD34,57.086778,-2.109575
FD35,54.533842,-6.162986
FD36,52.707153,-2.680683
FD36Z,36.862844,-25.162039
FDN12,45.955556,-1.130528
FDN30,45.816972,-0.820528
FEAST,40.960536,-72.140175
FEBAR,40.036967,-74.303039
FEBEL,35.958764,-77.897842
FEBOB,46.732294,-68.070708
FEBOT,71.028147,-22.534697
FEBRA,41.713811,-74.389956
FEBRI,43.30975,-2.273944
FEBUT,42.211711,-75.838067
FEBWI,51.890869,-3.222339
FEC05,48.418028,-5.147972
FEC23,48.507111,-4.981361
FECHO,47.911944,-1.471111
FEDAR,40.643725,-73.759278
FEDDY,61.7,-67.0
FEDED,41.906806,-71.272428
FEDEM,40.734444,-73.909722
FEDGA,40.274931,-78.342014
FEDIT,39.292503,-77.296517
FEDOX,35.975417,-79.605461
FEEBZ,35.752542,-77.781767
FEELY,35.079136,-77.090181
FEEST,42.409542,-70.808378
FEGAN,40.236461,-74.195325
FEGAX,39.086236,-75.178539
FEGLI,41.697053,-78.493142
FEGLO,41.670181,-75.955714
FEGOV,39.578183,-79.921933
FEGOZ,39.567769,-76.448883
FEGSI,41.325642,-75.799969
FEGUD,44.861692,-66.920764
FEHLO,42.669267,-76.622814
FEINT,38.814881,-77.525361
FEJAC,48.775556,-2.570833
FEKBO,42.127456,-77.585625
FEKET,38.356667,-76.321039
FEKUP,38.961203,-79.023353
FEKWU,41.608822,-71.340653
FELAN,38.933603,-77.455864
FELCA,51.825239,-3.538781
FELDI,41.345864,-75.716433
FELIN,57.906097,-68.529953
FELLI,65.354167,-15.173889
FELMO,42.111767,-79.150756
FELTY,38.779486,-76.944664
FEMAP,37.244,-77.280911
FEMAR,37.851831,-77.021778
FEMDU,41.052697,-73.879692
FEMKO,39.032317,-77.458419
FEMOD,38.185456,-74.953253
FEMVU,40.309806,-74.766469
FENIK,55.715181,-4.291919
FENIM,36.029158,-77.752017
FENIP,42.084078,-71.373339
FENKA,39.938156,-74.685914
FENLY,40.705728,-74.568347
FENRU,41.1381,-79.9062
FENUB,42.458903,-75.530664
FENUD,35.393011,-78.031119
FENUN,41.5518,-75.794458
FENWY,42.36975,-70.718339
FENXE,39.722222,-1.548889
FEPOK,38.825458,-76.863661
FEPUG,42.930928,-77.835172
FEPUV,44.476306,-70.466281
FERFE,39.058703,-10.005711
FERGI,38.986711,-77.180606
FERIM,45.065211,-69.310317
FERIN,39.931589,-74.960814
FERKO,40.161889,-76.168708
FERMI,42.5425,-1.770083
FERNA,37.711111,-4.633333
FERNZ,41.843167,-69.781419
FEROG,46.472778,-67.968908
FERRO,36.466667,-3.466667
FESAN,39.512964,-77.266439
FESBA,35.787969,-77.589403
FESER,39.578194,-75.614267
FESTA,41.442111,-1.104444
FESTI,39.916331,-74.995389
FESUM,42.9277,-75.883
FESYU,39.243092,-77.629458
FETIB,40.880089,-79.719264
FETKU,41.412472,-78.421708
FETPU,42.679242,-73.905742
FETTE,39.053764,-76.522953
FEVBI,36.619408,-75.951175
FEVOR,41.328528,-75.731203
FEXGO,40.670278,-69.229667
FEXUX,41.682028,-71.461633
FEXXX,41.210983,-72.9166
FEY14,46.799667,-2.486917
FEY32,46.635778,-2.298833
FEYJA,40.771658,-75.890467
FEYKO,38.146422,-75.693519
FEZUC,51.256067,-0.049139
FF01,36.215808,-77.147906
FF02,50.867861,-1.421581
FF03,59.949292,-69.996747
FF04,56.409672,-61.800936
FF04X,64.07915,-51.760667
FF05,57.447436,-4.253311
FF05L,53.257461,-2.473408
FF05R,53.240775,-2.498361
FF06,61.067728,-45.604131
FF06X,69.231642,-51.293492
FF06Y,69.153506,-51.187417
FF06Z,69.160003,-51.226464
FF07,62.375819,-78.079194
FF070,72.674308,-78.123697
FF08,54.069317,-4.780194
FF08R,51.11495,-0.429181
FF09,59.864417,-1.514528
FF09L,51.4766,-0.684842
FF09R,51.463925,-0.682319
FF09Y,37.417556,-5.992639
FF09Z,37.417556,-5.993667
FF0RX,37.678417,-0.936722
FF0RY,37.711444,-0.894333
FF0RZ,37.685833,-0.927389
FF10,53.323136,-6.615667
FF10X,36.65775,-6.478806
FF10Y,36.659,-6.491722
FF10Z,36.659,-6.49175
FF12,55.567006,-4.761839
FF12F,51.446172,-3.500886
FF13,64.168844,-22.12405
FF13L,40.667722,-73.816517
FF13R,40.656053,-73.837978
FF14,38.867386,-9.381233
FF14W,38.899319,-9.415558
FF14Y,38.883992,-9.399078
FF15,52.555678,-1.861681
FF15X,42.88425,-1.729722
FF16,57.307881,-2.276228
FF17,54.770178,-6.291911
FF18,58.325272,-6.351964
FF18L,40.691389,-3.56025
FF18R,40.683167,-3.575722
FF19,60.121439,-77.297433
FF198,67.707372,-63.894086
FF19R,38.200892,-7.916325
FF19Y,64.256283,-21.961878
FF20,70.561319,-68.394869
FF20Z,36.847306,-6.009944
FF21,60.093231,-69.958131
FF22,54.708208,-5.764436
FF220,51.545403,-78.699228
FF22Y,40.56625,-3.359667
FF22Z,40.566278,-3.359694
FF23,57.613831,-3.891933
FF23L,37.832222,-0.715306
FF23R,53.465639,-2.042333
FF24,69.364731,-50.827225
FF240,69.341867,-50.901292
FF25,58.145872,-68.282142
FF26,54.105472,-4.445742
FF26L,51.170136,-0.029883
FF27,59.898264,-1.072842
FF27L,51.465406,-0.234169
FF27R,51.478142,-0.233442
FF28,63.984897,-22.394289
FF29,50.051825,-5.13045
FF29Y,43.519083,-5.847389
FF29Z,43.529472,-5.890944
FF2LX,37.832,-0.722667
FF2LZ,37.825156,-0.724536
FF30,55.423439,-4.347189
FF300,70.729731,-52.143328
FF30F,51.360917,-3.230514
FF30Y,51.360836,-3.230278
FF30Z,61.981433,-6.948842
FF31,64.179414,-76.324817
FF31Y,38.827778,-6.707778
FF32,50.173353,-61.667917
FF32L,40.40075,-3.490694
FF32R,40.408694,-3.470444
FF33,65.360217,-52.773633
FF34,57.086142,-2.112608
FF35,42.798139,-8.382278
FF353,70.667614,-22.522308
FF355,70.649472,-22.511222
FF36,58.1148,-6.311972
FFATY,42.590944,-72.655683
FFK26,46.449806,-0.660056
FFM01,51.338069,-3.158572
FFM02,51.401908,-3.106744
FFM03,51.435831,-3.213614
FFM04,51.461286,-3.549119
FFM05,51.525294,-3.4977
FFM06,51.491631,-3.390414
FFRED,42.172578,-72.552533
FFURR,39.326958,-73.939378
FHRST,39.077167,-76.447828
FI01,65.508986,-18.057728
FI04,42.766389,-2.839028
FI05,54.448175,-1.543344
FI06,40.161194,-0.033528
FI07,51.719047,-1.750436
FI08Y,55.005728,-7.3414
FI08Z,54.997122,-7.38215
FI09,58.952864,-3.112656
FI0RX,37.645472,-0.979139
FI0RY,37.712139,-0.893278
FI0RZ,37.687583,-0.924944
FI10,38.312,-0.773306
FI10X,36.657583,-6.477111
FI12,43.379806,-3.126139
FI13,36.813861,-4.694194
FI14Y,53.934183,-1.765739
FI14Z,53.946483,-1.784733
FI15,42.905972,-1.745611
FI15Y,38.84885,-27.181967
FI16,57.320072,-2.285286
FI17,41.384961,-8.717239
FI18,39.940956,-8.882872
FI18L,40.707361,-3.560333
FI18R,40.772083,-3.576222
FI19,42.368833,-8.589472
FI20,53.672458,-0.282817
FI20Z,36.843278,-6.011917
FI21,43.395722,-8.300222
FI21Y,43.382667,-8.310972
FI21Z,41.046833,-5.435694
FI23,57.788642,-3.191031
FI23L,37.841056,-0.726333
FI24,56.032033,-3.129183
FI25,53.785867,-2.6804
FI25L,35.683972,-0.436586
FI25R,35.687494,-0.433878
FI25Y,36.886583,-2.19575
FI25Z,36.886556,-2.195833
FI26,56.386992,-2.706736
FI27,58.961944,-2.727925
FI28,48.052361,-1.578389
FI29,42.428861,-2.201889
FI29Y,43.519972,-5.851111
FI29Z,43.531028,-5.897472
FI2LY,48.478917,-4.280444
FI2LZ,48.495611,-4.205889
FI30,43.212639,-2.670389
FI30R,41.598528,-0.877444
FI30Y,37.658611,-25.434722
FI31,43.303,-0.272694
FI31Z,38.833889,-6.718611
FI32,53.771642,-1.516136
FI32L,40.381139,-3.470861
FI32R,40.350028,-3.411111
FI33,52.375958,-1.661606
FI34,57.132472,-2.146625
FI35,54.045117,-3.232294
FI36,39.723372,-8.891494
FI361,40.8234,-8.637653
FI362,40.803433,-8.635867
FIBAB,42.730228,-71.940094
FIBAL,40.815311,-79.697375
FIBED,38.019153,-75.397658
FIBEL,38.907953,-78.969817
FIBIP,37.141406,-78.030711
FIBIR,38.629042,-78.533972
FIBNA,38.999231,-75.973725
FIBUG,37.617258,-77.404311
FICWE,67.139133,-49.945867
FIDAR,37.000186,-76.377333
FIDAX,39.754408,-74.947153
FIDBA,43.068792,-77.719714
FIDER,43.293658,-72.564089
FIDON,42.159364,-76.720517
FIDSO,40.806336,-79.688653
FIENE,40.791767,-75.458919
FIFAH,51.880142,-4.259444
FIGAB,40.158933,-76.387175
FIGHT,35.051144,-79.566658
FIGID,39.58225,-76.821617
FIGIV,41.067861,-78.487497
FIGOL,42.159708,-71.156283
FIGON,40.935764,-74.420142
FIGOP,44.177211,-70.293161
FIGUL,36.721325,-76.144417
FIGUV,42.850625,-73.879122
FIGZI,51.959658,-2.603769
FIKAT,43.578106,-73.699528
FIKLU,38.372572,-75.561994
FIL28,38.391769,-28.112814
FILGA,41.407814,-74.020103
FILOV,36.600903,-78.479656
FILRO,38.964283,-75.945975
FILVO,35.109914,-76.271489
FILYP,41.774047,-71.313708
FIMAR,38.335525,-77.564781
FIMBI,38.752472,-77.018269
FIMBO,38.674025,-77.3189
FIMCA,50.280136,-3.500228
FIMLI,67.420833,-51.370833
FIMUB,41.358164,-75.756719
FIMVO,42.180208,-72.545486
FINAM,42.422222,-7.388611
FINDO,56.369181,-3.463556
FINLY,40.966442,-77.645292
FINMA,51.996447,-1.053706
FINNZ,39.278694,-76.448853
FINPI,41.716964,-74.264108
FINRA,40.642833,-75.104194
FIPIR,36.261081,-79.021944
FIR05,69.651667,-62.845278
FIR07,68.795556,-61.732778
FIR11,65.905833,-58.582778
FIRAN,39.143178,-77.123636
FIRER,39.246617,-75.436186
FIROP,38.870536,-77.039664
FIRSI,40.677867,-74.366675
FIRUT,36.812083,-76.009817
FISAL,43.938231,-69.943228
FISBO,41.798922,-71.503528
FISLA,40.607083,-74.218147
FISRR,41.258369,-71.9542
FISSH,38.891425,-74.383956
FISSR,37.443239,-77.346358
FISUX,35.832061,-78.837519
FITBA,41.275611,-79.522528
FITBO,52.219042,-2.403486
FITIK,36.590825,-77.763733
FITME,51.924586,-0.077044
FITON,35.445719,-78.8966
FITRE,41.912425,-74.9175
FITSE,41.705,-5.541111
FITZY,42.864144,-71.528697
FIVBO,45.089058,-69.188792
FIVUD,38.875503,-77.056053
FIWXI,40.37025,-75.949422
FIXBE,55.226111,-8.222778
FIXET,38.592992,-77.0712
FIXIN,40.609056,-73.79335
FIXUG,41.535981,-70.48505
FIZED,53.579131,-0.654833
FJR08,47.536194,-0.537278
FJR26,47.583222,-0.092167
FK400,46.522417,-0.573083
FK402,46.389694,-0.555056
FK404,46.440444,-0.801194
FK406,46.516806,-0.741833
FK408,46.519639,-0.657444
FL01,65.472006,-18.181886
FL05,40.215806,-3.827556
FL23,42.665333,-5.550889
FLAAG,39.465869,-76.871178
FLACO,39.196742,-76.809411
FLAPE,41.065639,-71.069597
FLDER,39.544164,-74.533583
FLEIG,42.655553,-73.800722
FLEUR,46.988333,-70.462778
FLIBB,41.227039,-72.422275
FLIKR,40.380031,-74.251092
FLINT,39.662811,-78.550014
FLIPO,39.05125,-77.464778
FLIPZ,38.369319,-77.194006
FLIRT,39.928753,-76.704253
FLIVR,35.167833,-79.173647
FLLAT,38.377106,-78.783128
FLMOR,38.838889,-77.097222
FLNTF,38.26755,-75.144856
FLOAT,40.429956,-75.884408
FLOOR,43.392617,-75.943133
FLORR,39.223703,-77.462086
FLOSI,41.543528,-74.334097
FLUKY,38.506444,-77.729222
FLUOR,41.829742,-70.280467
FLUTI,42.412428,-70.886647
FLYNN,39.853114,-74.763533
FLYZZ,42.803725,-72.490333
FN02,53.488103,-0.409072
FN034,36.726561,-2.481189
FN05,48.235533,-4.547253
FN06,61.100592,-45.604908
FN07,53.713606,-3.037853
FN08,53.028522,-0.720261
FN09,51.381317,-2.887794
FN10,65.564225,-37.341519
FN10Z,54.310842,-8.806222
FN11,43.474394,-3.990925
FN111,51.927564,-2.318361
FN12,55.561031,-4.768025
FN14,39.236644,-77.288933
FN18,58.324911,-6.350942
FN19,66.301294,-15.327728
FN20,55.581606,-4.512211
FN201,66.076956,-21.301528
FN22,53.236669,-2.883625
FN23,54.577336,-1.301478
FN24,56.031328,-3.128083
FN25,51.909461,-0.168739
FN26,53.065947,-0.272789
FN262,35.328578,-2.773986
FN27,58.964375,-2.705169
FN30,47.080117,-56.226483
FN30Y,51.360561,-3.230603
FN30Z,51.347381,-3.187628
FN32,49.855283,-6.220067
FN36,58.11575,-6.309272
FOBON,37.607517,-77.296958
FOBUX,44.256872,-73.107592
FOCAL,36.032494,-79.250086
FOCUZ,39.826767,-74.857314
FODAK,41.271433,-73.735881
FODEV,39.682186,-77.928775
FOFAT,38.740833,-8.868056
FOGMO,44.373922,-72.883492
FOH04,49.439889,-0.046806
FOLAM,40.3966,-74.908722
FOLER,40.602242,-73.788447
FOLEV,40.954317,-76.535397
FOLEZ,39.925767,-75.821247
FOLIO,45.098794,-68.412019
FOLTU,42.589422,-76.218639
FOMEP,47.291333,-68.615772
FOMIV,38.3394,-78.349139
FOMLU,44.294819,-68.589781
FOMOB,39.470308,-75.518564
FOMPI,41.991175,-76.147708
FOMTI,40.082792,-78.749544
FONRA,39.809581,-77.239556
FONUB,44.613222,-69.614514
FONUP,40.775522,-75.239514
FONVI,38.904892,-77.085603
FONZU,50.822667,-3.899672
FOOTH,40.681833,-76.151603
FOPCE,35.609231,-76.835697
FORGT,39.035372,-77.855347
FORJE,63.705631,-68.443533
FORKL,39.273631,-77.431206
FORME,43.276383,-72.149658
FORMN,42.857558,-78.796492
FORMU,40.925742,-73.270211
FORNO,42.468111,-7.481472
FOROR,41.465211,-73.808003
FORTE,46.280278,-57.66
FORTT,40.8398,-77.434692
FORVR,43.653811,-70.284903
FOSAN,42.861364,-71.737353
FOSCO,43.270989,-70.590922
FOSEX,42.748564,-73.700756
FOSIT,39.873142,-74.922578
FOSOM,39.919411,-75.051744
FOSOP,36.196644,-76.163094
FOSOR,36.574231,-76.053292
FOSRA,42.606786,-74.092194
FOSTY,41.843183,-71.642039
FOSYU,44.207053,-74.332819
FOTBL,42.991306,-78.806117
FOU21,47.160778,-0.82325
FOUST,39.459358,-76.887786
FOUTN,42.352197,-79.575586
FOV14,48.155222,-0.886028
FOV32,47.959667,-0.660417
FOVAX,44.01425,-75.656017
FOVPO,36.707281,-76.847489
FOXAT,42.087506,-79.092019
FOXBO,41.916772,-70.249469
FOXEI,36.772256,-76.2159
FOXEK,41.248242,-73.696311
FOXHL,39.047217,-77.370067
FOXIB,40.800094,-74.202525
FOXLA,52.032536,-4.210161
FOXTT,48.478422,-71.540131
FOXWD,41.806017,-71.801953
FOXXE,54.486389,-59.288333
FOXXX,42.343642,-74.291964
FOYLE,56.142814,-4.382336
FOZZY,36.373742,-78.708969
FQ001,39.319153,-31.090022
FQ01,51.749119,-1.344964
FQ01Z,42.141889,-8.652861
FQ02,50.863161,-1.397717
FQ05,55.793575,-4.589006
FQ06,69.178419,-51.178714
FQ07,53.717419,-3.019328
FQ08,54.069608,-4.780344
FQ09,58.953311,-3.112683
FQ097,38.516439,-28.8996
FQ09Y,66.938614,-51.092261
FQ09Z,66.943003,-51.069444
FQ10,63.985,-22.814722
FQ12,63.456064,-20.467858
FQ13,66.968672,-54.068192
FQ14Y,53.930522,-1.772078
FQ14Z,53.94185,-1.792739
FQ19,65.825864,-18.1737
FQ20,51.03605,-1.296186
FQ21,65.416581,-14.321742
FQ23,55.966564,-4.260825
FQ24,57.549089,-7.195383
FQ25,51.776344,-1.396519
FQ26,54.10865,-4.446972
FQ27,58.963789,-2.727975
FQ27Z,46.174436,-1.020839
FQ29,68.732711,-52.5671
FQ30,63.397344,-20.059458
FQ31,58.404422,-2.952392
FQ32,53.792678,-1.570544
FR15,52.5212,-1.812969
FR33,52.396892,-1.673336
FR601,37.055117,-8.431072
FR602,36.852106,-8.292272
FR603,36.833336,-8.119967
FR604,36.867325,-7.686836
FR607,37.082586,-7.614825
FR609,36.930906,-8.346689
FR610,36.819394,-7.711556
FR611,36.992278,-7.815806
FR612,37.029244,-8.067506
FR614,36.818122,-7.686875
FR619,36.925394,-8.35315
FR620,37.100244,-8.462325
FR621,37.068969,-7.697489
FR624,36.868108,-7.876906
FR630,37.538883,-8.276803
FR634,37.038247,-8.129094
FR710,37.033972,-8.102472
FR728,36.997,-7.842167
FR910,37.043778,-8.174
FR928,36.986472,-7.770333
FRALY,43.799267,-79.970458
FRANQ,40.853003,-72.582633
FRANW,47.0,-5.0
FRANX,45.252472,-74.207994
FRASW,45.0,-1.0
FRAZR,51.616667,-62.716667
FRC28,49.623278,-1.254167
FRD17,48.719806,-2.114889
FRD35,48.436806,-2.04025
FRDMM,38.942928,-77.517053
FREDO,41.905672,-70.582233
FREEE,39.578606,-76.266253
FREEH,43.020769,-71.559503
FRETO,35.891408,-78.877947
FREZR,35.095122,-79.900886
FRG12,49.427694,-0.0325
FRH07,47.709917,-3.666472
FRH20,47.910889,-3.375194
FRH25,47.808222,-3.224194
FRI10,46.720389,-1.512528
FRI28,46.685806,-1.2625
FRIAR,44.441369,-69.88455
FRIKE,36.814306,-78.900233
FRIKK,40.776514,-73.482433
FRIKY,37.240689,-79.905847
FRILL,42.229869,-69.824644
FRJ07,48.499583,-4.305056
FRJ25,48.560583,-3.998833
FRK13,49.261389,-0.640528
FRK31,49.088833,-0.268417
FRL05,48.223444,-4.553306
FRL23,48.333333,-4.329167
FRLDI,42.026986,-73.985519
FRN10,48.091556,-1.888694
FRN28,48.052361,-1.578
FRNKI,40.765217,-74.2494
FRNKY,40.413233,-73.737703
FRO29,48.710417,-3.263
FROGI,40.954222,-73.730678
FROLY,41.614358,-71.025136
FROSE,40.062183,-75.471889
FRQ09,47.983889,-4.390583
FRQ27,47.965722,-3.948583
FRRST,40.654853,-73.306444
FRS03,47.007944,-1.720972
FRS21,47.276111,-1.47075
FRSBI,39.785467,-75.346486
FRT24,48.584444,-2.739306
FRU04,48.4905,-3.958556
FRU22,48.716333,-3.671944
FRV04,47.652222,-2.804306
FRV22,47.784583,-2.644222
FRZ07,47.382639,-2.237444
FRZ25,47.358694,-1.916972
FS04,52.739328,-2.777428
FS13,53.663214,-77.822011
FS15Y,40.391119,-78.915839
FS18,52.882164,-2.691889
FS20,37.280906,-5.557108
FS22,52.865839,-2.58085
FS23,57.610589,-3.914378
FS27,58.961236,-2.704886
FS281,38.70105,-8.940367
FS31,40.050769,-76.184064
FS36,52.711614,-2.679783
FSSKK,42.318461,-70.805331
FT01,53.164181,-4.539403
FT01L,37.970772,-7.947622
FT03,40.863056,-5.553889
FT04,50.927031,-2.753714
FT05,51.094325,-1.885681
FT06,44.482944,-1.225389
FT07,53.724369,-3.022375
FT08,53.022919,-0.623514
FT09,51.232608,-1.085764
FT10,36.652611,-6.453167
FT13,53.303383,-4.626122
FT16,54.391172,-1.622931
FT18,40.9869,-8.6526
FT19,53.330067,-4.513067
FT19R,38.199767,-7.917189
FT1RY,41.723333,-1.203056
FT1RZ,41.718889,-1.203611
FT21Z,41.053056,-5.418611
FT22,51.099908,-2.540817
FT23,48.323028,-4.338639
FT23Y,51.221136,-1.6246
FT23Z,51.221136,-1.6246
FT25,53.790814,-2.679317
FT258,38.720869,-8.971564
FT26,53.046831,-0.320386
FT27,51.2288,-0.815883
FT28R,43.104303,-78.837553
FT31,53.199306,-4.426283
FT34,54.190147,-1.466997
FT36,40.8039,-8.635733
FTM50,38.832106,-8.529856
FUBLL,37.141528,-79.454131
FUBRR,39.265931,-76.094886
FUBSY,36.735572,-76.255369
FUDDY,38.895172,-77.353922
FUDDZ,37.353394,-79.937928
FUGET,41.255389,-73.610664
FUJTI,46.266306,-2.878639
FULFO,45.296972,-73.951081
FULTN,35.145833,-74.734722
FUNDY,37.074947,-76.385383
FUNNY,38.361956,-76.753178
FUPSI,66.777208,-53.485836
FURCA,54.310583,-8.801333
FUREE,39.005372,-77.435233
FURIX,40.2953,-79.561258
FUSSI,39.210842,-8.90475
FUTAL,35.914492,-77.441692
FUUEL,41.357136,-74.087781
FUUFF,36.413864,-78.368956
FUZZO,63.970614,-21.612403
FV21,52.126558,-0.567453
FV33,38.650714,-26.994119
FVM12,47.110167,-56.532806
FVM30,47.080611,-56.226389
FVP08,46.716778,-56.284444
FVP26,46.808556,-56.066083
FWBKB,42.547278,-79.680514
FYNER,56.048922,-5.115331
FYSHR,42.820581,-72.153942
FZEEK,37.710978,-77.266508
FZOOL,41.326419,-73.283217
GAALO,40.669292,-73.736056
GAAPP,40.535514,-76.899997
GABAB,49.086403,-57.589778
GABAP,44.853625,-63.234078
GABBE,38.613817,-77.641344
GABEB,53.655094,-57.109542
GABEL,38.048858,-79.110206
GABEV,45.48,-75.88
GABGI,45.641881,-73.814406
GABID,44.208789,-78.483797
GABLO,45.302131,-65.833875
GABLR,35.970589,-78.827642
GABLU,44.533297,-75.972392
GABNE,35.573153,-79.934053
GABOM,48.734731,-68.060217
GABPY,36.907578,-78.737517
GABUD,53.488606,-55.840436
GABUK,46.259842,-67.403189
GABUM,62.3606,-75.800636
GABUX,45.695042,-74.325906
GABVA,61.548614,-71.792947
GACAR,40.718739,-73.91085
GACKE,43.31975,-74.961356
GADAL,47.096667,-71.078333
GADAP,62.017842,-75.886547
GADEN,44.220833,-77.109167
GADGU,53.433411,-55.684958
GADIV,46.442469,-75.918192
GADKA,47.541811,-52.73645
GADOG,43.780819,-79.936022
GADOX,49.163033,-67.941242
GADRA,43.626133,-66.162008
GADRE,41.225678,-70.018028
GADSA,53.575208,-76.070511
GADUB,43.951789,-77.810894
GADYE,43.11375,-73.473753
GADZI,38.667142,-77.655342
GAFAX,36.825056,-4.742333
GAFKA,39.280556,-9.175278
GAGBU,46.283417,-59.868031
GAGDE,41.546572,-74.383408
GAGLR,39.122081,-76.603161
GAGMO,48.325883,-70.596089
GAGPO,43.571944,-79.414444
GAGSO,46.798583,-2.642556
GAGVE,37.165556,-76.789311
GAITE,38.744478,-77.129158
GAJIT,51.34445,-2.0
GAKBA,70.454544,-22.593081
GAKDE,40.019583,-78.9043
GAKEC,39.917078,-74.584886
GAKTU,63.96,-20.724722
GALBO,48.838056,-0.25
GALOF,45.937389,-1.662306
GALTO,35.833333,-5.143611
GALWA,43.009444,-74.009586
GALXI,41.271925,-70.425486
GALZO,43.298167,-8.121972
GAM29,53.680681,-1.401686
GAM31,53.663417,-1.528319
GAM32,53.721878,-1.449197
GAM36,53.776778,-1.512686
GAM40,53.773769,-1.699011
GAMBY,40.006172,-73.868964
GAMDO,52.393944,-6.957222
GAMDU,49.126592,-2.164914
GANBA,41.273056,-9.0625
GANDE,41.510183,-73.814453
GANDR,61.466667,-46.75
GANEC,40.489528,-78.179881
GANET,53.435139,-6.526056
GANGI,66.894444,-49.680833
GANKI,56.763333,-2.968889
GANPU,49.318,-0.220778
GANRE,40.994847,-76.439564
GANSE,43.255125,-73.605761
GANSU,38.0,-9.81755
GANTE,38.351425,-76.494008
GANTO,49.397222,-4.981111
GAPLI,50.0,-8.0
GARDN,40.050833,-78.904722
GARED,38.694558,-76.022767
GARMI,50.0,-1.380442
GARRD,41.158986,-72.055439
GARSU,63.777339,-23.392892
GARTI,53.570222,-6.358917
GARVA,57.688333,-4.494819
GARVE,42.349628,-71.047436
GARVU,42.171028,-2.077806
GASGU,51.206664,-0.960006
GASKO,54.224714,-1.955917
GASMO,41.729444,-3.048889
GASSE,42.262831,-71.854864
GASSY,43.414794,-73.964122
GATBO,65.194444,-47.0
GATBY,39.261117,-76.100511
GATHR,39.653008,-77.168253
GATLO,52.682861,-8.740722
GATMO,46.0375,-3.713333
GAURA,47.719853,-52.499661
GAUVN,46.737389,-68.213769
GAVEL,59.383333,-1.406019
GAVRE,41.424133,-70.660611
GAWDD,39.235161,-77.739233
GAYBL,42.833333,-62.0
GAYEL,41.406692,-74.357144
GAYER,35.309944,-78.846775
GAZER,36.303633,-78.813994
GD09F,51.376053,-2.886025
GD27F,51.389042,-2.552328
GDYUP,38.863717,-76.830028
GDZLA,38.072781,-77.429003
GEAUX,38.845278,-79.498056
GEBDE,41.759539,-74.168406
GEBLE,40.615661,-75.501844
GEBTI,36.972778,-7.675306
GECEC,40.243914,-74.782486
GECEP,37.593517,-79.614494
GECVE,41.247322,-76.882303
GEDIC,40.146139,-73.201942
GEDLE,36.446147,-76.168978
GEEAY,39.358606,-77.436511
GEEMO,39.049739,-76.509814
GEERI,39.949917,-76.294164
GEFWI,40.555728,-76.139506
GEGNI,63.501864,-23.839678
GEHRG,37.9415,-72.513
GEKDE,40.923756,-77.719614
GEKLO,65.6209,-14.015028
GELAW,41.945947,-73.678242
GELBO,74.790556,-72.535833
GELPA,65.835414,-18.119025
GELPO,48.644183,-9.502625
GELTE,38.025433,-75.508483
GELYE,36.701814,-78.491428
GEMGE,39.9399,-74.085489
GEMIN,44.137764,-69.588978
GEMKE,40.783333,-73.650278
GEMTE,39.946878,-74.282828
GENIL,37.579167,-5.3
GENNA,40.776694,-69.397833
GENRO,37.193056,-7.614722
GENSA,61.80045,-49.324539
GENUU,37.061175,-76.426256
GEPGE,40.779686,-76.842975
GEPKE,36.772172,-77.502256
GEPLI,51.682378,-1.829725
GERDU,65.399158,-17.081458
GERGN,38.9299,-77.124217
GERRE,41.727533,-72.649825
GERVE,41.8643,-78.725389
GERVO,53.091389,-6.506667
GESMY,40.138458,-75.771253
GESPU,42.046111,-8.811611
GESVI,49.965933,-5.697039
GETDA,64.539733,-51.420908
GETNO,53.929992,-3.496406
GETPE,40.608033,-74.902472
GETRE,41.502917,-74.002017
GEZSY,40.5374,-74.3409
GGABE,42.2748,-70.950911
GGETT,39.794756,-73.420189
GGREG,40.872892,-73.625328
GGRIF,39.933008,-77.950936
GGRNT,39.997828,-74.033939
GH04F,64.078917,-51.760828
GH04I,63.999731,-51.818058
GH22F,64.325508,-51.580417
GH22I,64.413194,-51.515442
GH400,64.236944,-51.706917
GH406,64.419419,-51.684267
GH501,64.129758,-51.761678
GH507,64.095158,-51.174275
GH600,64.334903,-51.573475
GH601,64.220825,-51.657419
GH602,64.123708,-51.870983
GH603,64.041208,-51.489578
GH604,64.205225,-51.668842
GH605,64.040492,-51.8755
GH606,63.976792,-51.609669
GH607,64.155,-51.856578
GHAWK,37.751389,-76.262417
GHF40,64.064481,-51.728047
GHF60,64.261972,-51.696986
GHI60,64.338122,-51.773583
GHM40,64.170589,-51.715078
GHM60,64.196503,-51.713942
GIBAE,38.476194,-75.367711
GIBBE,42.528658,-77.000942
GIBBY,47.611536,-53.017281
GIBBZ,38.965797,-77.759592
GIBIE,36.762767,-75.947367
GIBMI,51.97535,-1.54455
GIBSO,50.749744,-2.518703
GICEN,41.527633,-73.145853
GICNE,39.911189,-74.957561
GIFER,36.936389,-74.118056
GIGEX,46.635417,-2.142833
GIGEY,38.893494,-77.638303
GIGOM,66.558333,-54.291667
GIGOT,47.645833,-1.440833
GIGPE,40.812436,-73.575242
GIGTE,35.938983,-76.391858
GIGTO,53.633628,-4.097394
GIKNI,51.99845,-2.094233
GILAN,55.23,-7.05
GILBT,38.508178,-77.081658
GILBY,38.973225,-77.589067
GILFF,38.362461,-77.434828
GILMA,36.544667,-6.5615
GILOG,52.769444,-8.423944
GILPO,66.47145,-51.055267
GILRA,48.863333,-0.731389
GILTU,65.305833,-18.355556
GIMAL,36.764447,-8.005858
GIMDI,38.746667,-27.077222
GIMEE,40.813131,-74.087903
GIMRO,53.652778,-5.748611
GINAG,67.806111,-51.831944
GINGA,56.925042,-9.5
GINGI,51.899139,-8.331528
GINNI,43.912439,-69.668825
GINSU,36.2925,-27.647778
GINYA,38.942514,-77.680072
GIPER,51.0,-12.0
GIPKE,37.475228,-79.460411
GIPLO,53.525278,-0.789722
GIPPR,35.209694,-79.985528
GIPSI,63.518969,-21.68745
GIPTA,49.185906,-2.458142
GIRIX,37.209528,-25.219833
GIRKO,46.17025,-0.903444
GIRLI,54.711253,-1.803192
GIRUG,64.108306,-24.873894
GIRVA,55.185553,-4.896297
GISGA,72.566667,-38.466667
GISGE,39.559956,-77.214531
GISOK,51.502394,-5.124339
GISTI,53.0,-14.0
GISTU,64.122222,-27.169444
GISUT,70.556581,-51.714231
GITKE,43.809058,-72.959639
GITTA,65.818411,-17.812739
GITVI,55.565633,-5.912108
GIVGI,56.427497,-7.153211
GIVHE,42.409297,-72.966028
GIVIT,51.691047,-1.396197
GIVOL,52.077889,-8.430444
GIVUN,50.732903,-0.800872
GIVVE,39.628358,-79.914914
GJF42,65.913681,-21.196058
GJI41,65.842456,-21.091694
GJM43,65.984831,-21.300997
GLANC,37.440836,-79.060458
GLARE,35.263889,-74.883056
GLDMN,40.703469,-73.969983
GLEAN,35.683311,-79.260739
GLEEM,39.669194,-75.716558
GLEEP,37.135103,-76.049842
GLENA,38.536944,-73.667222
GLESK,56.9,-2.795911
GLESO,41.518467,-70.671456
GLEYN,38.956667,-77.133333
GLINN,40.010869,-73.045683
GLLET,42.273347,-70.722569
GLOMO,39.865211,-75.979228
GLORI,38.974769,-77.593689
GLOWB,42.289397,-71.218383
GLUME,38.926114,-75.553203
GLUON,43.020414,-76.220511
GLUTE,42.847006,-78.705181
GLVER,38.752231,-76.87045
GLYDE,42.267733,-71.811878
GMENN,38.816931,-71.546431
GMINI,35.206392,-79.567217
GNATT,39.032558,-79.116644
GNNZO,40.539569,-74.803397
GNSET,41.931442,-71.261647
GNVEV,44.075903,-74.248992
GO13A,56.060708,-4.262322
GO13B,56.059386,-4.258036
GO20A,56.200364,-4.368672
GO20B,56.013517,-4.980931
GOATR,43.290578,-76.652153
GOBNU,51.348033,-1.106978
GOBRE,38.113803,-79.698167
GOBYO,38.106278,-75.047408
GOCER,43.554256,-73.809356
GODAN,47.641944,-1.96
GODGI,38.424167,-9.185556
GODIV,41.721389,-6.323611
GODIX,48.3625,-0.0425
GODLY,41.044858,-74.317819
GODOT,50.69675,-0.285175
GODPA,52.983333,-3.166944
GODPI,41.725278,-0.595556
GODUT,68.343056,-52.416389
GOFER,38.418844,-76.27925
GOGRU,48.605417,-4.406639
GOGSE,42.799842,-78.809258
GOGSI,51.290878,-1.000642
GOKIK,64.501389,-27.056944
GOKOD,49.727325,-2.043103
GOKOV,54.14,-1.867369
GOKRE,41.628656,-73.851992
GOKTU,50.251353,-1.379047
GOKYI,41.954878,-76.169011
GOLDA,39.172297,-76.047519
GOLDE,40.127997,-74.582264
GOLEC,41.945261,-79.695847
GOLEE,42.495394,-71.643522
GOLF,48.93265,-54.489486
GOLFE,52.263889,-63.435
GOLFF,40.884967,-74.09435
GOLFO,36.367778,-2.054722
GOLLI,36.630725,-77.191753
GOLOE,37.907519,-77.176803
GOLSN,40.652661,-74.086036
GOLUG,61.495133,-44.828789
GOMDA,48.042,-1.496583
GOMOT,55.919333,-0.5442
GOMSO,42.995111,-1.5
GOMUP,57.0,-10.0
GONAN,45.0,-14.0
GONDI,41.428333,-8.585833
GONEN,63.975681,-51.738828
GONEX,47.948392,-66.072947
GONIP,58.528097,-77.729914
GONOF,42.629075,-76.163192
GONUM,46.599889,-72.005767
GONVE,40.029603,-75.365933
GONZA,36.204722,-2.876944
GONZO,37.488758,-77.332547
GONZZ,43.089444,-76.686667
GOOBY,42.393428,-73.429339
GOODI,40.957381,-72.362364
GOOGL,40.248186,-75.447064
GOOOB,36.413056,-78.301214
GOPEB,43.150958,-79.822622
GOPIN,47.042222,-3.680833
GOPIT,43.9405,-77.532
GOPOM,56.544189,-61.686381
GOPOP,47.747189,-53.044467
GOPUK,44.346431,-64.638622
GORDD,37.547581,-77.348378
GORHM,43.525433,-70.569961
GORIB,62.890714,-69.997175
GORKE,40.853817,-72.615922
GORLE,38.440078,-77.917936
GOROB,53.724483,-56.938719
GORSE,57.176944,-1.8975
GORTO,52.955278,-8.959083
GORTT,40.442483,-75.443731
GORUB,44.558767,-63.404897
GORUT,49.180169,-57.591486
GORYE,37.518744,-76.811061
GOSAM,55.788661,-4.200583
GOSDA,51.707778,-8.412389
GOSEP,57.974167,-80.0
GOSFR,55.992056,-3.017189
GOSHI,42.036414,-71.163094
GOSIL,54.503475,-71.460964
GOSIN,48.919758,-54.429031
GOSOB,55.415492,-4.518564
GOSPL,42.071314,-79.052889
GOSUG,44.8872,-63.750172
GOSUK,51.290275,-58.678169
GOSVI,42.616667,-1.369444
GOTA,62.138889,-58.981667
GOTAT,48.529597,-68.303147
GOTAV,53.027317,-78.676064
GOTEM,51.823889,-7.820028
GOTIM,43.899444,-79.585556
GOTIN,45.509533,-75.629981
GOTIP,44.964167,-76.964722
GOTIR,48.832033,-67.560997
GOTMU,69.35475,-50.526508
GOTNA,54.594842,-5.598014
GOTOM,58.057672,-68.776133
GOTOR,40.110833,-3.724444
GOTOX,42.863056,-5.878611
GOTUD,48.381236,-78.102669
GOVAG,45.632628,-73.864372
GOVAK,45.098556,-74.683156
GOVAT,48.536667,-78.773667
GOVEX,45.543967,-75.441364
GOVIR,44.057525,-77.632381
GOVIV,46.348844,-63.111728
GOVOR,44.733531,-65.718086
GOW30,55.996658,-3.585619
GOW35,56.0171,-3.441731
GOWZO,39.831708,-75.645089
GOXEV,46.699417,-71.52545
GOXIB,48.111131,-71.046114
GOXID,45.150114,-64.762075
GOXIP,39.0,-4.464444
GOXOL,40.413417,-4.648611
GOXOP,53.259703,-60.059942
GOXUL,51.358894,-0.175969
GOXUR,46.056689,-70.773386
GOYEN,38.454594,-77.321275
GOYER,43.229036,-77.379669
GOZLE,39.564142,-76.309264
GPOLE,40.799822,-73.527047
GR17F,66.637806,-18.102178
GR17T,66.503617,-17.978286
GR35F,66.449947,-17.929133
GR35T,66.588475,-18.056467
GR601,39.133231,-28.28585
GR602,39.0337,-28.367081
GR603,38.970364,-28.239542
GR605,39.0699,-28.158231
GR606,39.109014,-27.932558
GR607,39.190456,-27.955689
GR701,39.156644,-28.150614
GR702,39.21365,-27.820628
GR703,39.150022,-27.692942
GR704,39.050661,-27.774633
GR706,39.1142,-27.902211
GR707,39.075225,-28.127231
GRABB,42.403406,-72.563461
GRACE,40.85685,-79.800589
GRACO,38.941614,-76.199783
GRAFE,39.109528,-76.611814
GRAGE,39.947925,-74.428811
GRAHM,39.968494,-77.867797
GRAIT,36.656189,-76.172422
GRAMI,42.413778,-72.370875
GRAMO,39.962458,-76.782347
GRAMP,49.666667,-80.0
GRAMZ,39.237403,-76.342047
GRAND,55.703333,-80.0
GRAPA,38.858864,-76.480308
GRASK,38.639833,-77.664294
GRAVE,42.779817,-73.372475
GRAVZ,38.665519,-76.685694
GRAYC,44.596769,-67.526131
GRAYM,42.101186,-72.031525
GRAYY,45.746389,-56.709444
GREEF,38.719089,-76.863353
GREEK,44.082383,-72.754825
GREET,37.039981,-76.441447
GREIN,40.064144,-74.213494
GREKI,41.480008,-73.314161
GREKO,40.865461,-73.804408
GREPT,40.980261,-73.5448
GRESO,39.636828,-77.333753
GREYZ,38.9182,-77.108406
GRGIO,42.585933,-70.565111
GRIBL,40.241775,-74.891914
GRICE,56.196667,-3.685497
GRIFI,42.311714,-70.934925
GRIIM,39.106994,-76.989
GRIPE,42.135797,-71.909019
GRISY,42.696222,-72.891706
GRITI,43.663117,-70.221372
GRITY,40.515589,-74.276931
GRNAT,43.082197,-71.522808
GRNMT,43.983056,-72.975556
GROCK,42.276883,-75.353739
GROGG,41.465544,-70.143308
GROKK,37.873022,-76.680519
GRONC,41.145222,-71.757706
GRONN,36.175364,-79.846872
GROUP,42.563917,-73.806481
GROUT,39.019089,-75.414164
GROVE,52.393822,-1.928811
GRUBY,38.208158,-77.173978
GRUMP,43.551619,-71.391072
GRUNT,35.259858,-78.275942
GRUNZ,40.274306,-79.9495
GRUPI,43.866667,-58.838333
GRUTO,37.345661,-78.777483
GRVEL,43.078436,-70.838931
GTOWN,42.789114,-75.826811
GUBED,47.822719,-69.531064
GUBIB,46.351731,-59.986219
GUBID,45.112725,-71.840644
GUBJE,52.040972,-5.545222
GUBOV,43.595853,-79.359553
GUCEG,40.898314,-72.703433
GUCER,39.029708,-76.948286
GUDAN,46.564908,-74.737983
GUDAV,38.650556,-8.583333
GUDEK,45.003978,-65.036625
GUDEV,38.926667,-27.253333
GUDIK,46.366106,-79.702719
GUDLE,36.257114,-76.061608
GUDLO,51.693039,-1.621808
GUDOB,49.030297,-54.536167
GUFFY,45.48745,-66.043033
GUGSI,65.634061,-17.583836
GUGTE,40.348764,-79.697714
GUILD,36.313767,-77.249989
GUIRO,38.932178,-75.353297
GUKBE,42.052153,-79.481628
GULDA,49.385278,-1.9175
GULEC,43.645633,-72.311519
GULTU,52.809944,-9.388194
GUMAZ,36.636194,-4.669806
GUMBE,36.495986,-77.480614
GUMDE,43.109442,-78.920789
GUMME,36.126508,-79.4232
GUMPP,36.746928,-76.26455
GUNPA,61.0,0.0
GUNSO,49.052778,-11.768333
GUNTI,39.0,-15.0
GUNTU,53.593722,-3.1649
GUNTY,43.490083,-70.488744
GURBE,35.689575,-78.802408
GURGA,53.115278,-6.833333
GURKE,40.383483,-78.760939
GUSSI,57.213036,-4.124128
GUSTE,39.699878,-75.490267
GUTLE,36.909253,-76.080056
GUTME,37.866497,-76.779122
GUTRE,38.794311,-76.870583
GUTYE,45.425311,-67.733972
GUUMP,41.439111,-72.875883
GUWEX,37.596389,-8.018889
GUYED,41.636769,-76.872794
GUZTI,40.709586,-74.336106
GW39A,51.504456,-0.756736
GW39B,51.504053,-0.793039
GWC35,51.437511,-0.789267
GWE16,51.772789,-0.262994
GWE17,52.004672,-0.112719
GWE19,51.761267,-0.184689
GWENY,40.927678,-73.027053
GWN22,51.996747,-0.277214
GWN26,52.052053,-0.302139
GWN30,52.101911,-0.198364
GWN32,51.981119,-0.449075
GWN35,51.997244,-0.361811
GWN39,52.040311,-0.283567
GWN45,52.102114,-0.17085
GWS01,51.85555,-0.420697
GWS06,51.784953,-0.491225
GWS12,51.782458,-0.328994
GWW14,51.810994,-0.732833
GWW18,51.875028,-0.762261
GWW24,51.901128,-0.613756
GWYNN,37.488344,-76.187175
GYSLO,38.586861,-79.050825
H3517,35.5,-17.0
H3518,35.5,-18.0
H3519,35.5,-19.0
H3520,35.5,-20.0
H3521,35.5,-21.0
H3522,35.5,-22.0
H3523,35.5,-23.0
H3524,35.5,-24.0
H3525,35.5,-25.0
H3526,35.5,-26.0
H3527,35.5,-27.0
H3528,35.5,-28.0
H3529,35.5,-29.0
H3530,35.5,-30.0
H3531,35.5,-31.0
H3532,35.5,-32.0
H3533,35.5,-33.0
H3534,35.5,-34.0
H3535,35.5,-35.0
H3536,35.5,-36.0
H3537,35.5,-37.0
H3538,35.5,-38.0
H3539,35.5,-39.0
H3540,35.5,-40.0
H3541,35.5,-41.0
H3542,35.5,-42.0
H3543,35.5,-43.0
H3544,35.5,-44.0
H3545,35.5,-45.0
H3546,35.5,-46.0
H3547,35.5,-47.0
H3548,35.5,-48.0
H3549,35.5,-49.0
H3550,35.5,-50.0
H3551,35.5,-51.0
H3552,35.5,-52.0
H3553,35.5,-53.0
H3554,35.5,-54.0
H3555,35.5,-55.0
H3556,35.5,-56.0
H3557,35.5,-57.0
H3558,35.5,-58.0
H3559,35.5,-59.0
H3560,35.5,-60.0
H3616,36.5,-16.0
H3617,36.5,-17.0
H3618,36.5,-18.0
H3619,36.5,-19.0
H3620,36.5,-20.0
H3621,36.5,-21.0
H3622,36.5,-22.0
H3623,36.5,-23.0
H3624,36.5,-24.0
H3625,36.5,-25.0
H3626,36.5,-26.0
H3627,36.5,-27.0
H3628,36.5,-28.0
H3629,36.5,-29.0
H3630,36.5,-30.0
H3631,36.5,-31.0
H3632,36.5,-32.0
H3633,36.5,-33.0
H3634,36.5,-34.0
H3635,36.5,-35.0
H3636,36.5,-36.0
H3637,36.5,-37.0
H3638,36.5,-38.0
H3639,36.5,-39.0
H3640,36.5,-40.0
H3641,36.5,-41.0
H3642,36.5,-42.0
H3643,36.5,-43.0
H3644,36.5,-44.0
H3645,36.5,-45.0
H3646,36.5,-46.0
H3647,36.5,-47.0
H3648,36.5,-48.0
H3649,36.5,-49.0
H3650,36.5,-50.0
H3651,36.5,-51.0
H3652,36.5,-52.0
H3653,36.5,-53.0
H3654,36.5,-54.0
H3655,36.5,-55.0
H3656,36.5,-56.0
H3657,36.5,-57.0
H3658,36.5,-58.0
H3659,36.5,-59.0
H3660,36.5,-60.0
H3716,37.5,-16.0
H3717,37.5,-17.0
H3718,37.5,-18.0
H3719,37.5,-19.0
H3720,37.5,-20.0
H3721,37.5,-21.0
H3722,37.5,-22.0
H3723,37.5,-23.0
H3724,37.5,-24.0
H3725,37.5,-25.0
H3726,37.5,-26.0
H3727,37.5,-27.0
H3728,37.5,-28.0
H3729,37.5,-29.0
H3730,37.5,-30.0
H3731,37.5,-31.0
H3732,37.5,-32.0
H3733,37.5,-33.0
H3734,37.5,-34.0
H3735,37.5,-35.0
H3736,37.5,-36.0
H3737,37.5,-37.0
H3738,37.5,-38.0
H3739,37.5,-39.0
H3740,37.5,-40.0
H3741,37.5,-41.0
H3742,37.5,-42.0
H3743,37.5,-43.0
H3744,37.5,-44.0
H3745,37.5,-45.0
H3746,37.5,-46.0
H3747,37.5,-47.0
H3748,37.5,-48.0
H3749,37.5,-49.0
H3750,37.5,-50.0
H3751,37.5,-51.0
H3752,37.5,-52.0
H3753,37.5,-53.0
H3754,37.5,-54.0
H3755,37.5,-55.0
H3756,37.5,-56.0
H3757,37.5,-57.0
H3758,37.5,-58.0
H3759,37.5,-59.0
H3760,37.5,-60.0
H3816,38.5,-16.0
H3817,38.5,-17.0
H3818,38.5,-18.0
H3819,38.5,-19.0
H3820,38.5,-20.0
H3821,38.5,-21.0
H3822,38.5,-22.0
H3823,38.5,-23.0
H3824,38.5,-24.0
H3825,38.5,-25.0
H3826,38.5,-26.0
H3827,38.5,-27.0
H3828,38.5,-28.0
H3829,38.5,-29.0
H3830,38.5,-30.0
H3831,38.5,-31.0
H3832,38.5,-32.0
H3833,38.5,-33.0
H3834,38.5,-34.0
H3835,38.5,-35.0
H3836,38.5,-36.0
H3837,38.5,-37.0
H3838,38.5,-38.0
H3839,38.5,-39.0
H3840,38.5,-40.0
H3841,38.5,-41.0
H3842,38.5,-42.0
H3843,38.5,-43.0
H3844,38.5,-44.0
H3845,38.5,-45.0
H3846,38.5,-46.0
H3847,38.5,-47.0
H3848,38.5,-48.0
H3849,38.5,-49.0
H3850,38.5,-50.0
H3851,38.5,-51.0
H3852,38.5,-52.0
H3853,38.5,-53.0
H3854,38.5,-54.0
H3855,38.5,-55.0
H3856,38.5,-56.0
H3857,38.5,-57.0
H3858,38.5,-58.0
H3859,38.5,-59.0
H3860,38.5,-60.0
H3915,39.5,-15.0
H3916,39.5,-16.0
H3917,39.5,-17.0
H3918,39.5,-18.0
H3919,39.5,-19.0
H3920,39.5,-20.0
H3921,39.5,-21.0
H3922,39.5,-22.0
H3923,39.5,-23.0
H3924,39.5,-24.0
H3925,39.5,-25.0
H3926,39.5,-26.0
H3927,39.5,-27.0
H3928,39.5,-28.0
H3929,39.5,-29.0
H3930,39.5,-30.0
H3931,39.5,-31.0
H3932,39.5,-32.0
H3933,39.5,-33.0
H3934,39.5,-34.0
H3935,39.5,-35.0
H3936,39.5,-36.0
H3937,39.5,-37.0
H3938,39.5,-38.0
H3939,39.5,-39.0
H3940,39.5,-40.0
H3941,39.5,-41.0
H3942,39.5,-42.0
H3943,39.5,-43.0
H3944,39.5,-44.0
H3945,39.5,-45.0
H3946,39.5,-46.0
H3947,39.5,-47.0
H3948,39.5,-48.0
H3949,39.5,-49.0
H3950,39.5,-50.0
H3951,39.5,-51.0
H3952,39.5,-52.0
H3953,39.5,-53.0
H3954,39.5,-54.0
H3955,39.5,-55.0
H3956,39.5,-56.0
H3957,39.5,-57.0
H3958,39.5,-58.0
H3959,39.5,-59.0
H3960,39.5,-60.0
H3961,39.5,-61.0
H3962,39.5,-62.0
H3963,39.5,-63.0
H3964,39.5,-64.0
H3965,39.5,-65.0
H3966,39.5,-66.0
H3967,39.5,-67.0
H4015,40.5,-15.0
H4016,40.5,-16.0
H4017,40.5,-17.0
H4018,40.5,-18.0
H4019,40.5,-19.0
H4020,40.5,-20.0
H4021,40.5,-21.0
H4022,40.5,-22.0
H4023,40.5,-23.0
H4024,40.5,-24.0
H4025,40.5,-25.0
H4026,40.5,-26.0
H4027,40.5,-27.0
H4028,40.5,-28.0
H4029,40.5,-29.0
H4030,40.5,-30.0
H4031,40.5,-31.0
H4032,40.5,-32.0
H4033,40.5,-33.0
H4034,40.5,-34.0
H4035,40.5,-35.0
H4036,40.5,-36.0
H4037,40.5,-37.0
H4038,40.5,-38.0
H4039,40.5,-39.0
H4040,40.5,-40.0
H4041,40.5,-41.0
H4042,40.5,-42.0
H4043,40.5,-43.0
H4044,40.5,-44.0
H4045,40.5,-45.0
H4046,40.5,-46.0
H4047,40.5,-47.0
H4048,40.5,-48.0
H4049,40.5,-49.0
H4050,40.5,-50.0
H4051,40.5,-51.0
H4052,40.5,-52.0
H4053,40.5,-53.0
H4054,40.5,-54.0
H4055,40.5,-55.0
H4056,40.5,-56.0
H4057,40.5,-57.0
H4058,40.5,-58.0
H4059,40.5,-59.0
H4060,40.5,-60.0
H4061,40.5,-61.0
H4062,40.5,-62.0
H4063,40.5,-63.0
H4064,40.5,-64.0
H4065,40.5,-65.0
H4066,40.5,-66.0
H4067,40.5,-67.0
H4115,41.5,-15.0
H4116,41.5,-16.0
H4117,41.5,-17.0
H4118,41.5,-18.0
H4119,41.5,-19.0
H4120,41.5,-20.0
H4121,41.5,-21.0
H4122,41.5,-22.0
H4123,41.5,-23.0
H4124,41.5,-24.0
H4125,41.5,-25.0
H4126,41.5,-26.0
H4127,41.5,-27.0
H4128,41.5,-28.0
H4129,41.5,-29.0
H4130,41.5,-30.0
H4131,41.5,-31.0
H4132,41.5,-32.0
H4133,41.5,-33.0
H4134,41.5,-34.0
H4135,41.5,-35.0
H4136,41.5,-36.0
H4137,41.5,-37.0
H4138,41.5,-38.0
H4139,41.5,-39.0
H4140,41.5,-40.0
H4141,41.5,-41.0
H4142,41.5,-42.0
H4143,41.5,-43.0
H4144,41.5,-44.0
H4145,41.5,-45.0
H4146,41.5,-46.0
H4147,41.5,-47.0
H4148,41.5,-48.0
H4149,41.5,-49.0
H4150,41.5,-50.0
H4151,41.5,-51.0
H4152,41.5,-52.0
H4153,41.5,-53.0
H4154,41.5,-54.0
H4155,41.5,-55.0
H4156,41.5,-56.0
H4157,41.5,-57.0
H4158,41.5,-58.0
H4159,41.5,-59.0
H4160,41.5,-60.0
H4161,41.5,-61.0
H4162,41.5,-62.0
H4163,41.5,-63.0
H4164,41.5,-64.0
H4165,41.5,-65.0
H4166,41.5,-66.0
H4167,41.5,-67.0
H4213,42.5,-13.0
H4215,42.5,-15.0
H4216,42.5,-16.0
H4217,42.5,-17.0
H4218,42.5,-18.0
H4219,42.5,-19.0
H4220,42.5,-20.0
H4221,42.5,-21.0
H4222,42.5,-22.0
H4223,42.5,-23.0
H4224,42.5,-24.0
H4225,42.5,-25.0
H4226,42.5,-26.0
H4227,42.5,-27.0
H4228,42.5,-28.0
H4229,42.5,-29.0
H4230,42.5,-30.0
H4231,42.5,-31.0
H4232,42.5,-32.0
H4233,42.5,-33.0
H4234,42.5,-34.0
H4235,42.5,-35.0
H4236,42.5,-36.0
H4237,42.5,-37.0
H4238,42.5,-38.0
H4239,42.5,-39.0
H4240,42.5,-40.0
H4241,42.5,-41.0
H4242,42.5,-42.0
H4243,42.5,-43.0
H4244,42.5,-44.0
H4245,42.5,-45.0
H4246,42.5,-46.0
H4247,42.5,-47.0
H4248,42.5,-48.0
H4249,42.5,-49.0
H4250,42.5,-50.0
H4251,42.5,-51.0
H4252,42.5,-52.0
H4253,42.5,-53.0
H4254,42.5,-54.0
H4255,42.5,-55.0
H4256,42.5,-56.0
H4257,42.5,-57.0
H4258,42.5,-58.0
H4259,42.5,-59.0
H4260,42.5,-60.0
H4261,42.5,-61.0
H4262,42.5,-62.0
H4263,42.5,-63.0
H4264,42.5,-64.0
H4314,43.5,-14.0
H4315,43.5,-15.0
H4316,43.5,-16.0
H4317,43.5,-17.0
H4318,43.5,-18.0
H4319,43.5,-19.0
H4320,43.5,-20.0
H4321,43.5,-21.0
H4322,43.5,-22.0
H4323,43.5,-23.0
H4324,43.5,-24.0
H4325,43.5,-25.0
H4326,43.5,-26.0
H4327,43.5,-27.0
H4328,43.5,-28.0
H4329,43.5,-29.0
H4330,43.5,-30.0
H4331,43.5,-31.0
H4332,43.5,-32.0
H4333,43.5,-33.0
H4334,43.5,-34.0
H4335,43.5,-35.0
H4336,43.5,-36.0
H4337,43.5,-37.0
H4338,43.5,-38.0
H4339,43.5,-39.0
H4340,43.5,-40.0
H4341,43.5,-41.0
H4342,43.5,-42.0
H4343,43.5,-43.0
H4344,43.5,-44.0
H4345,43.5,-45.0
H4346,43.5,-46.0
H4347,43.5,-47.0
H4348,43.5,-48.0
H4349,43.5,-49.0
H4350,43.5,-50.0
H4351,43.5,-51.0
H4352,43.5,-52.0
H4353,43.5,-53.0
H4354,43.5,-54.0
H4355,43.5,-55.0
H4356,43.5,-56.0
H4357,43.5,-57.0
H4358,43.5,-58.0
H4359,43.5,-59.0
H4360,43.5,-60.0
H4414,44.5,-14.0
H4415,44.5,-15.0
H4416,44.5,-16.0
H4417,44.5,-17.0
H4418,44.5,-18.0
H4419,44.5,-19.0
H4420,44.5,-20.0
H4421,44.5,-21.0
H4422,44.5,-22.0
H4423,44.5,-23.0
H4424,44.5,-24.0
H4425,44.5,-25.0
H4426,44.5,-26.0
H4427,44.5,-27.0
H4428,44.5,-28.0
H4429,44.5,-29.0
H4430,44.5,-30.0
H4431,44.5,-31.0
H4432,44.5,-32.0
H4433,44.5,-33.0
H4434,44.5,-34.0
H4435,44.5,-35.0
H4436,44.5,-36.0
H4437,44.5,-37.0
H4438,44.5,-38.0
H4439,44.5,-39.0
H4440,44.5,-40.0
H4441,44.5,-41.0
H4442,44.5,-42.0
H4443,44.5,-43.0
H4444,44.5,-44.0
H4445,44.5,-45.0
H4446,44.5,-46.0
H4447,44.5,-47.0
H4448,44.5,-48.0
H4449,44.5,-49.0
H4450,44.5,-50.0
H4451,44.5,-51.0
H4452,44.5,-52.0
H4453,44.5,-53.0
H4454,44.5,-54.0
H4455,44.5,-55.0
H4456,44.5,-56.0
H4508,45.5,-8.0
H4509,45.5,-9.0
H4510,45.5,-10.0
H4511,45.5,-11.0
H4512,45.5,-12.0
H4513,45.5,-13.0
H4514,45.5,-14.0
H4515,45.5,-15.0
H4516,45.5,-16.0
H4517,45.5,-17.0
H4518,45.5,-18.0
H4519,45.5,-19.0
H4520,45.5,-20.0
H4521,45.5,-21.0
H4522,45.5,-22.0
H4523,45.5,-23.0
H4524,45.5,-24.0
H4525,45.5,-25.0
H4526,45.5,-26.0
H4527,45.5,-27.0
H4528,45.5,-28.0
H4529,45.5,-29.0
H4530,45.5,-30.0
H4531,45.5,-31.0
H4532,45.5,-32.0
H4533,45.5,-33.0
H4534,45.5,-34.0
H4535,45.5,-35.0
H4536,45.5,-36.0
H4537,45.5,-37.0
H4538,45.5,-38.0
H4539,45.5,-39.0
H4540,45.5,-40.0
H4541,45.5,-41.0
H4542,45.5,-42.0
H4543,45.5,-43.0
H4544,45.5,-44.0
H4545,45.5,-45.0
H4546,45.5,-46.0
H4547,45.5,-47.0
H4548,45.5,-48.0
H4549,45.5,-49.0
H4550,45.5,-50.0
H4551,45.5,-51.0
H4553,45.5,-53.0
H4554,45.5,-54.0
H4555,45.5,-55.0
H4556,45.5,-56.0
H4560,45.5,-60.0
H4609,46.5,-9.0
H4610,46.5,-10.0
H4611,46.5,-11.0
H4612,46.5,-12.0
H4613,46.5,-13.0
H4614,46.5,-14.0
H4615,46.5,-15.0
H4616,46.5,-16.0
H4617,46.5,-17.0
H4618,46.5,-18.0
H4619,46.5,-19.0
H4620,46.5,-20.0
H4621,46.5,-21.0
H4622,46.5,-22.0
H4623,46.5,-23.0
H4624,46.5,-24.0
H4625,46.5,-25.0
H4626,46.5,-26.0
H4627,46.5,-27.0
H4628,46.5,-28.0
H4629,46.5,-29.0
H4630,46.5,-30.0
H4631,46.5,-31.0
H4632,46.5,-32.0
H4633,46.5,-33.0
H4634,46.5,-34.0
H4635,46.5,-35.0
H4636,46.5,-36.0
H4637,46.5,-37.0
H4638,46.5,-38.0
H4639,46.5,-39.0
H4640,46.5,-40.0
H4641,46.5,-41.0
H4642,46.5,-42.0
H4643,46.5,-43.0
H4644,46.5,-44.0
H4645,46.5,-45.0
H4646,46.5,-46.0
H4647,46.5,-47.0
H4648,46.5,-48.0
H4649,46.5,-49.0
H4650,46.5,-50.0
H4651,46.5,-51.0
H4653,46.5,-53.0
H4654,46.5,-54.0
H4655,46.5,-55.0
H4656,46.5,-56.0
H4657,46.5,-57.0
H4658,46.5,-58.0
H4709,47.5,-9.0
H4710,47.5,-10.0
H4711,47.5,-11.0
H4712,47.5,-12.0
H4713,47.5,-13.0
H4714,47.5,-14.0
H4715,47.5,-15.0
H4716,47.5,-16.0
H4717,47.5,-17.0
H4718,47.5,-18.0
H4719,47.5,-19.0
H4720,47.5,-20.0
H4721,47.5,-21.0
H4722,47.5,-22.0
H4723,47.5,-23.0
H4724,47.5,-24.0
H4725,47.5,-25.0
H4726,47.5,-26.0
H4727,47.5,-27.0
H4728,47.5,-28.0
H4729,47.5,-29.0
H4730,47.5,-30.0
H4731,47.5,-31.0
H4732,47.5,-32.0
H4733,47.5,-33.0
H4734,47.5,-34.0
H4735,47.5,-35.0
H4736,47.5,-36.0
H4737,47.5,-37.0
H4738,47.5,-38.0
H4739,47.5,-39.0
H4740,47.5,-40.0
H4741,47.5,-41.0
H4742,47.5,-42.0
H4743,47.5,-43.0
H4744,47.5,-44.0
H4745,47.5,-45.0
H4746,47.5,-46.0
H4747,47.5,-47.0
H4748,47.5,-48.0
H4749,47.5,-49.0
H4750,47.5,-50.0
H4751,47.5,-51.0
H4753,47.5,-53.0
H4754,47.5,-54.0
H4755,47.5,-55.0
H4756,47.5,-56.0
H4757,47.5,-57.0
H4758,47.5,-58.0
H4759,47.5,-59.0
H4808,48.5,-8.0
H4809,48.5,-9.0
H4810,48.5,-10.0
H4811,48.5,-11.0
H4812,48.5,-12.0
H4813,48.5,-13.0
H4814,48.5,-14.0
H4815,48.5,-15.0
H4816,48.5,-16.0
H4817,48.5,-17.0
H4818,48.5,-18.0
H4819,48.5,-19.0
H4820,48.5,-20.0
H4821,48.5,-21.0
H4822,48.5,-22.0
H4823,48.5,-23.0
H4824,48.5,-24.0
H4825,48.5,-25.0
H4826,48.5,-26.0
H4827,48.5,-27.0
H4828,48.5,-28.0
H4829,48.5,-29.0
H4830,48.5,-30.0
H4831,48.5,-31.0
H4832,48.5,-32.0
H4833,48.5,-33.0
H4834,48.5,-34.0
H4835,48.5,-35.0
H4836,48.5,-36.0
H4837,48.5,-37.0
H4838,48.5,-38.0
H4839,48.5,-39.0
H4840,48.5,-40.0
H4841,48.5,-41.0
H4842,48.5,-42.0
H4843,48.5,-43.0
H4844,48.5,-44.0
H4845,48.5,-45.0
H4846,48.5,-46.0
H4847,48.5,-47.0
H4848,48.5,-48.0
H4849,48.5,-49.0
H4850,48.5,-50.0
H4851,48.5,-51.0
H4853,48.5,-53.0
H4854,48.5,-54.0
H4855,48.5,-55.0
H4856,48.5,-56.0
H4857,48.5,-57.0
H4858,48.5,-58.0
H4859,48.5,-59.0
H4860,48.5,-60.0
H4861,48.5,-61.0
H4909,49.5,-9.0
H4910,49.5,-10.0
H4911,49.5,-11.0
H4912,49.5,-12.0
H4913,49.5,-13.0
H4916,49.5,-16.0
H4917,49.5,-17.0
H4918,49.5,-18.0
H4919,49.5,-19.0
H4920,49.5,-20.0
H4921,49.5,-21.0
H4922,49.5,-22.0
H4923,49.5,-23.0
H4924,49.5,-24.0
H4925,49.5,-25.0
H4926,49.5,-26.0
H4927,49.5,-27.0
H4928,49.5,-28.0
H4929,49.5,-29.0
H4930,49.5,-30.0
H4931,49.5,-31.0
H4932,49.5,-32.0
H4933,49.5,-33.0
H4934,49.5,-34.0
H4935,49.5,-35.0
H4936,49.5,-36.0
H4937,49.5,-37.0
H4938,49.5,-38.0
H4939,49.5,-39.0
H4940,49.5,-40.0
H4941,49.5,-41.0
H4942,49.5,-42.0
H4943,49.5,-43.0
H4944,49.5,-44.0
H4945,49.5,-45.0
H4946,49.5,-46.0
H4947,49.5,-47.0
H4948,49.5,-48.0
H4949,49.5,-49.0
H4950,49.5,-50.0
H4951,49.5,-51.0
H4953,49.5,-53.0
H4954,49.5,-54.0
H4955,49.5,-55.0
H4956,49.5,-56.0
H4957,49.5,-57.0
H4958,49.5,-58.0
H4959,49.5,-59.0
H4960,49.5,-60.0
H4961,49.5,-61.0
H5009,50.5,-9.0
H5010,50.5,-10.0
H5011,50.5,-11.0
H5012,50.5,-12.0
H5013,50.5,-13.0
H5016,50.5,-16.0
H5017,50.5,-17.0
H5018,50.5,-18.0
H5019,50.5,-19.0
H5020,50.5,-20.0
H5021,50.5,-21.0
H5022,50.5,-22.0
H5023,50.5,-23.0
H5024,50.5,-24.0
H5025,50.5,-25.0
H5026,50.5,-26.0
H5027,50.5,-27.0
H5028,50.5,-28.0
H5029,50.5,-29.0
H5030,50.5,-30.0
H5031,50.5,-31.0
H5032,50.5,-32.0
H5033,50.5,-33.0
H5034,50.5,-34.0
H5035,50.5,-35.0
H5036,50.5,-36.0
H5037,50.5,-37.0
H5038,50.5,-38.0
H5039,50.5,-39.0
H5040,50.5,-40.0
H5041,50.5,-41.0
H5042,50.5,-42.0
H5043,50.5,-43.0
H5044,50.5,-44.0
H5045,50.5,-45.0
H5046,50.5,-46.0
H5047,50.5,-47.0
H5048,50.5,-48.0
H5049,50.5,-49.0
H5050,50.5,-50.0
H5051,50.5,-51.0
H5052,50.5,-52.0
H5053,50.5,-53.0
H5054,50.5,-54.0
H5055,50.5,-55.0
H5056,50.5,-56.0
H5057,50.5,-57.0
H5058,50.5,-58.0
H5059,50.5,-59.0
H5110,51.5,-10.0
H5116,51.5,-16.0
H5117,51.5,-17.0
H5118,51.5,-18.0
H5119,51.5,-19.0
H5120,51.5,-20.0
H5121,51.5,-21.0
H5122,51.5,-22.0
H5123,51.5,-23.0
H5124,51.5,-24.0
H5125,51.5,-25.0
H5126,51.5,-26.0
H5127,51.5,-27.0
H5128,51.5,-28.0
H5129,51.5,-29.0
H5130,51.5,-30.0
H5131,51.5,-31.0
H5132,51.5,-32.0
H5133,51.5,-33.0
H5134,51.5,-34.0
H5135,51.5,-35.0
H5136,51.5,-36.0
H5137,51.5,-37.0
H5138,51.5,-38.0
H5139,51.5,-39.0
H5140,51.5,-40.0
H5141,51.5,-41.0
H5142,51.5,-42.0
H5143,51.5,-43.0
H5144,51.5,-44.0
H5145,51.5,-45.0
H5146,51.5,-46.0
H5147,51.5,-47.0
H5148,51.5,-48.0
H5149,51.5,-49.0
H5150,51.5,-50.0
H5151,51.5,-51.0
H5152,51.5,-52.0
H5153,51.5,-53.0
H5154,51.5,-54.0
H5155,51.5,-55.0
H5156,51.5,-56.0
H5157,51.5,-57.0
H5160,51.5,-60.0
H5161,51.5,-61.0
H5162,51.5,-62.0
H5163,51.5,-63.0
H5164,51.5,-64.0
H5216,52.5,-16.0
H5217,52.5,-17.0
H5218,52.5,-18.0
H5219,52.5,-19.0
H5220,52.5,-20.0
H5221,52.5,-21.0
H5222,52.5,-22.0
H5223,52.5,-23.0
H5224,52.5,-24.0
H5225,52.5,-25.0
H5226,52.5,-26.0
H5227,52.5,-27.0
H5228,52.5,-28.0
H5229,52.5,-29.0
H5230,52.5,-30.0
H5231,52.5,-31.0
H5232,52.5,-32.0
H5233,52.5,-33.0
H5234,52.5,-34.0
H5235,52.5,-35.0
H5236,52.5,-36.0
H5237,52.5,-37.0
H5238,52.5,-38.0
H5239,52.5,-39.0
H5240,52.5,-40.0
H5241,52.5,-41.0
H5242,52.5,-42.0
H5243,52.5,-43.0
H5244,52.5,-44.0
H5245,52.5,-45.0
H5246,52.5,-46.0
H5247,52.5,-47.0
H5248,52.5,-48.0
H5249,52.5,-49.0
H5250,52.5,-50.0
H5251,52.5,-51.0
H5252,52.5,-52.0
H5253,52.5,-53.0
H5254,52.5,-54.0
H5255,52.5,-55.0
H5256,52.5,-56.0
H5257,52.5,-57.0
H5258,52.5,-58.0
H5259,52.5,-59.0
H5260,52.5,-60.0
H5261,52.5,-61.0
H5262,52.5,-62.0
H5263,52.5,-63.0
H5264,52.5,-64.0
H5316,53.5,-16.0
H5317,53.5,-17.0
H5318,53.5,-18.0
H5319,53.5,-19.0
H5320,53.5,-20.0
H5321,53.5,-21.0
H5322,53.5,-22.0
H5323,53.5,-23.0
H5324,53.5,-24.0
H5325,53.5,-25.0
H5326,53.5,-26.0
H5327,53.5,-27.0
H5328,53.5,-28.0
H5329,53.5,-29.0
H5330,53.5,-30.0
H5331,53.5,-31.0
H5332,53.5,-32.0
H5333,53.5,-33.0
H5334,53.5,-34.0
H5335,53.5,-35.0
H5336,53.5,-36.0
H5337,53.5,-37.0
H5338,53.5,-38.0
H5339,53.5,-39.0
H5340,53.5,-40.0
H5341,53.5,-41.0
H5342,53.5,-42.0
H5343,53.5,-43.0
H5344,53.5,-44.0
H5345,53.5,-45.0
H5346,53.5,-46.0
H5347,53.5,-47.0
H5348,53.5,-48.0
H5349,53.5,-49.0
H5350,53.5,-50.0
H5351,53.5,-51.0
H5352,53.5,-52.0
H5353,53.5,-53.0
H5354,53.5,-54.0
H5355,53.5,-55.0
H5356,53.5,-56.0
H5357,53.5,-57.0
H5358,53.5,-58.0
H5359,53.5,-59.0
H5360,53.5,-60.0
H5361,53.5,-61.0
H5362,53.5,-62.0
H5363,53.5,-63.0
H5364,53.5,-64.0
H5411,54.5,-11.0
H5412,54.5,-12.0
H5413,54.5,-13.0
H5416,54.5,-16.0
H5417,54.5,-17.0
H5418,54.5,-18.0
H5419,54.5,-19.0
H5420,54.5,-20.0
H5421,54.5,-21.0
H5422,54.5,-22.0
H5423,54.5,-23.0
H5424,54.5,-24.0
H5425,54.5,-25.0
H5426,54.5,-26.0
H5427,54.5,-27.0
H5428,54.5,-28.0
H5429,54.5,-29.0
H5430,54.5,-30.0
H5431,54.5,-31.0
H5432,54.5,-32.0
H5433,54.5,-33.0
H5434,54.5,-34.0
H5435,54.5,-35.0
H5436,54.5,-36.0
H5437,54.5,-37.0
H5438,54.5,-38.0
H5439,54.5,-39.0
H5440,54.5,-40.0
H5441,54.5,-41.0
H5442,54.5,-42.0
H5443,54.5,-43.0
H5444,54.5,-44.0
H5445,54.5,-45.0
H5446,54.5,-46.0
H5447,54.5,-47.0
H5448,54.5,-48.0
H5449,54.5,-49.0
H5450,54.5,-50.0
H5451,54.5,-51.0
H5452,54.5,-52.0
H5453,54.5,-53.0
H5454,54.5,-54.0
H5455,54.5,-55.0
H5456,54.5,-56.0
H5457,54.5,-57.0
H5458,54.5,-58.0
H5459,54.5,-59.0
H5460,54.5,-60.0
H5461,54.5,-61.0
H5462,54.5,-62.0
H5463,54.5,-63.0
H5464,54.5,-64.0
H5465,54.5,-65.0
H5511,55.5,-11.0
H5512,55.5,-12.0
H5513,55.5,-13.0
H5516,55.5,-16.0
H5517,55.5,-17.0
H5518,55.5,-18.0
H5519,55.5,-19.0
H5520,55.5,-20.0
H5521,55.5,-21.0
H5522,55.5,-22.0
H5523,55.5,-23.0
H5524,55.5,-24.0
H5525,55.5,-25.0
H5526,55.5,-26.0
H5527,55.5,-27.0
H5528,55.5,-28.0
H5529,55.5,-29.0
H5530,55.5,-30.0
H5531,55.5,-31.0
H5532,55.5,-32.0
H5533,55.5,-33.0
H5534,55.5,-34.0
H5535,55.5,-35.0
H5536,55.5,-36.0
H5537,55.5,-37.0
H5538,55.5,-38.0
H5539,55.5,-39.0
H5540,55.5,-40.0
H5541,55.5,-41.0
H5542,55.5,-42.0
H5543,55.5,-43.0
H5544,55.5,-44.0
H5545,55.5,-45.0
H5546,55.5,-46.0
H5547,55.5,-47.0
H5548,55.5,-48.0
H5549,55.5,-49.0
H5550,55.5,-50.0
H5551,55.5,-51.0
H5552,55.5,-52.0
H5553,55.5,-53.0
H5554,55.5,-54.0
H5555,55.5,-55.0
H5556,55.5,-56.0
H5557,55.5,-57.0
H5558,55.5,-58.0
H5559,55.5,-59.0
H5560,55.5,-60.0
H5561,55.5,-61.0
H5562,55.5,-62.0
H5563,55.5,-63.0
H5564,55.5,-64.0
H5611,56.5,-11.0
H5612,56.5,-12.0
H5613,56.5,-13.0
H5616,56.5,-16.0
H5617,56.5,-17.0
H5618,56.5,-18.0
H5619,56.5,-19.0
H5620,56.5,-20.0
H5621,56.5,-21.0
H5622,56.5,-22.0
H5623,56.5,-23.0
H5624,56.5,-24.0
H5625,56.5,-25.0
H5626,56.5,-26.0
H5627,56.5,-27.0
H5628,56.5,-28.0
H5629,56.5,-29.0
H5630,56.5,-30.0
H5631,56.5,-31.0
H5632,56.5,-32.0
H5633,56.5,-33.0
H5634,56.5,-34.0
H5635,56.5,-35.0
H5636,56.5,-36.0
H5637,56.5,-37.0
H5638,56.5,-38.0
H5639,56.5,-39.0
H5640,56.5,-40.0
H5641,56.5,-41.0
H5642,56.5,-42.0
H5643,56.5,-43.0
H5644,56.5,-44.0
H5645,56.5,-45.0
H5646,56.5,-46.0
H5647,56.5,-47.0
H5648,56.5,-48.0
H5649,56.5,-49.0
H5650,56.5,-50.0
H5651,56.5,-51.0
H5652,56.5,-52.0
H5653,56.5,-53.0
H5654,56.5,-54.0
H5655,56.5,-55.0
H5656,56.5,-56.0
H5657,56.5,-57.0
H5658,56.5,-58.0
H5659,56.5,-59.0
H5660,56.5,-60.0
H5661,56.5,-61.0
H5662,56.5,-62.0
H5663,56.5,-63.0
H5664,56.5,-64.0
H5711,57.5,-11.0
H5712,57.5,-12.0
H5713,57.5,-13.0
H5714,57.5,-14.0
H5715,57.5,-15.0
H5716,57.5,-16.0
H5717,57.5,-17.0
H5718,57.5,-18.0
H5719,57.5,-19.0
H5720,57.5,-20.0
H5721,57.5,-21.0
H5722,57.5,-22.0
H5723,57.5,-23.0
H5724,57.5,-24.0
H5725,57.5,-25.0
H5726,57.5,-26.0
H5727,57.5,-27.0
H5728,57.5,-28.0
H5729,57.5,-29.0
H5730,57.5,-30.0
H5731,57.5,-31.0
H5732,57.5,-32.0
H5733,57.5,-33.0
H5734,57.5,-34.0
H5735,57.5,-35.0
H5736,57.5,-36.0
H5737,57.5,-37.0
H5738,57.5,-38.0
H5739,57.5,-39.0
H5740,57.5,-40.0
H5741,57.5,-41.0
H5742,57.5,-42.0
H5743,57.5,-43.0
H5744,57.5,-44.0
H5745,57.5,-45.0
H5746,57.5,-46.0
H5747,57.5,-47.0
H5748,57.5,-48.0
H5749,57.5,-49.0
H5750,57.5,-50.0
H5751,57.5,-51.0
H5752,57.5,-52.0
H5753,57.5,-53.0
H5754,57.5,-54.0
H5755,57.5,-55.0
H5756,57.5,-56.0
H5757,57.5,-57.0
H5758,57.5,-58.0
H5759,57.5,-59.0
H5760,57.5,-60.0
H5761,57.5,-61.0
H5762,57.5,-62.0
H5763,57.5,-63.0
H5764,57.5,-64.0
H5811,58.5,-11.0
H5812,58.5,-12.0
H5813,58.5,-13.0
H5814,58.5,-14.0
H5815,58.5,-15.0
H5816,58.5,-16.0
H5817,58.5,-17.0
H5818,58.5,-18.0
H5819,58.5,-19.0
H5820,58.5,-20.0
H5821,58.5,-21.0
H5822,58.5,-22.0
H5823,58.5,-23.0
H5824,58.5,-24.0
H5825,58.5,-25.0
H5826,58.5,-26.0
H5827,58.5,-27.0
H5828,58.5,-28.0
H5829,58.5,-29.0
H5830,58.5,-30.0
H5831,58.5,-31.0
H5832,58.5,-32.0
H5833,58.5,-33.0
H5834,58.5,-34.0
H5835,58.5,-35.0
H5836,58.5,-36.0
H5837,58.5,-37.0
H5838,58.5,-38.0
H5839,58.5,-39.0
H5840,58.5,-40.0
H5841,58.5,-41.0
H5842,58.5,-42.0
H5843,58.5,-43.0
H5844,58.5,-44.0
H5845,58.5,-45.0
H5846,58.5,-46.0
H5847,58.5,-47.0
H5848,58.5,-48.0
H5849,58.5,-49.0
H5850,58.5,-50.0
H5851,58.5,-51.0
H5852,58.5,-52.0
H5853,58.5,-53.0
H5854,58.5,-54.0
H5855,58.5,-55.0
H5856,58.5,-56.0
H5857,58.5,-57.0
H5858,58.5,-58.0
H5859,58.5,-59.0
H5860,58.5,-60.0
H5911,59.5,-11.0
H5912,59.5,-12.0
H5913,59.5,-13.0
H5914,59.5,-14.0
H5915,59.5,-15.0
H5916,59.5,-16.0
H5917,59.5,-17.0
H5918,59.5,-18.0
H5919,59.5,-19.0
H5920,59.5,-20.0
H5921,59.5,-21.0
H5922,59.5,-22.0
H5923,59.5,-23.0
H5924,59.5,-24.0
H5925,59.5,-25.0
H5926,59.5,-26.0
H5927,59.5,-27.0
H5928,59.5,-28.0
H5929,59.5,-29.0
H5930,59.5,-30.0
H5931,59.5,-31.0
H5932,59.5,-32.0
H5933,59.5,-33.0
H5934,59.5,-34.0
H5935,59.5,-35.0
H5936,59.5,-36.0
H5937,59.5,-37.0
H5938,59.5,-38.0
H5939,59.5,-39.0
H5940,59.5,-40.0
H5941,59.5,-41.0
H5942,59.5,-42.0
H5950,59.5,-50.0
H5951,59.5,-51.0
H5952,59.5,-52.0
H5953,59.5,-53.0
H5954,59.5,-54.0
H5955,59.5,-55.0
H5956,59.5,-56.0
H5957,59.5,-57.0
H5958,59.5,-58.0
H5959,59.5,-59.0
H5960,59.5,-60.0
H5961,59.5,-61.0
H6011,60.5,-11.0
H6012,60.5,-12.0
H6013,60.5,-13.0
H6014,60.5,-14.0
H6015,60.5,-15.0
H6016,60.5,-16.0
H6017,60.5,-17.0
H6018,60.5,-18.0
H6019,60.5,-19.0
H6020,60.5,-20.0
H6021,60.5,-21.0
H6022,60.5,-22.0
H6023,60.5,-23.0
H6024,60.5,-24.0
H6025,60.5,-25.0
H6026,60.5,-26.0
H6027,60.5,-27.0
H6028,60.5,-28.0
H6029,60.5,-29.0
H6030,60.5,-30.0
H6031,60.5,-31.0
H6032,60.5,-32.0
H6033,60.5,-33.0
H6034,60.5,-34.0
H6035,60.5,-35.0
H6036,60.5,-36.0
H6037,60.5,-37.0
H6038,60.5,-38.0
H6039,60.5,-39.0
H6040,60.5,-40.0
H6041,60.5,-41.0
H6050,60.5,-50.0
H6053,60.5,-53.0
H6054,60.5,-54.0
H6055,60.5,-55.0
H6056,60.5,-56.0
H6057,60.5,-57.0
H6058,60.5,-58.0
H6059,60.5,-59.0
H6060,60.5,-60.0
H6061,60.5,-61.0
H6062,60.5,-62.0
H6100,61.5,0.0
H6101,61.5,-1.0
H6102,61.5,-2.0
H6103,61.5,-3.0
H6104,61.5,-4.0
H6105,61.5,-5.0
H6106,61.5,-6.0
H6107,61.5,-7.0
H6108,61.5,-8.0
H6109,61.5,-9.0
H6110,61.5,-10.0
H6111,61.5,-11.0
H6112,61.5,-12.0
H6113,61.5,-13.0
H6114,61.5,-14.0
H6115,61.5,-15.0
H6116,61.5,-16.0
H6117,61.5,-17.0
H6118,61.5,-18.0
H6119,61.5,-19.0
H6120,61.5,-20.0
H6121,61.5,-21.0
H6122,61.5,-22.0
H6123,61.5,-23.0
H6124,61.5,-24.0
H6125,61.5,-25.0
H6126,61.5,-26.0
H6127,61.5,-27.0
H6128,61.5,-28.0
H6129,61.5,-29.0
H6130,61.5,-30.0
H6131,61.5,-31.0
H6132,61.5,-32.0
H6133,61.5,-33.0
H6134,61.5,-34.0
H6135,61.5,-35.0
H6136,61.5,-36.0
H6137,61.5,-37.0
H6138,61.5,-38.0
H6139,61.5,-39.0
H6140,61.5,-40.0
H6150,61.5,-50.0
H6154,61.5,-54.0
H6155,61.5,-55.0
H6156,61.5,-56.0
H6157,61.5,-57.0
H6158,61.5,-58.0
H6159,61.5,-59.0
H6160,61.5,-60.0
H6161,61.5,-61.0
H6162,61.5,-62.0
H6163,61.5,-63.0
H6200,62.5,0.0
H6201,62.5,-1.0
H6202,62.5,-2.0
H6203,62.5,-3.0
H6204,62.5,-4.0
H6205,62.5,-5.0
H6206,62.5,-6.0
H6207,62.5,-7.0
H6208,62.5,-8.0
H6209,62.5,-9.0
H6210,62.5,-10.0
H6211,62.5,-11.0
H6212,62.5,-12.0
H6213,62.5,-13.0
H6214,62.5,-14.0
H6215,62.5,-15.0
H6216,62.5,-16.0
H6217,62.5,-17.0
H6218,62.5,-18.0
H6219,62.5,-19.0
H6220,62.5,-20.0
H6221,62.5,-21.0
H6222,62.5,-22.0
H6223,62.5,-23.0
H6224,62.5,-24.0
H6225,62.5,-25.0
H6226,62.5,-26.0
H6227,62.5,-27.0
H6228,62.5,-28.0
H6229,62.5,-29.0
H6230,62.5,-30.0
H6231,62.5,-31.0
H6232,62.5,-32.0
H6233,62.5,-33.0
H6234,62.5,-34.0
H6235,62.5,-35.0
H6236,62.5,-36.0
H6237,62.5,-37.0
H6238,62.5,-38.0
H6239,62.5,-39.0
H6240,62.5,-40.0
H6250,62.5,-50.0
H6255,62.5,-55.0
H6256,62.5,-56.0
H6257,62.5,-57.0
H6258,62.5,-58.0
H6259,62.5,-59.0
H6260,62.5,-60.0
H6261,62.5,-61.0
H6262,62.5,-62.0
H6263,62.5,-63.0
H6300,63.5,0.0
H6301,63.5,-1.0
H6302,63.5,-2.0
H6303,63.5,-3.0
H6304,63.5,-4.0
H6305,63.5,-5.0
H6306,63.5,-6.0
H6307,63.5,-7.0
H6308,63.5,-8.0
H6309,63.5,-9.0
H6310,63.5,-10.0
H6311,63.5,-11.0
H6312,63.5,-12.0
H6313,63.5,-13.0
H6314,63.5,-14.0
H6315,63.5,-15.0
H6316,63.5,-16.0
H6317,63.5,-17.0
H6318,63.5,-18.0
H6319,63.5,-19.0
H6320,63.5,-20.0
H6321,63.5,-21.0
H6322,63.5,-22.0
H6323,63.5,-23.0
H6324,63.5,-24.0
H6325,63.5,-25.0
H6326,63.5,-26.0
H6327,63.5,-27.0
H6328,63.5,-28.0
H6329,63.5,-29.0
H6330,63.5,-30.0
H6331,63.5,-31.0
H6332,63.5,-32.0
H6333,63.5,-33.0
H6334,63.5,-34.0
H6335,63.5,-35.0
H6336,63.5,-36.0
H6337,63.5,-37.0
H6338,63.5,-38.0
H6339,63.5,-39.0
H6340,63.5,-40.0
H6350,63.5,-50.0
H6356,63.5,-56.0
H6357,63.5,-57.0
H6358,63.5,-58.0
H6359,63.5,-59.0
H6360,63.5,-60.0
H6361,63.5,-61.0
H6362,63.5,-62.0
H6363,63.5,-63.0
H6400,64.5,0.0
H6401,64.5,-1.0
H6402,64.5,-2.0
H6403,64.5,-3.0
H6404,64.5,-4.0
H6405,64.5,-5.0
H6406,64.5,-6.0
H6407,64.5,-7.0
H6408,64.5,-8.0
H6409,64.5,-9.0
H6410,64.5,-10.0
H6411,64.5,-11.0
H6412,64.5,-12.0
H6413,64.5,-13.0
H6414,64.5,-14.0
H6415,64.5,-15.0
H6416,64.5,-16.0
H6417,64.5,-17.0
H6418,64.5,-18.0
H6419,64.5,-19.0
H6420,64.5,-20.0
H6421,64.5,-21.0
H6422,64.5,-22.0
H6423,64.5,-23.0
H6424,64.5,-24.0
H6425,64.5,-25.0
H6426,64.5,-26.0
H6427,64.5,-27.0
H6428,64.5,-28.0
H6429,64.5,-29.0
H6430,64.5,-30.0
H6431,64.5,-31.0
H6432,64.5,-32.0
H6433,64.5,-33.0
H6434,64.5,-34.0
H6435,64.5,-35.0
H6436,64.5,-36.0
H6437,64.5,-37.0
H6440,64.5,-40.0
H6450,64.5,-50.0
H6458,64.5,-58.0
H6459,64.5,-59.0
H6460,64.5,-60.0
H6461,64.5,-61.0
H6500,65.5,0.0
H6501,65.5,-1.0
H6502,65.5,-2.0
H6503,65.5,-3.0
H6504,65.5,-4.0
H6505,65.5,-5.0
H6506,65.5,-6.0
H6507,65.5,-7.0
H6508,65.5,-8.0
H6509,65.5,-9.0
H6510,65.5,-10.0
H6511,65.5,-11.0
H6512,65.5,-12.0
H6513,65.5,-13.0
H6514,65.5,-14.0
H6515,65.5,-15.0
H6516,65.5,-16.0
H6517,65.5,-17.0
H6518,65.5,-18.0
H6519,65.5,-19.0
H6520,65.5,-20.0
H6521,65.5,-21.0
H6522,65.5,-22.0
H6523,65.5,-23.0
H6524,65.5,-24.0
H6525,65.5,-25.0
H6526,65.5,-26.0
H6527,65.5,-27.0
H6528,65.5,-28.0
H6529,65.5,-29.0
H6530,65.5,-30.0
H6531,65.5,-31.0
H6532,65.5,-32.0
H6533,65.5,-33.0
H6534,65.5,-34.0
H6540,65.5,-40.0
H6550,65.5,-50.0
H6560,65.5,-60.0
H6600,66.5,0.0
H6601,66.5,-1.0
H6602,66.5,-2.0
H6603,66.5,-3.0
H6604,66.5,-4.0
H6605,66.5,-5.0
H6606,66.5,-6.0
H6607,66.5,-7.0
H6608,66.5,-8.0
H6609,66.5,-9.0
H6610,66.5,-10.0
H6611,66.5,-11.0
H6612,66.5,-12.0
H6613,66.5,-13.0
H6614,66.5,-14.0
H6615,66.5,-15.0
H6616,66.5,-16.0
H6617,66.5,-17.0
H6618,66.5,-18.0
H6619,66.5,-19.0
H6620,66.5,-20.0
H6621,66.5,-21.0
H6622,66.5,-22.0
H6623,66.5,-23.0
H6624,66.5,-24.0
H6625,66.5,-25.0
H6626,66.5,-26.0
H6627,66.5,-27.0
H6628,66.5,-28.0
H6629,66.5,-29.0
H6630,66.5,-30.0
H6631,66.5,-31.0
H6632,66.5,-32.0
H6640,66.5,-40.0
H6650,66.5,-50.0
H6700,67.5,0.0
H6701,67.5,-1.0
H6702,67.5,-2.0
H6703,67.5,-3.0
H6704,67.5,-4.0
H6705,67.5,-5.0
H6706,67.5,-6.0
H6707,67.5,-7.0
H6708,67.5,-8.0
H6709,67.5,-9.0
H6710,67.5,-10.0
H6711,67.5,-11.0
H6712,67.5,-12.0
H6713,67.5,-13.0
H6714,67.5,-14.0
H6715,67.5,-15.0
H6716,67.5,-16.0
H6717,67.5,-17.0
H6718,67.5,-18.0
H6719,67.5,-19.0
H6720,67.5,-20.0
H6721,67.5,-21.0
H6722,67.5,-22.0
H6723,67.5,-23.0
H6724,67.5,-24.0
H6725,67.5,-25.0
H6726,67.5,-26.0
H6727,67.5,-27.0
H6728,67.5,-28.0
H6729,67.5,-29.0
H6730,67.5,-30.0
H6740,67.5,-40.0
H6750,67.5,-50.0
H6760,67.5,-60.0
H6800,68.5,0.0
H6801,68.5,-1.0
H6802,68.5,-2.0
H6803,68.5,-3.0
H6804,68.5,-4.0
H6805,68.5,-5.0
H6806,68.5,-6.0
H6807,68.5,-7.0
H6808,68.5,-8.0
H6809,68.5,-9.0
H6810,68.5,-10.0
H6811,68.5,-11.0
H6812,68.5,-12.0
H6813,68.5,-13.0
H6814,68.5,-14.0
H6815,68.5,-15.0
H6816,68.5,-16.0
H6817,68.5,-17.0
H6818,68.5,-18.0
H6819,68.5,-19.0
H6820,68.5,-20.0
H6821,68.5,-21.0
H6822,68.5,-22.0
H6823,68.5,-23.0
H6824,68.5,-24.0
H6825,68.5,-25.0
H6826,68.5,-26.0
H6830,68.5,-30.0
H6840,68.5,-40.0
H6850,68.5,-50.0
H6860,68.5,-60.0
H6900,69.5,0.0
H6901,69.5,-1.0
H6902,69.5,-2.0
H6903,69.5,-3.0
H6904,69.5,-4.0
H6905,69.5,-5.0
H6906,69.5,-6.0
H6907,69.5,-7.0
H6908,69.5,-8.0
H6909,69.5,-9.0
H6910,69.5,-10.0
H6911,69.5,-11.0
H6912,69.5,-12.0
H6913,69.5,-13.0
H6914,69.5,-14.0
H6915,69.5,-15.0
H6916,69.5,-16.0
H6917,69.5,-17.0
H6918,69.5,-18.0
H6919,69.5,-19.0
H6920,69.5,-20.0
H6921,69.5,-21.0
H6922,69.5,-22.0
H6930,69.5,-30.0
H6940,69.5,-40.0
H6950,69.5,-50.0
H6960,69.5,-60.0
H7000,70.5,0.0
H7001,70.5,-1.0
H7002,70.5,-2.0
H7003,70.5,-3.0
H7004,70.5,-4.0
H7005,70.5,-5.0
H7006,70.5,-6.0
H7007,70.5,-7.0
H7008,70.5,-8.0
H7009,70.5,-9.0
H7010,70.5,-10.0
H7011,70.5,-11.0
H7012,70.5,-12.0
H7013,70.5,-13.0
H7014,70.5,-14.0
H7015,70.5,-15.0
H7016,70.5,-16.0
H7017,70.5,-17.0
H7018,70.5,-18.0
H7019,70.5,-19.0
H7020,70.5,-20.0
H7030,70.5,-30.0
H7040,70.5,-40.0
H7050,70.5,-50.0
H7060,70.5,-60.0
H7100,71.5,0.0
H7101,71.5,-1.0
H7102,71.5,-2.0
H7103,71.5,-3.0
H7104,71.5,-4.0
H7105,71.5,-5.0
H7106,71.5,-6.0
H7107,71.5,-7.0
H7108,71.5,-8.0
H7109,71.5,-9.0
H7110,71.5,-10.0
H7111,71.5,-11.0
H7112,71.5,-12.0
H7113,71.5,-13.0
H7114,71.5,-14.0
H7115,71.5,-15.0
H7116,71.5,-16.0
H7117,71.5,-17.0
H7118,71.5,-18.0
H7119,71.5,-19.0
H7120,71.5,-20.0
H7140,71.5,-40.0
H7150,71.5,-50.0
H7160,71.5,-60.0
H7200,72.5,0.0
H7201,72.5,-1.0
H7202,72.5,-2.0
H7203,72.5,-3.0
H7204,72.5,-4.0
H7205,72.5,-5.0
H7206,72.5,-6.0
H7207,72.5,-7.0
H7208,72.5,-8.0
H7209,72.5,-9.0
H7210,72.5,-10.0
H7211,72.5,-11.0
H7212,72.5,-12.0
H7213,72.5,-13.0
H7214,72.5,-14.0
H7215,72.5,-15.0
H7216,72.5,-16.0
H7217,72.5,-17.0
H7218,72.5,-18.0
H7219,72.5,-19.0
H7220,72.5,-20.0
H7230,72.5,-30.0
H7240,72.5,-40.0
H7250,72.5,-50.0
H7260,72.5,-60.0
H7300,73.5,0.0
H7340,73.5,-40.0
H7350,73.5,-50.0
H7360,73.5,-60.0
H7400,74.5,0.0
H7440,74.5,-40.0
H7450,74.5,-50.0
H7460,74.5,-60.0
HAAGN,39.961497,-76.0762
HAANK,43.773992,-72.339686
HAARP,41.116353,-73.593483
HAAYY,35.308333,-74.833333
HABAG,43.341619,-73.238847
HABEG,44.095569,-69.816797
HABER,40.017772,-76.135403
HABEX,39.616956,-79.095336
HABKI,36.571469,-75.866472
HABOK,44.461275,-73.134519
HABOM,42.156256,-77.054858
HABUG,35.819478,-79.786792
HADAD,40.409267,-75.559239
HADCI,42.661342,-76.757931
HADGO,41.964589,-72.509653
HADID,40.394644,-78.919681
HADMI,39.7056,-77.748908
HADNI,39.884228,-75.177622
HADRI,45.600278,-67.096111
HADUX,41.802372,-72.502142
HAFIZ,45.495719,-72.696464
HAFKE,64.093019,-15.311758
HAFNR,38.39735,-77.566375
HAFUT,65.295931,-13.211553
HAGET,42.672567,-71.206317
HAGIB,35.767581,-78.137869
HAGIK,40.907658,-72.5527
HAGLI,37.345619,-77.186961
HAGLO,43.410392,-71.992206
HAGON,39.477183,-78.904864
HAGTU,41.602547,-70.425378
HAGWE,41.62635,-73.682611
HAIRR,40.667936,-73.859131
HAIZO,43.392742,-72.54535
HAKAM,42.711061,-71.512969
HAKDY,36.240814,-76.152878
HAKOF,65.785425,-21.008617
HAKON,38.220136,-78.102347
HALAX,35.726019,-76.910358
HALBO,44.409003,-68.389564
HALED,44.565211,-68.270025
HALEX,38.896981,-76.867081
HALIF,53.735086,-1.580583
HALIO,46.179681,-63.342583
HALLL,38.518664,-77.009356
HALNO,35.354714,-77.898828
HALOO,43.161111,-76.634444
HALPA,40.697825,-74.106028
HALPU,38.776025,-78.330231
HALUP,41.043544,-74.324689
HALVA,36.266317,-77.169811
HALVE,40.134783,-75.269961
HAMKI,36.923497,-76.487142
HAMMA,40.204678,-74.747553
HAMME,38.708247,-79.244275
HAMMM,43.836328,-72.353406
HAMMZ,38.730989,-77.333292
HAMOR,39.855747,-75.787997
HAMPR,39.516111,-77.109472
HAMRA,36.871111,-0.023611
HAMRR,39.50095,-76.936344
HANAA,43.197794,-73.612825
HANEY,38.2881,-77.917856
HANGI,38.514672,-79.094319
HANKC,37.75255,-77.250728
HANKK,42.89495,-77.154225
HANKY,51.112772,-1.130833
HANLY,42.771081,-73.983958
HANOK,38.576803,-77.353994
HANTY,41.858325,-78.712322
HAPED,38.345422,-78.814869
HAPIE,40.386517,-72.982675
HAPVY,38.513333,-73.626667
HAR13,40.088678,-77.123611
HARBI,40.620861,-78.9807
HARBO,39.607511,-74.007378
HARDA,42.333986,-73.698511
HARDN,37.198139,-79.679083
HAREK,41.822353,-70.557014
HARLM,40.490744,-74.749092
HARLU,39.776481,-75.180947
HARMR,39.007433,-76.871253
HAROY,42.17745,-73.741742
HARPP,39.176228,-77.928669
HARRA,37.407731,-77.081914
HARRY,40.786272,-73.878097
HARSH,36.280183,-78.784611
HARTY,41.071189,-75.089894
HARVA,41.964811,-75.131847
HARVY,36.746167,-78.471939
HASAG,40.028061,-79.829725
HASAM,47.297586,-68.074533
HASBA,37.242317,-76.267944
HASUM,42.021686,-71.242006
HATAL,38.951069,-77.1356
HATAM,44.186108,-72.112878
HATBU,40.145142,-76.222822
HATEN,46.620611,-68.023147
HATLE,44.108131,-70.228425
HATTY,35.779636,-76.181533
HATUP,39.98925,-74.713744
HAUKY,42.826733,-73.808142
HAULE,48.777122,-64.761047
HAUPT,40.767389,-73.409869
HAVAN,43.278039,-70.960386
HAVEN,55.461111,-2.996297
HAVEV,38.779019,-78.870614
HAVNN,43.879583,-66.021089
HAVOT,40.221058,-74.173494
HAVRD,42.168569,-70.769603
HAVUB,36.640897,-76.048969
HAWFA,51.535753,-2.636819
HAWLY,41.539808,-75.090461
HAXAK,39.146933,-76.646406
HAXEG,36.335486,-78.569256
HAXEM,41.543206,-71.291703
HAXIL,38.571142,-76.987931
HAXUP,40.311067,-78.314781
HAYDO,39.206506,-75.380614
HAYED,41.143917,-76.053453
HAYER,40.301942,-74.699269
HAYGR,39.388422,-77.776967
HAYNZ,40.775344,-79.822564
HAYYU,37.729553,-76.702344
HAZAL,35.868967,-78.529147
HAZEL,51.005286,-0.984461
HAZNN,41.201511,-75.839597
HBUDA,37.493228,-77.526906
HC04W,42.119667,-0.408083
HC05E,42.029944,-0.221333
HC07F,50.070761,-5.779531
HC10E,41.980139,-0.118194
HC10W,42.171111,-0.515667
HC16F,50.170775,-5.712942
HC25F,50.127203,-5.593711
HC34F,50.033936,-5.627919
HC400,42.087667,-0.589806
HC415,42.035722,-0.233306
HC43W,42.120111,-0.409
HC46E,42.029417,-0.220278
HC500,41.895278,-0.189167
HC515,42.106806,-0.38125
HC600,42.039806,-0.226639
HCM07,50.118,-5.624106
HCM16,50.069133,-5.649739
HCM25,50.087325,-5.725144
HCM34,50.135422,-5.690925
HEADD,48.339836,-70.846594
HEADI,39.963767,-73.724681
HEAPP,41.099878,-75.938564
HEARR,42.447022,-70.709756
HEAVE,35.918169,-78.893272
HEBAR,40.639289,-74.722569
HEBNO,35.090231,-79.575814
HEBTO,42.943342,-78.487533
HECIT,53.110858,-66.976367
HECOO,35.380556,-75.031944
HEDDA,39.789256,-74.927853
HEDED,40.204172,-76.0316
HEDGE,38.892253,-75.83735
HEDGI,42.786267,-71.625025
HEDOG,41.565133,-70.757744
HEDSI,43.107231,-78.375889
HEDUX,44.174731,-73.634447
HEDWG,39.158261,-76.636331
HEDYY,35.485586,-79.146819
HEEAP,39.105111,-76.920306
HEERO,41.168856,-74.115581
HEFLN,39.058086,-77.7524
HEFTY,41.905331,-71.563997
HEGIG,38.251044,-76.469192
HEGIN,40.641611,-76.466042
HEGUX,36.368819,-76.102889
HEKIR,42.460019,-73.200792
HEKLE,39.92275,-74.916825
HEKMN,39.377075,-74.906372
HEKPA,39.369378,-78.876206
HEKXA,51.517669,-1.340708
HELBA,36.730333,-76.115808
HELEM,38.199519,-76.155789
HELEP,41.277878,-74.046694
HELIN,40.600147,-73.622056
HELMO,56.014444,-75.0
HELMZ,38.636967,-77.821936
HELNO,44.628881,-71.189325
HELOG,40.546717,-73.994375
HELON,41.667422,-74.280422
HEMAX,39.493628,-74.662389
HEMEL,51.805556,-0.419383
HEMEV,37.277144,-79.442833
HEMME,37.687528,-78.106639
HEMMI,45.06,-55.5325
HEMOK,41.023825,-78.817381
HEMTA,37.183661,-79.497733
HENDI,43.840056,-76.304758
HENDY,51.121028,-74.244778
HENEB,40.723336,-73.706308
HENIP,36.952375,-75.887708
HENRA,39.099931,-76.890672
HENRK,38.088831,-71.770111
HENRX,38.755936,-77.369003
HENYY,40.0995,-74.827222
HEPIT,44.607725,-73.443036
HEPKA,39.850097,-75.348522
HEPLA,35.893408,-78.678844
HEPOP,40.973722,-76.510983
HEPVO,41.861639,-76.223608
HERBA,42.243136,-78.2744
HERBJ,44.165981,-68.693492
HERCC,37.234903,-72.236158
HERDA,40.63105,-77.247767
HERDI,40.640264,-79.818894
HEREK,40.4276,-73.502658
HERKI,48.992281,-57.134147
HERKK,42.019289,-72.691919
HERMA,42.138278,-79.474908
HERON,55.343136,-5.0
HEROO,38.627061,-77.106186
HEROR,36.314861,-79.831689
HESEE,38.499097,-79.495264
HESGI,39.691506,-77.857447
HESIN,41.097189,-74.392047
HESKO,42.808461,-71.569233
HESKU,38.134144,-78.876975
HESLO,38.891006,-77.075458
HESOD,42.790525,-75.603333
HESRA,53.892639,-9.055167
HESUV,37.206222,-78.145833
HETEL,43.022697,-76.152514
HETHN,45.471328,-63.201778
HETJA,63.427083,-19.867953
HEVAB,41.128244,-73.753689
HEVED,36.184103,-79.850689
HEVHO,36.904153,-75.938842
HEVID,39.436644,-77.856853
HEVIR,39.574036,-76.980039
HEVNO,40.857814,-77.871092
HEVNU,40.900514,-74.032042
HEVSO,36.616133,-79.322172
HEVUR,44.145167,-69.071222
HEWFY,40.042164,-75.587972
HEWMO,42.187653,-70.735036
HEXEF,41.045792,-72.806031
HEXPO,53.981417,-8.209778
HG09F,50.943153,-2.811367
HG09I,50.945142,-2.909014
HG27F,50.936892,-2.503697
HG27I,50.934736,-2.398156
HGM01,50.942286,-2.768897
HGM02,50.884811,-2.720122
HGM03,50.937964,-2.556456
HGM04,50.88285,-2.610756
HHANK,37.989033,-77.638919
HHEAD,57.330278,-1.954722
HHEPP,42.527981,-72.777683
HHIGH,41.692147,-71.318964
HHOBB,36.881139,-75.841836
HHOLZ,38.633878,-79.692561
HHOTT,41.80025,-71.910983
HI02F,50.863633,-1.404981
HIBAN,37.417342,-79.843175
HIBBY,41.453492,-73.812036
HIBOB,44.603433,-69.138789
HIBOM,37.7813,-77.395717
HIBTU,46.274636,-67.659508
HICOD,38.145556,-7.674167
HIDAL,42.263939,-73.498222
HIDID,43.703856,-71.713581
HIDRA,44.5,-13.0
HIDRI,42.594267,-71.537003
HIDUB,42.893756,-78.891106
HIFAL,39.972,-75.1746
HIFLY,39.168856,-76.076675
HIFRE,39.216225,-77.730986
HIGAL,37.315186,-76.714386
HIGAM,41.965717,-72.725189
HIGDI,36.005725,-78.688975
HIGPO,38.371136,-77.372214
HIGRU,35.603647,-77.858453
HIICH,38.711481,-77.725339
HIIDY,40.418506,-73.855672
HIJOK,37.249006,-79.164511
HIKOD,43.558875,-70.981525
HIKPO,39.728342,-75.597039
HIKSO,41.186139,-69.965778
HIKTY,38.714806,-79.247303
HIKUB,36.133328,-79.890711
HILAB,43.420708,-73.965522
HILBY,39.944147,-74.853625
HILDA,42.105533,-72.622808
HILKI,40.859044,-74.483072
HILMA,39.076636,-76.944017
HILNU,38.876656,-76.012214
HILOG,40.313217,-74.907144
HILOK,40.761994,-74.083886
HILRY,40.884417,-69.566361
HIMAB,40.722717,-78.067308
HIMAR,40.484408,-74.411772
HIMBA,37.893431,-75.649125
HIMBI,37.450753,-75.885542
HIMDA,39.953764,-74.268431
HIMUT,42.477239,-73.152347
HINDU,40.376883,-75.478572
HINED,44.900317,-74.555594
HINGE,57.408889,-64.999167
HINOT,45.000744,-70.185603
HINTO,40.147058,-76.641664
HINUD,45.654219,-69.922475
HIPMA,38.992786,-76.421808
HIRBO,40.790467,-73.302914
HIRCK,38.730931,-77.499361
HIRER,43.423517,-72.354939
HIRIM,44.29335,-69.653219
HIRIN,42.869131,-78.822961
HIRKA,41.419358,-71.963564
HIRMN,43.933886,-70.840767
HIROY,39.475342,-79.408858
HIRSI,39.484631,-75.695842
HIRTI,40.154822,-75.140283
HISAM,36.937403,-76.396378
HITAN,37.249569,-77.43025
HITEK,38.688611,-76.935833
HITOR,49.085,-61.7
HITOX,43.042008,-77.877933
HITVA,42.83535,-72.261978
HIVAR,38.941842,-76.232433
HIVDO,36.753194,-79.272303
HIVRI,40.869439,-72.933747
HIVUX,44.415039,-73.068967
HMBGR,38.9439,-76.616411
HN18M,64.320431,-15.260806
HN36F,64.195314,-15.174978
HN36M,64.277786,-15.217981
HN401,64.495683,-15.615803
HN402,64.458275,-15.539469
HN501,64.064289,-15.107197
HNDRK,44.437361,-74.157636
HNF18,64.409683,-15.44075
HNI18,64.572517,-15.7735
HNNAH,40.470203,-74.043506
HNOVR,42.535397,-70.829958
HNTTR,40.425603,-74.186597
HOAGE,39.1286,-78.086781
HOBAM,40.976158,-73.615792
HOBET,41.555144,-71.245889
HOBKA,43.071558,-76.767742
HOBLU,36.614156,-76.206175
HOBOH,36.701992,-72.541922
HOBVU,35.893506,-77.161278
HOCLE,48.789856,-64.885569
HODAB,40.398594,-74.713278
HODOR,35.528431,-77.898278
HODSA,44.999844,-74.789742
HODVU,41.679322,-71.459908
HODWU,52.935258,-0.321178
HOFFI,40.800961,-72.461658
HOGDI,40.846031,-74.069719
HOGLU,44.404072,-73.351514
HOGOK,43.998208,-70.315697
HOGUL,40.994114,-76.130594
HOIST,55.033333,-57.0
HOJPA,35.913206,-79.375467
HOKDU,42.345536,-70.565503
HOKEL,41.402908,-70.253417
HOKIB,36.896733,-76.209922
HOKIR,40.655597,-74.550881
HOKMI,41.864239,-71.573
HOKMU,35.185164,-78.854597
HOKSU,41.831214,-79.903286
HOKVA,42.580347,-75.523269
HOKVU,44.793436,-75.797222
HOLBY,51.526083,-0.118653
HOLEM,40.865706,-74.510383
HOLEY,39.971586,-74.826878
HOLIB,44.808189,-70.658956
HOLIO,38.664681,-76.640206
HOLLY,50.886667,-0.095
HOLND,37.106089,-75.890831
HOLOE,39.7141,-78.660886
HOLSA,41.517817,-79.735169
HOLUR,40.802728,-74.193878
HOLZZ,41.585486,-74.235111
HOMEE,40.510189,-79.403525
HOMEY,41.871628,-72.596508
HOMFY,35.079042,-79.23405
HOMGI,44.073058,-72.184722
HOMGU,36.610903,-79.972433
HOMUB,36.948364,-78.188611
HOMUN,43.705131,-72.209528
HOMUX,42.644478,-70.980325
HOMWE,40.249614,-75.070106
HON27,52.728408,-2.0887
HON29,51.898344,-1.426239
HON30,52.74905,-1.157156
HON58,53.212947,-2.398681
HON60,51.5449,-2.605125
HON62,51.613325,-2.811339
HON63,51.445503,-2.502831
HON65,51.580236,-2.891244
HONIB,44.325064,-72.915333
HONLU,41.191406,-78.627517
HONNR,39.246275,-79.235808
HONTA,37.419728,-78.398192
HOOCH,39.921981,-75.25315
HOODE,38.455997,-78.180464
HOOKZ,35.280331,-78.924192
HOOOK,39.070892,-76.440789
HOOTE,36.653372,-79.984889
HOOTH,40.979028,-74.067164
HOPAT,40.887625,-74.641325
HOPCE,41.311847,-74.716861
HOPEA,40.690481,-73.899258
HOPED,40.871442,-74.869097
HOPEE,38.890375,-76.857881
HOPIM,35.446589,-77.740089
HOPMU,44.507372,-69.916486
HOPRZ,36.269308,-79.587058
HOPTU,41.780936,-71.036014
HOPUL,42.136631,-71.51995
HORAN,36.608342,-77.223408
HORAX,41.227397,-70.800044
HORBO,40.101739,-74.245481
HORDE,40.354317,-74.881036
HORKU,35.055403,-77.089294
HORME,53.274533,-0.424536
HORNE,42.389236,-77.587831
HORNR,37.618731,-77.398111
HOROW,44.775717,-63.758581
HORTO,39.117917,-77.463694
HORVI,40.199442,-76.920308
HOSBE,40.736561,-74.473442
HOSEP,44.999689,-68.798817
HOSFE,37.898039,-79.945189
HOSKR,40.084428,-75.548925
HOSTT,39.317719,-77.461633
HOSWA,65.370828,-13.653678
HOTEE,40.343333,-76.493611
HOTOX,40.700558,-76.376611
HOTSU,43.279836,-75.472161
HOTTZ,38.78105,-75.664961
HOTVU,42.154403,-71.313208
HOTXI,51.251764,-2.0
HOUKY,37.332217,-77.132675
HOUNT,47.032036,-55.132147
HOUTN,40.337689,-75.827339
HOVIB,40.036211,-79.73595
HOVOB,44.351392,-71.893678
HOWIE,39.582728,-74.652769
HOWLL,38.448189,-77.299933
HOWYA,40.593444,-74.231419
HOWYU,38.477633,-75.233656
HOXAG,42.194608,-76.217394
HOXEB,46.686722,-67.95545
HOXIE,41.865011,-77.852606
HOXQU,39.037792,-74.905928
HOXUB,44.181636,-72.027425
HOXUD,41.579617,-69.966478
HOZIR,43.100997,-79.034797
HR400,38.410508,-28.852978
HR401,38.389644,-28.807083
HR402,38.382736,-28.787111
HR404,38.366786,-28.722697
HR406,38.519989,-28.693225
HR408,38.519461,-28.816303
HR409,38.468969,-28.889436
HR420,38.458881,-28.851478
HR422,38.448928,-28.752631
HR424,38.464186,-28.724714
HR426,38.510786,-28.639317
HR428,38.609414,-28.457822
HR430,38.625861,-28.425953
HR434,38.564736,-28.897319
HR436,38.652556,-28.807858
HR438,38.626083,-28.494594
HR440,38.645625,-28.385672
HR452,38.519164,-28.875339
HR453,38.525639,-28.921492
HR454,38.562206,-28.981458
HR456,38.589544,-29.005839
HR460,38.347906,-28.715339
HR506,38.519625,-28.781114
HR508,38.520247,-28.617961
HR510,38.566161,-28.537531
HR512,38.653236,-28.608136
HR522,38.537806,-28.560842
HR524,38.560914,-28.528733
HR526,38.596361,-28.479417
HR528,38.61465,-28.448778
HR536,38.490044,-28.559256
HR538,38.467075,-28.546642
HR540,38.382497,-28.425486
HR541,38.511389,-29.026944
HR543,38.720322,-29.161125
HR544,38.565,-29.146978
HR545,38.405311,-28.597453
HR546,38.465583,-28.554317
HR548,38.423253,-28.639792
HR550,38.447889,-28.724611
HR552,38.47095,-28.804256
HR554,38.428222,-28.583036
HR556,38.374481,-28.688089
HR558,38.362789,-28.738161
HR560,38.362797,-28.780544
HRALD,42.380072,-71.257978
HRC01,38.758753,-28.476044
HRC02,38.586194,-28.816822
HRC05,38.482758,-28.816017
HRC06,38.441575,-28.692747
HRC08,38.619947,-28.876208
HRC09,38.461069,-28.81585
HRC10,38.586981,-28.6183
HRC11,38.473197,-28.336136
HRC12,38.470194,-28.617711
HRC13,38.526444,-28.371147
HRC14,38.441211,-28.780544
HRC16,38.496861,-28.795053
HRC17,38.457542,-28.757222
HRC18,38.434925,-28.738119
HRC19,38.059294,-27.978136
HRSST,35.566625,-79.114381
HSBRO,41.788283,-71.372386
HSKEL,43.653561,-71.047739
HTOAD,40.959583,-72.210586
HUBDO,40.173025,-77.298625
HUBIR,42.334714,-70.964886
HUBIT,40.59855,-79.420242
HUBNI,42.976281,-77.702833
HUBTU,42.462903,-76.417033
HUDAG,42.160742,-70.584686
HUDEN,43.117372,-76.670914
HUDEX,39.499761,-75.2419
HUDON,40.559542,-78.037283
HUDOP,41.821139,-70.345233
HUDPO,42.034397,-70.760875
HUDRI,45.013011,-68.638503
HUDSN,40.791036,-73.985539
HUEYP,39.387633,-76.723414
HUF02,65.838056,-17.4833
HUFEE,42.354303,-70.893986
HUFFF,38.561972,-77.835342
HUGEE,36.703611,-75.872808
HUGGZ,39.241225,-77.601633
HUGIE,41.898133,-75.591767
HUI02,65.715456,-17.543853
HUKOR,35.405089,-77.530317
HULAN,35.048097,-77.053503
HULBI,40.818369,-73.954178
HULBU,52.893486,-0.703075
HULDO,40.352447,-79.835733
HULEM,41.561728,-71.378794
HULEP,40.638561,-73.795042
HULIP,35.129658,-75.808867
HULIV,39.701447,-77.780969
HULKK,39.969083,-74.954431
HULRO,41.235394,-76.490792
HULTN,46.039525,-67.833906
HULVI,39.024089,-76.864239
HUMAL,37.182006,-76.855108
HUMAX,46.690381,-68.016128
HUMEL,40.192361,-75.928147
HUMEP,42.072311,-73.323397
HUMIV,36.781883,-76.493244
HUMOM,41.442908,-73.127544
HUNEE,41.873111,-72.773656
HUNKY,39.4585,-77.353972
HUNNN,39.08975,-76.881764
HUNNR,38.114322,-76.677842
HUNUL,35.716917,-78.296717
HUNUX,44.115806,-68.785894
HUO51,42.063056,-75.316283
HUPUM,43.988747,-75.937175
HURBE,42.460761,-70.851956
HUREX,41.820519,-71.900628
HURIC,35.938247,-78.115928
HURLE,37.733636,-77.545044
HURLY,42.588747,-72.291778
HURPI,38.721581,-79.561353
HURPU,40.198158,-76.553775
HURTA,42.922208,-77.925433
HURTI,43.285678,-76.304144
HURTT,37.099261,-79.333047
HURTZ,39.157786,-76.398967
HUSAT,43.483908,-70.050275
HUSAV,44.540519,-72.670153
HUSEL,39.164333,-77.357667
HUSVU,40.029872,-78.188064
HUT02,66.181189,-17.309864
HUTIN,42.468022,-72.101308
HUTMO,40.718189,-74.415883
HUTOD,41.053289,-76.822347
HUTOO,39.100561,-76.922269
HUTUB,41.769617,-71.472422
HUTUM,38.7579,-78.643908
HUVIG,43.036367,-72.790108
HUVIR,44.143108,-68.954636
HUVOX,38.854625,-75.2236
HUVUX,41.760403,-72.103583
HUXET,40.983936,-77.614742
HUXOL,36.964531,-76.103381
HVNNN,38.291425,-77.088778
HWANG,40.409056,-76.3303
HWYYN,43.274197,-79.078819
HYALO,39.273975,-77.344158
HYATT,41.023464,-76.665094
HYILL,39.982622,-75.283336
HYLAN,40.583439,-74.091253
HYLND,42.780867,-71.2753
HYPAL,37.057564,-75.745303
HYPER,39.683933,-77.225094
HYTRA,38.292197,-76.413833
I07RY,48.386139,-4.689667
IA01A,51.476739,-0.512086
IA01B,51.476892,-0.498903
IAA00,51.47705,-0.485014
IAFSD,65.965892,-18.152925
IB07R,48.398611,-4.63525
IBACO,36.710528,-3.927639
IBAXU,53.318614,-3.167336
IBB01,51.464206,-0.495581
IBD11,44.873778,-0.931611
IBD23,44.987806,-0.487111
IBD29,44.763917,-0.409
IBDUK,51.689714,-2.199094
IBERG,49.0,-52.0
IBERO,41.345556,-7.919722
IBEYU,43.113836,-70.664736
IBG05,45.547722,-0.492917
IBG08,45.646306,-0.521389
IBG23,45.77025,-0.119083
IBG26,45.678722,-0.105028
IBGON,51.013122,-0.799578
IBH09,46.18525,-1.405944
IBH27,46.170278,-0.903722
IBIDO,40.884722,-10.186667
IBISO,55.364747,-5.244069
IBISU,47.092278,-4.638778
IBIYU,41.064853,-74.775644
IBIZO,36.929444,-4.837778
IBLEX,48.121944,-2.626667
IBLOB,55.531061,-4.940706
IBN25,46.390833,-0.124194
IBNID,50.528808,-1.785683
IBODY,36.128344,-79.348358
IBOLU,56.386111,-3.134167
IBP31,43.268667,-0.207833
IBRAR,53.531744,-3.686353
IBREM,53.983039,-3.293503
IBROD,56.5,-10.0
IBS27,44.365583,-0.934972
IBUNY,44.195481,-70.541083
IBUWE,35.451094,-78.659581
IBVIM,56.384306,-2.694228
IBXAL,37.048247,-76.982339
IBZ09,43.465944,-1.737611
IBZ27,43.470833,-1.262028
IC06Y,44.456556,-1.288889
IC06Z,44.433556,-1.337167
IC24Y,44.611083,-0.961833
IC24Z,44.624667,-0.932861
ICACO,37.506181,-77.039297
ICARA,41.847325,-70.907558
ICBIB,53.866472,-9.189861
ICCEY,39.5078,-71.708
ICCIN,51.660222,-2.74965
ICCOR,36.724828,-78.497561
ICDUV,36.635708,-77.423628
ICENO,38.798889,-77.574722
ICHAN,52.672219,-0.152033
ICIYU,39.255078,-77.100108
ICJOL,53.006797,-0.784867
ICKON,53.343139,-6.355806
ICNAK,38.306611,-79.000958
ICOPA,42.979969,-73.938281
ICOSA,51.630025,-3.869483
ICTAM,51.527047,-1.163367
ICY28,45.599139,-0.748389
ID05Y,44.882667,-0.852083
ID05Z,44.719639,-0.870611
IDATE,47.160536,-68.546469
IDBAN,51.846917,-8.887111
IDBID,39.278222,-8.016667
IDBOV,45.854694,-3.326333
IDDAA,35.18475,-79.991858
IDDAH,54.012294,-0.968883
IDEAR,41.830611,-71.336739
IDEED,42.909964,-70.686414
IDEVU,39.576944,-3.400278
IDEXA,53.470556,-5.164167
IDIKE,41.874233,-71.53135
IDKER,43.643944,-3.662
IDKOL,54.095278,-1.995833
IDLIP,37.013611,-7.975
IDMEB,35.475181,-3.886517
IDN12,45.986889,-1.201083
IDN30,45.782694,-0.744417
IDNIR,64.627522,-15.628575
IDNUN,47.10725,-2.553167
IDOBO,42.943694,-1.77325
IDOCO,41.923425,-72.667286
IDOCU,48.459722,-4.385833
IDOGE,36.931336,-76.215864
IDONE,37.405378,-77.234733
IDORE,39.397639,-77.568386
IDOTU,43.334083,-8.674056
IDRIK,47.599722,-3.641389
IDTEK,38.831236,-77.014092
IDUME,41.240886,-77.082789
IDUSE,40.089703,-78.397336
IDWAP,36.218283,-76.570136
IDWIZ,38.770278,-9.495556
IDWUN,40.693519,-76.261739
IEC05,48.3825,-5.214167
IEC23,48.5425,-4.914833
IEY14,46.850611,-2.545694
IEY32,46.583417,-2.239028
IFADY,41.118839,-73.746464
IFASA,43.174056,-2.566194
IFAVU,37.991883,-79.451586
IFBAP,53.541889,-6.668389
IFESO,37.559706,-76.446725
IFFEN,48.121944,-2.086111
IFFLY,38.675278,-73.943889
IFIZE,43.479456,-76.198236
IFK26,46.456056,-0.564056
IFKIF,49.6,-0.133333
IFKIN,36.229514,-79.071961
IFPIG,37.701803,-77.472347
IGANE,37.239722,-77.288703
IGEDE,37.249175,-78.170142
IGEFY,44.366014,-68.685
IGGGY,39.288244,-78.369806
IGGLE,39.635944,-75.302931
IGIDE,40.595839,-73.653881
IGIKE,43.891167,-73.414989
IGOCI,40.449411,-79.172894
IGRUH,43.116153,-78.260836
IGRUL,44.987153,-65.271919
IGRUT,48.247661,-53.987589
IGSAK,47.449144,-79.310669
IGSAL,48.584417,-71.897533
IGSAN,48.7678,-72.138106
IGSAP,44.517069,-77.679494
IGSEB,43.905,-77.33
IGSEK,48.663897,-78.4382
IGSEP,47.993517,-65.211711
IGSIB,55.131194,-59.014781
IGSIL,44.1487,-76.594808
IGSIM,44.890228,-79.284775
IGSOG,44.192772,-78.093808
IGSUB,47.694914,-79.848956
IGSUK,50.209297,-66.677019
IGSUX,43.785658,-79.339383
IGTAD,45.495419,-75.485253
IGTAP,60.858239,-78.010139
IGTEG,56.379861,-61.763069
IGTER,46.391389,-71.801111
IGTEX,49.133822,-57.490911
IGTIL,43.744642,-79.888389
IGTIT,56.374281,-61.757675
IGTOG,47.623289,-68.686486
IGTOK,48.315044,-53.828467
IGTUL,43.61,-79.218889
IGTUP,53.711856,-56.720656
IGVAL,45.764794,-72.651208
IGVAP,43.558303,-79.831708
IGVAR,50.424789,-59.735592
IGVAT,45.655678,-61.120981
IGVEB,45.437197,-72.650103
IGVEM,48.170464,-70.760953
IGVIL,45.157822,-79.233553
IGVIM,56.474989,-79.556583
IGVIN,53.082681,-67.106433
IGVIR,45.090972,-74.586239
IGVOK,53.382189,-55.541536
IGVOP,45.058686,-63.644414
IGVOT,56.561131,-61.676219
IGVUB,48.445675,-68.549989
IGVUD,44.839533,-75.468678
IGVUP,43.746022,-66.337881
IHEYA,43.517733,-71.601156
IHHUB,41.187608,-70.521578
IHOBB,42.728125,-71.486572
IHXOK,41.702539,-71.001289
IILEN,42.5207,-76.205489
IJADE,35.308431,-78.805511
IJALA,51.282847,-6.431508
IJHEV,44.315344,-72.928142
IJR08,47.525694,-0.634444
IKAVE,46.917944,-68.031311
IKAXE,41.182286,-73.771125
IKBAM,43.585819,-79.489192
IKBAV,45.234294,-72.803256
IKBEB,45.406558,-76.476164
IKBEL,45.815989,-74.703081
IKBEP,45.393703,-73.141214
IKBER,72.857964,-77.976336
IKBEX,44.377169,-77.379197
IKBIB,58.707278,-65.989667
IKBIM,46.777994,-71.284006
IKBIP,47.377403,-61.870764
IKBOG,44.177297,-77.245964
IKBOK,45.97625,-70.892233
IKBOL,52.608475,-72.383225
IKBOT,52.771033,-75.782364
IKBUG,48.990753,-79.210522
IKBUK,47.603664,-66.007522
IKBUN,48.8,-56.065556
IKBUT,46.052661,-64.8339
IKDAB,46.187661,-79.581619
IKDAG,52.052925,-78.546472
IKDAK,52.515606,-56.133928
IKDAL,46.576125,-67.711892
IKDEB,46.942525,-71.174931
IKDEG,47.736764,-65.494125
IKDEM,45.920675,-64.775583
IKDET,44.651922,-66.866797
IKDEV,62.057881,-75.698325
IKDIM,48.604528,-71.121006
IKDIR,43.798003,-79.483722
IKDIT,52.888342,-66.844372
IKDIX,48.739244,-54.491747
IKDOB,48.233906,-77.834672
IKDOD,45.427147,-66.0073
IKDOR,51.537039,-78.645333
IKDUK,49.750372,-74.545817
IKDUL,46.110031,-64.588183
IKDUN,43.967308,-77.784322
IKDUR,56.269828,-62.400333
IKDUT,51.558072,-56.039531
IKEWI,41.003386,-73.658139
IKEXE,44.978597,-69.076656
IKGAB,44.72045,-73.663381
IKGEF,51.581728,-0.767883
IKGIC,53.967139,-8.467472
IKILY,41.067775,-73.554661
IKLAT,48.7477,-78.395583
IKLAX,44.993333,-75.746667
IKLEL,58.147808,-68.3299
IKLEN,44.056111,-79.680278
IKLEP,66.079106,-66.18505
IKLEV,59.37225,-69.559331
IKLIR,43.145703,-79.25425
IKLIV,46.733956,-71.51705
IKLOG,43.9627,-78.855906
IKLUK,45.719444,-73.019167
IKLUL,55.900808,-60.898958
IKLUV,43.071292,-79.822981
IKLUX,44.074767,-79.499731
IKMAD,46.187044,-63.148231
IKMAK,47.798011,-52.655681
IKMAN,62.5,-63.0
IKMEX,43.479681,-79.384417
IKMIK,46.308333,-71.67
IKMIR,46.737861,-67.350931
IKMOB,53.574933,-64.185842
IKMOL,46.692797,-75.512358
IKMOM,64.189925,-76.092611
IKMOW,44.944947,-69.1643
IKMUK,48.611242,-72.528292
IKMUN,45.529167,-72.892222
IKMUP,51.5915,-78.548294
IKNAR,47.193178,-74.158717
IKNAV,42.961944,-78.967778
IKNIB,49.254233,-57.322256
IKNIP,51.3763,-58.770369
IKNOD,48.137472,-79.045419
IKNOG,65.904444,-58.583611
IKNOX,46.343075,-63.38955
IKNUG,66.329231,-65.585489
IKNUP,46.36095,-63.230764
IKPAK,51.285861,-58.677028
IKTOW,35.402983,-79.185517
IKUGE,39.145206,-75.462581
IKURO,46.297639,-63.119683
IL01A,51.4655,-0.421383
IL01B,51.465361,-0.434622
ILABI,48.720089,-67.667894
ILACI,41.166853,-71.593189
ILAKA,52.691042,-75.744592
ILANI,43.489883,-79.931164
ILARO,53.632333,-77.375053
ILAVO,55.943722,-61.350639
ILAXU,53.274122,-60.506994
ILEBU,45.352847,-75.583244
ILECO,48.9,-4.763889
ILEDO,46.030847,-64.833597
ILEGU,45.418611,-73.810278
ILEKI,48.231261,-78.472658
ILEMU,45.254167,-76.878889
ILENE,40.145858,-75.274519
ILENI,48.796756,-64.159311
ILEPO,46.343406,-75.960494
ILERO,45.869414,-71.482642
ILEVU,44.838919,-64.726917
ILEXU,48.769761,-64.558114
ILGEZ,42.221742,-73.894011
ILIGI,53.780267,-72.537414
ILIKI,45.437125,-75.752372
ILIKO,45.293003,-75.620667
ILILA,45.183792,-72.8371
ILIMA,53.603306,-59.7156
ILIMO,43.355164,-79.205775
ILINE,39.563353,-76.140281
ILIPA,51.667569,-76.266461
ILIRO,46.645283,-64.542631
ILIXU,43.955917,-77.358547
ILL02,51.465633,-0.408167
ILLGO,35.183333,-74.666667
ILLID,41.060003,-73.7014
ILLIW,40.009394,-76.530214
ILOBO,50.044431,-79.756669
ILOGI,45.493794,-75.806581
ILOGO,46.020031,-70.827614
ILOKO,67.404975,-64.270892
ILOLO,46.497333,-74.745667
ILORU,47.371731,-67.828042
ILOSI,47.604647,-67.562831
ILOTA,44.853392,-63.831867
ILOXI,48.450858,-68.395714
ILTEC,48.8905,-5.992278
ILTOJ,36.117247,-77.164839
ILUBO,45.385697,-75.597528
ILUGA,49.558761,-57.490414
ILUGO,50.320936,-73.379742
ILUMO,46.880836,-67.023006
ILUPI,60.976861,-77.931131
ILURO,46.474914,-72.429944
ILURU,52.693836,-76.220156
ILUSI,44.146389,-78.932222
ILUVO,47.679858,-69.834742
ILUXI,53.060436,-79.147875
ILVER,40.734892,-76.015106
ILZIC,50.588531,-3.645611
ILZID,44.181547,-69.570894
IMABU,46.057536,-64.595717
IMADO,51.410481,-58.649064
IMAGO,45.656378,-72.470597
IMAMA,46.735975,-67.78915
IMAME,41.193617,-74.251106
IMAMO,48.996681,-54.791331
IMANO,44.933072,-63.596369
IMAPA,46.715181,-66.522375
IMASE,37.686894,-77.273
IMASI,49.672203,-77.658061
IMAXA,45.389078,-63.584897
IMEBA,44.249444,-79.054444
IMEBO,48.911906,-67.20095
IMEGO,51.203083,-58.659064
IMELI,46.229481,-79.259156
IMELL,36.927222,-74.534444
IMELO,45.618256,-61.650089
IMEMO,43.988147,-78.831258
IMENI,53.913831,-79.146103
IMEPI,45.654231,-73.209961
IMERO,46.248922,-64.5054
IMESA,44.933647,-63.662475
IMETI,47.243789,-67.499992
IMEXO,53.695194,-77.982511
IMFIZ,53.265486,-0.283483
IMHEM,39.217472,-78.24375
IMIBE,42.049864,-73.991331
IMIDO,48.528533,-68.304403
IMILE,38.783611,-27.113611
IMIPA,45.278739,-75.527464
IMIRU,44.846097,-76.104264
IMIYU,38.475472,-78.668569
IMOGA,53.579564,-75.902911
IMOPA,47.375136,-61.875119
IMORE,36.873239,-75.953022
IMORI,46.705308,-71.626261
IMOSA,46.894444,-55.856944
IMOTO,58.791917,-69.812739
IMOVA,46.764364,-71.702786
IMUGE,36.333967,-79.080203
IMULA,48.289225,-77.857114
IMULE,39.876461,-74.185997
IMUMA,44.013156,-66.187772
IMUNI,53.64645,-76.494194
IMUVA,58.189208,-68.046072
IMUVI,50.248833,-63.713833
IMUXI,45.168047,-72.874731
IMVUR,51.174694,-0.532333
IMZID,48.932778,-1.499167
IN40A,56.8834,-4.20515
IN40B,57.881756,-5.110303
IN40C,57.388506,-2.840236
INADY,42.209608,-75.614203
INBAB,45.573611,-3.81
INBAN,64.833333,-50.0
INBIG,40.0825,-8.876667
INBOM,40.001919,-8.302003
INBOX,38.368333,-33.363611
INBUL,38.495278,-30.0
INCEF,45.518333,-4.960556
INDEL,42.455889,-2.705028
INDIN,65.442381,-16.819408
INDOX,51.310986,-1.020567
INFEC,51.543814,-4.191942
INGAN,64.562222,-24.4875
INGOR,49.364444,-0.25
INGOX,64.20425,-22.290353
INGRD,44.293264,-74.297661
INGUB,65.537544,-36.662158
INGUM,71.881111,-66.281667
INGUR,51.711575,-2.860208
INJUN,35.013192,-79.116169
INKAL,36.612083,-3.866667
INKEK,50.648056,-0.535833
INKIT,41.180278,-7.890833
INKOB,53.871164,-4.404008
INKOW,43.396956,-71.62815
INKUR,53.597583,-7.391278
INLED,38.377222,-7.892778
INLIB,38.326622,-9.236239
INLYT,36.910889,-76.072617
INNDY,41.771997,-71.098869
INNER,36.782228,-76.070947
INNEZ,39.788597,-74.779322
INNOV,48.366111,-3.6025
INNUF,59.118169,-8.042986
INOFO,41.043969,-72.271019
INOPE,41.983917,-73.260561
INOSE,40.884867,-72.954103
INPAN,39.566111,-3.746111
INPAT,52.324056,-7.001222
INPIP,54.876539,-2.896139
INPIR,38.606667,-26.929167
INPOD,66.530044,-50.676411
INRAD,52.258,-9.150361
INREV,55.149289,-3.094294
INROX,45.643,-3.337667
INSAC,37.192681,-78.685408
INSAL,51.604611,-8.551139
INSCH,57.342778,-2.614167
INSID,42.275556,-7.094167
INTAX,39.59,-2.933889
INTOP,53.224278,-6.109
INVEB,53.346033,-2.572897
INVON,55.450608,-2.309964
IOA02,45.435097,-73.770294
IOH04,49.379,-0.133833
IOM38,53.711486,-3.892864
IOM41,53.680569,-3.818183
IONIA,42.601069,-73.757506
IOU21,47.221139,-0.781806
IOV14,48.222306,-0.963944
IOV32,47.898972,-0.590861
IPADE,41.356158,-70.329144
IPBEH,39.844528,-74.869253
IPDIP,50.995194,-2.906447
IPDOR,55.3775,-3.2625
IPESE,47.044575,-68.248222
IPIPE,42.217433,-75.704017
IPKAH,43.615328,-70.613525
IPKOH,35.401575,-75.481464
IPNOX,54.227778,-2.706111
IPRIL,51.674669,-0.226486
IPROD,39.483056,-9.261111
IPSAD,55.3625,-2.687222
IPSAK,45.757419,-74.857942
IPSAM,44.284933,-64.754186
IPSEG,48.999608,-55.529117
IPSET,54.518231,-5.452478
IPSIK,39.564722,-7.914722
IPSIQ,35.773261,-79.452844
IPSIR,54.081667,-1.949167
IPSOG,49.088833,-0.268417
IPSOT,43.641389,-79.913333
IPTAL,48.730017,-69.162564
IPTAP,47.616314,-52.921408
IPTAT,51.403794,-3.111381
IPTIX,44.480658,-66.043336
IPTON,62.0,0.0
IPTOT,46.790775,-71.208842
IPTOV,63.629114,-68.275558
IPURE,40.033844,-74.603883
IPVAR,46.784397,-71.479833
IPVEL,44.774864,-66.726714
IPVEM,48.354414,-71.431594
IPVID,47.737656,-79.728564
IPVIG,48.769925,-72.184169
IPVIL,48.427953,-70.717844
IPVUB,43.543383,-79.872642
IPVUV,46.137914,-71.894081
IQHET,42.998725,-74.2173
IQJAZ,36.618739,-77.424453
IQSAL,43.989856,-68.849719
IR01A,51.478389,-0.405897
IR01B,51.478253,-0.419172
IRABE,44.318614,-74.1552
IRAGE,44.445975,-73.090444
IRAKE,35.692067,-77.3404
IRAME,44.751078,-73.048106
IRANE,44.417131,-70.794644
IRAXE,37.290983,-79.073428
IRBAN,54.270208,-58.104686
IRBEL,49.579744,-77.694675
IRBIK,45.442317,-63.337731
IRBIM,58.653333,-60.532622
IRBUX,60.027256,-69.999178
IRCIT,40.731617,-76.625619
IRDEP,45.866922,-66.408733
IRDER,52.896764,-79.097994
IRDEX,53.195861,-6.063917
IRDOB,43.856431,-77.677156
IRDOL,58.354556,-78.313975
IRDUB,51.245989,-57.199247
IRDUV,46.274042,-65.158797
IREKE,42.315789,-76.638856
IREYU,44.281814,-72.046906
IRG12,49.465472,-0.146278
IRGAW,42.576106,-71.371706
IRGIK,67.720694,-63.705111
IRGOM,48.784686,-54.606889
IRGOX,45.115406,-64.620328
IRH07,47.686194,-3.771806
IRH20,47.944472,-3.360667
IRH25,47.823722,-3.153667
IRI10,46.735,-1.619472
IRI28,46.671111,-1.157444
IRJ07,48.475417,-4.424944
IRJ25,48.584306,-3.878528
IRK13,49.334361,-0.733361
IRKIN,45.503231,-75.664306
IRKIR,48.140886,-70.903617
IRKOL,47.859886,-59.3951
IRKON,49.179844,-57.457894
IRKOR,54.404269,-1.784442
IRKUH,42.193117,-76.028722
IRKUM,52.996639,-5.377625
IRKUW,35.949389,-79.768989
IRL05,48.171056,-4.650139
IRL23,48.369361,-4.245111
IRLET,72.807022,-77.561211
IRLOK,54.533333,-57.0
IRLOL,46.355492,-79.229644
IRLUG,46.144861,-59.901653
IRMAX,49.000314,-55.702325
IRMED,71.293325,-79.245897
IRN10,48.1055,-2.001056
IRN28,48.039556,-1.477972
IRO29,48.690083,-3.167167
IROKT,39.534364,-74.750797
IRQ09,47.986917,-4.468889
IRQ27,47.961417,-3.849611
IRR00,51.478117,-0.432458
IRR03,51.478914,-0.352906
IRS21,47.327,-1.407639
IRSEA,54.274167,-4.516667
IRSEW,42.322656,-71.025531
IRV04,47.600556,-2.8665
IRV22,47.836139,-2.581556
IRWOX,35.231297,-78.884128
IRZ07,47.407361,-2.124333
IRZ25,47.380167,-1.808694
IS11A,47.482656,-52.568392
IS11B,47.61205,-53.011139
IS401,66.112092,-23.059325
IS402,66.092725,-22.823097
ISACE,40.514489,-74.277617
ISACI,65.830581,-22.716486
ISEGE,43.101794,-71.733469
ISERE,40.700525,-74.146425
ISF42,66.202331,-23.183722
ISF52,66.072447,-22.808358
ISI41,66.265442,-23.317442
ISI51,66.032094,-22.628736
ISICA,44.715211,-74.667767
ISILE,38.828842,-76.864081
ISKUQ,43.325653,-73.596486
ISLAY,42.496228,-71.060878
ISLET,41.016267,-73.667964
ISM43,66.134814,-23.041672
ISM53,66.112597,-22.98855
ISO10,47.636469,-52.494992
ISOZO,41.367753,-73.492617
ISQAC,40.732936,-72.861569
ISSIG,37.9146,-77.4664
ISTEC,67.468611,-50.967428
ISTON,43.129722,-79.064444
ISUBE,36.268678,-76.407417
ISVIG,63.0,0.0
ITAFI,46.619444,-5.581389
ITARE,37.460211,-76.486122
ITASE,45.059092,-68.966883
ITAWA,43.256783,-70.969919
ITAWT,43.173294,-71.159256
ITAYI,43.339958,-70.780067
ITBEM,58.5889,-77.838403
ITEHO,41.731319,-77.269625
ITFUW,52.946353,-0.487097
ITGAN,46.550994,-79.361364
ITGUW,40.369258,-76.977264
ITGUY,35.23245,-79.705861
ITIBE,38.238447,-76.477944
ITKAR,46.741961,-71.232089
ITKEP,48.573639,-68.251208
ITKIL,48.831075,-67.565272
ITKIR,46.228819,-62.993489
ITKOK,55.354214,-77.724947
ITKUD,46.005894,-66.339339
ITKUL,53.854422,-79.019958
ITLAG,59.747903,-69.992408
ITLAV,70.577822,-68.3255
ITLEP,48.791244,-64.242356
ITMAK,45.673056,-65.816667
ITMED,46.417167,-62.850564
ITMIP,44.442242,-79.675989
ITMIT,52.519861,-56.1853
ITMOM,50.080397,-66.003267
ITMUP,52.668358,-56.348422
ITNAG,46.272567,-64.004628
ITNAV,45.9337,-60.160706
ITNID,45.593186,-73.12915
ITNOP,48.325628,-70.571525
ITNUR,52.244594,-55.809786
ITOME,41.674308,-74.359686
ITPAN,52.317994,-56.144586
ITPAX,46.113931,-65.160389
ITPEV,50.43755,-63.418853
ITPEX,54.575192,-71.050233
ITPUR,45.355992,-67.4162
ITRAL,46.215331,-70.537428
ITRAP,47.504764,-52.749517
ITRIB,46.637692,-71.335431
ITROR,44.940158,-64.769608
ITSAR,52.337336,-55.55455
ITSED,44.123733,-78.840767
ITSEE,43.710344,-70.326883
ITSEN,52.525519,-55.591261
ITSUM,51.337808,-0.115186
ITTEM,37.471939,-77.554572
ITTLE,41.847219,-73.810233
ITUXY,43.982878,-69.674886
ITVIT,38.961519,-8.562219
ITVUH,42.311633,-79.405536
IVAFO,45.109169,-68.583628
IVGEX,56.5206,-3.397014
IVGOB,53.695164,-1.525639
IVLAR,51.478214,-0.166689
IVLOD,53.129444,-3.155278
IVM12,47.119306,-56.6295
IVM30,47.071139,-56.129833
IVNIM,51.526639,-3.543672
IVOTY,36.012111,-76.569736
IVP08,46.673,-56.387944
IVP26,46.851861,-55.9625
IVVEW,45.648597,-68.536089
IWOSE,35.997875,-75.733542
IWTOJ,40.990783,-76.068553
IXADY,42.123456,-79.539622
IXFAQ,41.980819,-79.423764
IXIDA,39.655128,-8.016667
IXINI,49.117222,-0.25
IXIRI,35.497639,-2.823222
IXOLI,36.976389,-8.701667
IXUME,35.497222,-75.181944
IXURA,52.068056,-1.427778
IXUTE,41.639553,-78.413733
IXUVA,41.184444,-9.8525
IYANA,42.054578,-70.827967
IYBAY,39.478997,-75.706089
IYEPU,39.047103,-79.214486
IYICO,40.546703,-79.791003
IYIKA,40.636944,-77.210442
IYIYO,42.510872,-73.794483
IYOYO,43.803525,-73.411711
IYRIH,42.110033,-77.933208
IYUNA,41.247422,-75.940519
IZACK,59.890833,-1.020278
IZBUZ,38.219333,-1.1945
IZEKO,40.836725,-74.072825
IZENI,38.140833,-11.039167
IZIMY,41.457947,-73.855958
IZIWA,40.260183,-75.292172
IZKIP,40.6788,-75.497522
IZLAW,51.057069,-3.380919
IZUZO,38.745556,-8.869722
IZYUR,40.144336,-78.809475
IZZEE,40.941511,-77.529086
JA08F,49.690097,-2.351722
JA26F,49.718492,-2.117008
JAAAK,38.455097,-77.112636
JAAWY,38.263347,-74.874139
JAAZZ,42.804603,-71.602422
JABAD,40.891667,-73.4375
JABAH,40.441469,-75.180333
JABAM,39.412869,-74.466522
JABEP,36.416425,-79.853453
JABET,43.031236,-78.668453
JABEX,49.0,-9.5025
JABMU,42.467022,-71.568231
JABRR,39.434572,-77.065992
JABUP,36.675631,-75.903089
JACCI,42.469803,-78.729681
JACIE,40.770814,-74.035044
JADEX,36.9489,-76.295269
JADIM,36.731456,-76.656425
JADNN,37.568206,-77.175864
JAE01,49.753344,-2.050428
JAE02,49.701319,-2.035667
JAFFE,41.027883,-74.297972
JAFFY,40.890022,-73.124497
JAGAG,38.049306,-78.498803
JAGEM,36.533094,-77.565708
JAGET,40.817675,-79.453842
JAGNI,36.951011,-75.885931
JAGON,42.145547,-72.720478
JAGOT,38.246497,-76.302353
JAGRA,41.407589,-71.372383
JAGSU,41.644903,-70.499019
JAGUX,38.275569,-76.320236
JAIKE,39.787433,-75.607092
JAITE,42.296628,-70.709825
JAJAE,36.776792,-76.344189
JAKRR,43.236753,-77.010333
JAKUT,43.360728,-72.131994
JALMI,44.106347,-69.777461
JALTO,39.901367,-75.091261
JALVI,41.383478,-79.580294
JALWE,42.886886,-78.679367
JAM01,49.717628,-2.124194
JAM02,49.696161,-2.301944
JAMCA,40.4844,-73.662558
JAMDI,43.116792,-75.856586
JAMIE,37.605717,-75.963558
JAMLU,43.006342,-75.949908
JAMMA,43.269964,-72.586286
JAMOD,39.059667,-75.344719
JANAG,42.115511,-70.122711
JANDU,40.203883,-79.198489
JANET,36.924722,-74.750833
JANID,41.837628,-72.819986
JANIR,41.423669,-70.212847
JANJO,54.033333,-57.0
JANNA,39.542444,-72.274492
JANOB,43.846367,-70.387283
JANOL,41.463519,-72.809575
JANOV,39.778992,-74.645214
JANOW,44.895175,-76.023597
JANUD,44.246861,-72.790219
JAPDU,40.165189,-74.144756
JAPEN,40.224517,-75.288844
JAPIR,40.867408,-74.058258
JAPMI,38.376283,-78.969558
JAPUT,42.472572,-73.660061
JARAF,40.51755,-77.875283
JARAL,38.811378,-77.033706
JARBA,39.764842,-78.020767
JARBU,45.638619,-70.382236
JAREM,44.392578,-70.512719
JAREV,40.700894,-75.769969
JARHD,38.499922,-78.852389
JARIT,40.714042,-74.389031
JAROM,44.166667,-54.883333
JARRI,65.205267,-17.990533
JARRY,39.161883,-77.690722
JARTA,40.11395,-74.450911
JARVO,41.731275,-78.540464
JASAI,38.301647,-78.237067
JASAR,42.448392,-77.707342
JASDU,43.70355,-73.407986
JASEN,39.060694,-77.868108
JASOG,40.971061,-77.101394
JASRA,37.381061,-78.172422
JASSI,37.281667,-76.2
JASUK,35.091347,-78.190564
JASUX,36.593033,-78.582683
JATEV,40.741139,-73.027108
JATIR,38.423883,-79.024722
JAVDA,36.735056,-75.837564
JAVIK,38.362653,-77.416553
JAVIX,35.332228,-77.989289
JAVLU,36.746106,-76.116636
JAVTU,43.083533,-75.955408
JAVUN,45.752017,-69.952117
JAVVA,36.781539,-79.305792
JAWAN,37.091558,-76.335556
JAWZZ,41.402244,-70.842569
JAXSN,36.710617,-78.789808
JAXUM,39.597972,-79.222156
JAXYN,42.895536,-78.788406
JAYBO,38.854769,-76.023431
JAYHA,41.733206,-70.440422
JAYHO,44.761775,-67.798078
JAYNA,41.821083,-71.203778
JAYOH,38.550086,-76.931628
JAYRR,36.009083,-79.375756
JAYSE,42.458822,-71.160747
JAYSI,37.030114,-75.069608
JAYYE,37.560786,-79.734883
JB09F,49.431044,-2.745836
JB27F,49.438681,-2.464147
JB27I,49.441975,-2.336722
JBAAY,37.715914,-77.390653
JBE01,49.438,-2.490678
JBE02,49.478414,-2.475336
JBE03,49.438747,-2.462869
JBE04,49.381317,-2.478072
JBM01,49.438142,-2.484414
JBM02,49.388231,-2.481167
JBM03,49.386086,-2.557622
JBM04,49.430914,-2.745017
JBM05,49.495794,-2.749422
JBM06,49.498122,-2.667692
JBS01,49.179467,-2.531308
JBW01,49.430572,-2.757761
JBW02,49.492522,-2.720222
JBW03,49.430311,-2.766569
JBW04,49.366486,-2.706425
JCOBY,39.136269,-77.172444
JDAWG,40.94415,-73.854936
JDUBB,38.299836,-77.649933
JEANY,36.4179,-79.369158
JEBAT,36.861681,-75.987797
JEBBY,43.072222,-57.868056
JEBEM,43.180358,-77.857517
JEBIM,41.599508,-70.55695
JEBIV,45.647572,-68.374303
JEBIX,35.990861,-78.360914
JEDAR,42.967803,-78.587089
JEDEL,37.34715,-77.482575
JEDIL,41.00265,-73.879808
JEDNO,40.711008,-73.932139
JEDOB,39.258194,-74.716067
JEDSO,36.331711,-76.091547
JEEET,41.852883,-71.496361
JEENO,40.708719,-74.285397
JEEVY,37.454022,-79.904247
JEFCO,37.089422,-76.571906
JEFFB,40.584728,-74.159686
JEFFF,41.246217,-74.462025
JEFFR,36.99015,-76.385314
JEFSN,38.604597,-77.440836
JEGDO,42.772189,-71.200125
JEGEG,36.081969,-79.930989
JEGUB,47.096267,-67.915356
JEGUD,35.559475,-79.706242
JEGUX,36.548442,-79.284497
JEKBI,40.0426,-77.153603
JEKDI,42.0736,-70.548608
JEKEG,43.0269,-72.1641
JEKEP,40.157633,-75.230289
JEKID,42.199772,-76.105239
JEKIK,40.4372,-79.814442
JEKOP,42.611175,-73.316764
JEKOT,38.905283,-79.962878
JEKUR,41.045789,-78.180836
JEKVO,39.690083,-75.548911
JELCO,60.7,-67.0
JELEB,36.24995,-79.741403
JELEP,41.053361,-78.843219
JELIK,35.349431,-75.919128
JELIV,40.285533,-76.573867
JELSA,42.015972,-72.694925
JELUB,47.311183,-68.391814
JEMIP,40.910022,-76.62855
JEMKA,42.980747,-76.241828
JEMMY,35.886133,-78.932811
JEMSO,41.988422,-76.528278
JEMUV,44.2702,-72.161767
JENAA,42.574444,-70.731667
JENAB,43.357611,-73.609503
JENAX,44.241906,-73.245153
JENBE,42.178914,-72.024208
JENDI,42.622317,-71.133917
JENER,40.100661,-79.038417
JENGA,39.276669,-74.411619
JENIE,38.899939,-79.860403
JENNO,41.152925,-75.331408
JENOK,38.569864,-76.242592
JENTA,38.358997,-77.343989
JENYY,39.9376,-68.112617
JEPUG,39.681625,-75.134047
JERDA,43.198169,-75.356714
JEREB,36.139172,-77.672292
JERED,44.988133,-69.256772
JERSE,40.731408,-74.362281
JERSY,40.791386,-74.399444
JERYY,40.319553,-74.623242
JERZY,40.41065,-74.231533
JESBI,43.649567,-75.812011
JESBO,41.190833,-79.700672
JESOD,43.960328,-69.132372
JESTY,37.407567,-77.357053
JESUL,44.488647,-68.33865
JETAM,46.734583,-67.762153
JETAX,40.922583,-73.596503
JETER,38.693333,-73.984722
JETIT,37.071783,-76.606756
JETIX,41.897081,-72.742317
JETMO,38.968208,-77.573686
JETNA,38.887708,-76.511678
JETOR,40.401019,-74.410819
JETTZ,40.659722,-75.378889
JETVY,40.709278,-74.278958
JETZI,51.507525,-3.869983
JETZO,35.843175,-76.658456
JEVGA,38.903017,-77.086772
JEVNI,40.663147,-73.802117
JEVRT,40.440164,-78.830614
JEWCE,39.282,-77.327833
JEWIT,41.696089,-71.825883
JEWLR,43.033461,-77.548936
JEXAT,44.886425,-66.967675
JEXEN,44.281628,-70.676928
JFFFF,44.439694,-74.534047
JFRSN,36.725483,-77.515864
JFSON,40.323658,-78.680928
JFUND,42.586483,-71.821092
JHALL,37.048125,-76.051239
JHNSN,38.157131,-79.613211
JHONY,39.562258,-77.195583
JIBEK,41.849339,-77.246236
JIBGO,41.301475,-76.571872
JIBNA,51.442053,-57.186122
JIBOT,41.861186,-74.956331
JIDAB,40.940144,-73.027203
JIDIN,40.752072,-78.016778
JIDNO,37.125678,-78.097903
JIDOM,35.237439,-76.923739
JIDPI,39.996139,-74.186472
JIDPU,41.5143,-75.572911
JIDSO,44.386056,-73.013253
JIDUP,42.901822,-78.729297
JIGIB,44.127481,-76.011028
JIGUP,39.881197,-75.579425
JIGZY,45.104564,-70.993694
JIHDI,35.471103,-78.427358
JIHUN,41.742536,-73.943825
JIKIR,35.099447,-77.020053
JIKON,35.184719,-75.706989
JIKOR,43.843914,-72.370547
JIKUK,41.587847,-71.582086
JILAR,37.308019,-78.460658
JILKU,42.108528,-78.092953
JILLI,39.011728,-75.096169
JILUB,40.479128,-75.136889
JIMAR,36.295019,-77.90605
JIMBE,38.128011,-77.190744
JIMBU,45.537236,-69.878153
JIMDU,40.055825,-74.320014
JIMEE,39.816981,-74.153806
JIMEN,45.344297,-66.164142
JIMEX,43.222303,-72.631433
JIMIL,36.486978,-79.369006
JIMLO,40.758542,-74.069925
JIMME,39.004167,-77.333056
JIMMY,37.055197,-76.062822
JIMUG,42.799192,-71.812422
JIMUM,41.217114,-78.800119
JIMVE,39.433933,-79.184258
JIMYV,35.414631,-79.287989
JINET,40.40005,-74.543986
JINIR,38.977256,-74.905417
JINLU,39.535919,-78.843494
JIPDO,44.408406,-72.719556
JIPKE,39.433767,-75.690436
JIPSI,36.213586,-78.150156
JIRBO,41.0464,-74.152158
JIRET,39.504764,-76.303078
JIRLA,39.013567,-77.89265
JIRMO,39.511797,-78.812889
JIROX,39.305925,-78.879903
JIRUN,40.993647,-73.650692
JISAG,41.204044,-75.844308
JISAT,42.358583,-76.174578
JISEL,39.513022,-73.675164
JISMI,42.467367,-71.252311
JISOT,36.216419,-79.368808
JISTO,40.513186,-75.668803
JISUR,39.421639,-74.921175
JITGU,37.381461,-79.221247
JITIV,38.092353,-78.476681
JIVAL,41.188314,-76.665342
JIVED,36.890539,-76.770336
JIVMI,39.358733,-76.458511
JIXOX,37.401089,-79.150875
JJ08F,49.195892,-2.339147
JJ26F,49.219961,-2.051906
JJE01,49.220322,-2.046225
JJE02,49.262742,-2.043983
JJIMY,42.417803,-71.156406
JJM01,49.215428,-2.105231
JJM02,49.132817,-2.089381
JJM03,49.201444,-2.273153
JJM04,49.119267,-2.257086
JJW01,49.195567,-2.343339
JJW02,49.261103,-2.325186
JKLNE,40.633597,-74.076836
JLENN,39.178122,-76.755053
JLIET,43.109403,-76.807008
JMATZ,38.566147,-77.647128
JMMIE,44.362439,-74.344314
JNALL,35.609753,-78.353775
JNF24,69.326658,-50.886072
JNFER,44.661211,-74.209142
JNI24,69.380336,-50.775156
JNIFR,38.807503,-79.911728
JNJEN,39.271469,-76.088386
JNKAL,42.994753,-78.829344
JOANE,40.044022,-76.455944
JOANZ,38.061197,-78.315217
JOBAP,41.328703,-70.154625
JOBAR,39.273278,-76.43075
JOBBY,44.409594,-71.078642
JOBEB,41.958992,-70.476067
JOBEE,42.178322,-70.992264
JOBOC,40.116667,-67.0
JOBSI,43.496447,-76.574983
JOBTO,40.089969,-74.483092
JOCOL,42.593278,-5.3075
JOCRE,43.533889,-4.333333
JODIE,41.475053,-75.606544
JODIR,36.928425,-76.195397
JODKA,38.035989,-77.7222
JODLE,41.355225,-70.650806
JODOB,42.999622,-75.869331
JODOC,36.560592,-76.149897
JODOE,39.605381,-74.496097
JODOV,41.078633,-78.529208
JODSI,39.364933,-75.399683
JOEBE,35.460006,-78.4332
JOELL,40.71555,-74.490742
JOELO,35.058333,-74.5
JOEPO,39.899258,-74.860967
JOEYL,41.831908,-73.705344
JOGEG,43.829825,-75.603506
JOGIL,41.50225,-71.889086
JOGIM,43.3808,-73.325517
JOGIN,43.786197,-75.828339
JOGIR,39.559219,-74.822425
JOHNB,39.841539,-79.951858
JOHNE,40.963472,-73.400811
JOHNZ,42.723019,-71.682167
JOKEN,42.080886,-77.021219
JOKMI,40.778561,-74.617789
JOLIN,41.004558,-78.846808
JOLTY,35.999756,-78.792567
JOMET,39.841303,-77.274656
JOMGO,42.014217,-71.226325
JOMIL,40.764806,-74.446383
JOMIP,40.131078,-74.045425
JOMIV,40.949825,-77.674217
JOMUG,37.962931,-75.747558
JONAT,40.651442,-73.823517
JONEH,42.038333,-77.366667
JONGO,35.591856,-77.391333
JONIR,35.498019,-78.413092
JONJR,39.955022,-76.395806
JONLI,42.202303,-79.947089
JONNN,44.570475,-74.027489
JONOB,40.490417,-76.347786
JONSI,35.010225,-78.867975
JONVA,35.619444,-77.808672
JOODY,41.785381,-71.287564
JOOEY,38.005856,-79.976111
JOOLI,35.915336,-79.821178
JOOPY,48.5,-52.0
JOPAG,38.836944,-76.042169
JOPNO,38.221531,-76.296303
JOPOT,36.101086,-78.256803
JOPVU,42.482281,-71.413878
JORAB,43.589417,-72.365044
JORAR,44.954231,-74.060108
JORAX,43.156,-76.869731
JORBA,40.886281,-73.927044
JORDN,41.0547,-71.914628
JORGI,38.704372,-78.467675
JORLO,41.488206,-74.322503
JOROX,35.644461,-76.985219
JORTA,68.843056,-51.368056
JORUT,40.322017,-74.725639
JOSCH,35.281925,-77.867992
JOSEM,39.168706,-75.814094
JOSNI,41.422419,-73.386853
JOSRU,39.323931,-78.269239
JOSSY,42.891647,-77.043556
JOTIB,37.157269,-77.537569
JOTMO,36.549256,-77.42575
JOTOB,36.342183,-78.893128
JOTOV,42.908022,-73.623942
JOTRE,40.936478,-73.829275
JOTUP,39.220514,-77.619561
JOVAM,36.711175,-76.577306
JOVAP,66.948653,-53.136497
JOVIE,54.166667,-67.0
JOVKU,40.979581,-75.864439
JOVOL,38.667589,-75.912158
JOVUR,39.316494,-77.627453
JOXET,44.006222,-69.951742
JOXOX,39.195422,-77.211544
JOYED,43.328467,-72.166822
JOZMA,50.627261,-3.943172
JR001,36.582067,-6.139233
JR002,36.820122,-6.234281
JR003,37.35375,-6.1758
JR400,36.498306,-6.029333
JR404,47.659083,-0.009972
JR405,36.519806,-6.169417
JR410,47.549306,-0.414833
JR412,47.626639,-0.321778
JR415,36.814167,-5.797194
JR420,36.743528,-5.819278
JR500,47.569111,-0.227389
JR502,47.604472,-0.528389
JR504,47.5915,-0.650028
JR506,47.459917,-0.618889
JRAYE,37.236492,-75.987478
JRIZZ,40.175283,-73.897136
JROBB,37.947983,-77.575256
JRZ27,37.254639,-6.092864
JRZ29,37.288275,-6.087614
JSSIE,41.877758,-73.854981
JSTER,42.139397,-70.613189
JSTNN,43.017717,-71.492142
JTOWN,41.472556,-71.355631
JUBBB,42.423469,-70.976736
JUBEB,41.652983,-72.869239
JUBIL,40.782831,-73.667111
JUBIV,44.436436,-73.099289
JUBJI,37.462372,-76.447322
JUBLO,40.741206,-79.718294
JUBOL,38.898581,-77.069506
JUBUB,43.098775,-72.826803
JUDED,38.519208,-76.719775
JUDEY,40.436603,-78.682542
JUDGG,37.997686,-78.717719
JUDKO,39.312761,-74.796756
JUDLU,37.431472,-76.587678
JUDMU,41.978261,-70.952603
JUDOV,42.610458,-74.794103
JUDUM,39.088733,-79.263903
JUFOH,41.720856,-72.293047
JUGDO,41.747811,-70.368178
JUGGY,40.7359,-74.232797
JUGMO,39.175494,-76.222233
JUGPI,37.527567,-76.645769
JUGRO,36.681247,-76.192422
JUKBA,44.772728,-73.539053
JUKDU,38.339558,-76.329661
JUKIK,38.777117,-77.554336
JUKIR,42.901617,-78.192525
JUKLA,39.744497,-78.630575
JUKSA,44.957075,-68.724953
JUKUL,40.267017,-76.318517
JULAN,45.678725,-62.333594
JULEB,40.874117,-74.011222
JULET,72.761667,-68.6575
JULID,40.064594,-74.795647
JULNU,38.880783,-78.577342
JULSI,39.017414,-74.906361
JULUT,41.452353,-75.631703
JULYT,40.784986,-72.550392
JUMBO,41.241111,-8.623889
JUMDO,35.401269,-76.952058
JUMEP,40.133761,-79.653486
JUMGO,41.468136,-72.801669
JUMIT,36.177175,-75.708153
JUMIX,38.097014,-76.556083
JUMPE,38.855111,-76.875017
JUMPR,41.170928,-71.247083
JUMUM,40.831703,-73.055739
JUMUX,40.851869,-76.490267
JUMZI,52.328772,-0.408419
JUNCA,45.297378,-67.899533
JUNEL,44.503544,-73.202897
JUNEY,40.311236,-77.771156
JUNIA,40.014817,-75.112036
JUNKI,37.199753,-77.31665
JUNPU,42.680508,-72.286739
JUNYA,41.819639,-76.372297
JUPEV,42.915858,-74.081539
JUPOT,42.086178,-69.969194
JURAD,39.401131,-74.438233
JURDO,46.773833,-68.174561
JURGI,42.779156,-72.279183
JURGO,45.0857,-74.644308
JURIL,41.648264,-73.84895
JURKI,40.470494,-76.4898
JURTI,39.168453,-76.580292
JURUP,39.678922,-78.695889
JUSBO,37.240747,-76.721317
JUSIN,40.548911,-73.316275
JUSOV,41.787956,-70.749075
JUSPO,36.536064,-77.353886
JUTEK,44.732044,-73.190833
JUTRU,41.656747,-73.835094
JUTSO,36.310069,-79.812883
JUVAM,42.439392,-75.332817
JUVAR,40.505092,-79.545078
JUVBI,41.748319,-73.684958
JUVEL,61.302222,-46.236667
JUVIM,43.294825,-73.013325
JUVIN,43.446631,-70.221292
JUVKI,43.030544,-78.058361
JUVPO,37.304369,-77.154122
JUVUT,39.006792,-76.846125
JWALL,39.170658,-76.618522
JWASH,38.610994,-77.053928
K08LF,51.116392,-0.4318
K08RF,51.114792,-0.430022
KA02F,50.772369,-0.336758
KA20F,50.908725,-0.251467
KABKE,39.977617,-74.744364
KABVE,43.034411,-78.449431
KACGE,40.642886,-76.852947
KADCE,44.293311,-71.932
KAGEE,37.131044,-79.924172
KAGLY,63.5,-63.0
KAGPE,39.555367,-78.793472
KAGZI,42.123431,-72.619433
KAHNN,39.3044,-76.792533
KAHOE,39.721283,-75.361447
KAIJE,38.742997,-78.713464
KAION,38.359483,-78.445442
KAKLE,35.906975,-79.698197
KAKPE,45.519681,-69.708106
KALDA,37.841961,-75.626483
KALEC,38.356558,-78.093425
KALLI,37.465139,-77.647458
KALLY,41.533872,-73.921775
KAMJU,52.580597,-2.530706
KAMMI,37.907931,-76.908839
KAMPO,39.733333,-4.055389
KANEK,49.189003,-57.426567
KANFY,40.087636,-78.920133
KANIK,44.65,-76.956389
KANJI,41.717281,-70.9162
KANKE,39.906769,-75.086728
KANNI,42.633333,-67.0
KANOV,55.027164,-59.600997
KANSE,40.094581,-74.138572
KANUR,45.431389,-75.043611
KAPAM,46.854039,-65.686125
KAPAT,49.08495,-54.795381
KAPEP,44.297097,-76.60955
KAPEX,50.674917,-1.849944
KAPIX,45.1076,-74.800114
KAPOD,44.047286,-76.584781
KAPOM,45.654283,-74.295572
KAPOV,44.589856,-63.442869
KAPTN,38.928275,-76.4977
KAPUB,60.731808,-78.449819
KAPUV,56.400533,-61.908292
KAPUX,45.08,-79.75
KARAX,48.336839,-71.428775
KARBE,41.372386,-79.871178
KARBY,36.517869,-78.610756
KAREB,45.349892,-75.347339
KARMA,43.128444,-2.443528
KARNO,52.894319,-2.898347
KAROO,36.150386,-78.282981
KAROT,47.111411,-71.278925
KARUR,62.951772,-70.170058
KASAM,45.793342,-77.212769
KASDY,38.499214,-77.391669
KASIT,43.938661,-79.807364
KASLE,35.905925,-78.820456
KASOT,46.771975,-71.618653
KASTY,41.199642,-78.480047
KASUB,46.287619,-79.579583
KASVE,35.220689,-75.789661
KASYR,41.078486,-73.540103
KATAH,46.083333,-69.0
KATEC,42.829544,-78.481561
KATEK,44.679272,-75.539628
KATEM,48.554864,-70.939817
KATFI,35.021781,-77.0798
KATHH,39.546042,-76.957486
KATHI,43.109111,-78.8383
KATHY,50.520442,-1.333397
KATKE,40.354178,-79.579864
KATLO,45.296944,-63.050833
KATNA,53.364161,-60.103367
KATNI,44.08,-77.323
KATPA,52.703122,-67.007447
KATRN,38.681639,-77.020658
KATRU,58.760294,-66.095222
KATTE,40.800206,-73.6963
KATVE,40.3972,-75.699386
KATVI,47.707175,-52.770397
KAVAT,46.654314,-71.589964
KAVBI,46.949403,-71.321339
KAVEP,48.016814,-79.017375
KAVGY,39.939283,-79.207833
KAVKA,45.241789,-65.9463
KAVLI,50.125561,-63.803747
KAVMU,48.530983,-69.911208
KAVNO,45.678058,-74.159978
KAVOL,45.764494,-72.893247
KAVPI,43.499517,-79.851675
KAVRI,45.656792,-61.642186
KAVSU,44.978667,-74.932833
KAXAB,50.1572,-66.518775
KAXAT,46.3024,-72.723772
KAXAX,48.582036,-68.320806
KAXIN,45.008789,-63.465903
KAXIR,45.346903,-71.455731
KAXOL,43.208889,-79.0475
KAXOM,48.326794,-70.642247
KAXON,53.568297,-76.319594
KAXUM,53.310789,-55.612931
KAYAK,64.225,-39.995556
KAYCC,43.539472,-70.860447
KAYLO,40.065353,-73.95195
KAYNE,40.424281,-75.640944
KAYYT,38.877178,-67.572858
KB03E,45.5,-70.0
KB03F,51.279858,-0.006778
KB03G,45.5,-68.0
KB06E,46.0,-70.0
KB06G,46.0,-68.0
KB09E,46.5,-70.0
KB09G,46.5,-68.0
KB12G,47.0,-68.0
KB63C,40.5,-72.0
KB66C,41.0,-72.0
KB66E,41.0,-70.0
KB69A,41.5,-74.0
KB69C,41.5,-72.0
KB69E,41.5,-70.0
KB69G,41.5,-68.0
KB72A,42.0,-74.0
KB72C,42.0,-72.0
KB72E,42.0,-70.0
KB72G,42.0,-68.0
KB75A,42.5,-74.0
KB75C,42.5,-72.0
KB75E,42.5,-70.0
KB75G,42.5,-68.0
KB75Y,42.5,-76.0
KB78A,43.0,-74.0
KB78C,43.0,-72.0
KB78E,43.0,-70.0
KB78G,43.0,-68.0
KB78Y,43.0,-76.0
KB81A,43.5,-74.0
KB81C,43.5,-72.0
KB81E,43.5,-70.0
KB81G,43.5,-68.0
KB81Y,43.5,-76.0
KB84A,44.0,-74.0
KB84C,44.0,-72.0
KB84E,44.0,-70.0
KB84G,44.0,-68.0
KB84Y,44.0,-76.0
KB87A,44.5,-74.0
KB87C,44.5,-72.0
KB87E,44.5,-70.0
KB87G,44.5,-68.0
KB90C,45.0,-72.0
KB90E,45.0,-70.0
KB90G,45.0,-68.0
KBASH,41.619339,-74.507561
KBW01,51.258006,-0.105886
KBW21,51.300033,-0.073778
KC57U,39.5,-80.0
KC60U,40.0,-80.0
KC60W,40.0,-78.0
KC63U,40.5,-80.0
KC63W,40.5,-78.0
KC66U,41.0,-80.0
KC69U,41.5,-80.0
KC69W,41.5,-78.0
KC72U,42.0,-80.0
KC72W,42.0,-78.0
KC75W,42.5,-78.0
KC78W,43.0,-78.0
KC81W,43.5,-78.0
KEAND,44.958911,-67.105606
KEAVR,41.191178,-74.242683
KEBAG,47.57545,-69.582597
KEBDA,64.341322,-76.860686
KEBGO,45.274722,-73.199444
KEBIG,45.990833,-70.858333
KEBLE,39.870875,-74.803903
KEBLU,53.641911,-57.141869
KEBNI,49.265678,-57.7044
KEBNU,45.694531,-74.152883
KEBOB,45.318886,-76.578994
KEBON,43.686111,-79.771944
KEBOT,44.986408,-63.377217
KEBTY,43.778392,-69.846778
KEBUN,56.458244,-76.533578
KECEN,35.213703,-78.968403
KECKE,43.307672,-77.518194
KECNE,39.740847,-77.868233
KEDAL,53.518961,-60.769528
KEDAP,48.612481,-71.085097
KEDBA,46.132422,-64.828294
KEDBO,58.654817,-65.640258
KEDBU,43.044917,-79.740636
KEDEB,49.303339,-57.243464
KEDID,45.273992,-71.512881
KEDIV,46.725392,-71.528314
KEDNI,45.122525,-65.112442
KEDNO,45.680611,-74.184753
KEDNU,48.284425,-70.970472
KEDRO,43.463064,-79.908006
KEDSI,43.835833,-79.661111
KEDSO,51.957097,-65.770075
KEDSU,43.482681,-79.224175
KEEPM,40.837436,-73.545161
KEESE,44.517747,-73.533875
KEESH,39.510647,-78.402261
KEEYY,39.211989,-76.471006
KEFOP,66.897314,-51.248683
KEGBU,51.410231,-55.917292
KEGDA,45.244064,-73.486408
KEGDU,43.5953,-79.475597
KEGMA,55.054422,-59.262267
KEGME,37.477772,-77.150419
KEGNA,48.061356,-70.866742
KEGNU,43.941878,-65.944508
KEGRI,45.024167,-65.550278
KEGSA,46.292933,-79.402272
KEGSO,60.240756,-77.203281
KEGTA,46.516097,-70.724442
KEGTI,61.643422,-72.118778
KEGTO,47.707147,-52.856397
KEGUN,53.192472,-3.150375
KEHSO,40.213497,-75.1536
KEKAG,41.501861,-0.650917
KEKBE,35.643864,-77.249419
KEKDA,49.12845,-54.507706
KEKDI,44.011942,-66.012675
KEKLI,71.342297,-79.441394
KEKLO,53.778,-73.550897
KEKLU,43.486131,-79.392694
KEKNA,50.159011,-65.960658
KEKNU,66.160944,-66.253142
KEKVO,54.953389,-66.958689
KEKVU,47.774572,-79.6189
KELCE,37.185106,-77.916314
KELDI,55.909233,-61.0809
KELDO,44.427203,-76.771644
KELEE,39.838125,-75.388458
KELGI,48.426861,-72.003361
KELGU,48.943158,-54.856825
KELIE,42.660367,-77.744736
KELIK,38.491944,-9.006389
KELLE,37.179525,-77.8052
KELLY,53.905408,-4.364033
KELME,43.646528,-70.336
KELMU,59.169167,-80.0
KELNO,45.131567,-64.189561
KELPU,57.908228,-68.736158
KELSA,51.285247,-58.704839
KELSU,44.577467,-75.801142
KELTI,43.2825,-78.933333
KELTU,47.454519,-68.177017
KELUV,55.526711,-6.065925
KELUX,71.0,-53.336389
KELVI,45.04,-74.214722
KEMAO,36.665056,-6.555028
KEMAR,39.562581,-77.267214
KEMBI,54.614758,-66.77685
KEMBU,50.332797,-60.391872
KEMLI,58.532872,-65.85675
KEMLO,45.710622,-72.560814
KEMLU,45.403442,-75.849261
KEMMP,39.110067,-76.6123
KEMPI,62.10705,-75.685797
KEMPR,36.749456,-76.488756
KEMRI,43.558528,-79.771983
KEMRO,45.219739,-65.972694
KEMSA,56.8375,-80.0
KEMTI,45.150383,-79.618114
KEMUR,46.960861,-2.286028
KEMVI,45.257614,-75.359564
KENAD,41.746797,-70.373289
KENAT,42.644197,-71.854542
KENBU,45.161778,-67.117181
KENCH,35.832997,-78.690856
KENDA,39.352969,-70.499447
KENEE,42.498214,-71.254478
KENET,51.520556,-1.455
KENIR,35.873678,-77.345339
KENKI,65.0,-63.0
KENLO,46.681903,-71.156639
KENLU,44.321389,-79.214722
KENNI,37.863256,-78.594119
KENPU,43.604281,-79.812869
KENPY,42.099539,-71.341836
KENRA,55.210131,-77.80525
KENSU,45.977222,-65.944722
KENTE,41.541494,-71.579147
KENVI,51.720203,-76.454814
KENWI,42.159692,-70.940831
KENZY,42.144911,-71.626056
KEPAD,52.809836,-2.478967
KEPKA,44.9297,-65.187186
KEPKI,48.61685,-78.551169
KEPMI,45.507142,-65.92345
KEPMU,58.423089,-78.175919
KEPOR,53.17125,-6.366861
KEPRA,62.239778,-78.090378
KEPRE,44.241597,-72.824431
KEPSA,48.381242,-78.581225
KEPSO,43.513383,-79.954481
KEPTA,43.323611,-78.75
KERAK,47.82225,-3.152056
KERAV,53.628528,-5.765917
KERBU,58.475678,-69.989819
KERDU,45.564247,-73.435439
KEREB,47.591389,-4.524722
KEREX,52.149528,-9.67425
KERIR,63.947494,-21.675978
KERKO,60.186408,-69.945278
KERLA,43.724217,-65.923722
KERMU,52.485086,-66.687383
KERNA,46.103544,-76.062256
KERNO,39.310069,-76.043033
KERNU,48.175683,-78.069297
KERPA,46.513728,-63.758467
KERPU,43.624581,-79.735919
KERRE,38.641939,-78.532383
KERRI,41.843747,-74.737481
KERRK,38.176047,-78.393294
KERSY,43.360439,-71.770164
KERTO,52.755169,-56.140536
KERVE,48.60075,-3.796111
KERVO,45.444931,-70.650769
KERYN,40.377831,-76.272392
KESBU,44.701353,-75.699119
KESDI,52.305594,-55.934903
KESDO,47.471028,-61.690114
KESEG,60.016111,-6.015556
KESIX,56.95,-14.0
KESKA,45.614444,-74.146667
KESKU,51.497711,-57.139692
KESLA,47.558228,-52.651686
KESLU,47.497944,-70.486283
KESMO,44.900147,-63.3498
KESRI,58.520733,-77.977767
KESTI,45.698894,-67.784447
KESTO,52.778058,-55.873219
KESTY,40.981381,-73.708058
KESVE,43.085108,-78.614383
KESVU,46.215644,-62.892119
KETGA,55.324722,-60.435825
KETGU,45.742258,-61.693622
KETIK,49.323333,-1.873056
KETKU,44.823061,-79.148697
KETLA,62.466667,-58.0
KETMU,52.665525,-76.377714
KETPE,40.03045,-74.562775
KETRU,46.453639,-72.52235
KETVI,43.805103,-79.407953
KETVU,45.395258,-73.593883
KEVBA,46.532975,-79.479231
KEVDO,70.58875,-68.029758
KEVGO,43.776242,-78.693197
KEVIA,39.425158,-75.909028
KEVLA,44.996206,-75.856808
KEVLE,45.782158,-69.775256
KEVLU,44.422778,-64.183333
KEVNO,43.758644,-79.630969
KEVPI,48.990883,-67.240994
KEVVN,39.261406,-76.752553
KEWER,40.496947,-78.245025
KEXME,40.302167,-3.391056
KEYED,41.014292,-72.692178
KEYEK,43.355828,-72.017883
KEYER,39.464803,-78.728361
KEYNN,42.794442,-72.291764
KEYTH,40.745289,-73.831964
KEZPI,53.951306,-8.468306
KEZUP,43.474875,-72.525103
KF102,64.093403,-20.781617
KF103,64.002339,-20.946658
KF113,63.675011,-21.560628
KF121,63.643211,-21.846625
KF122,63.761444,-21.999631
KF124,63.822328,-21.452622
KF125,63.925653,-21.802239
KF127,63.970369,-21.289575
KF131,64.0945,-21.513539
KF132,64.043025,-21.740881
KF148,64.075336,-21.980261
KF149,64.122272,-22.218056
KF151,63.628775,-21.765789
KF152,64.194272,-21.941528
KF154,63.980947,-22.174153
KF155,64.093703,-22.307278
KF156,63.666394,-21.075072
KF157,64.177758,-22.200483
KF158,63.917844,-21.790428
KF159,64.015797,-22.077483
KF166,63.535106,-23.764747
KF181,63.724075,-23.196636
KF182,64.204381,-22.461386
KF183,64.183281,-22.916167
KF184,63.91715,-21.373394
KF185,63.891125,-22.11665
KF186,63.882689,-22.336208
KF187,63.864589,-22.914075
KF189,63.690628,-21.456208
KF211,64.063003,-22.415714
KF214,63.716575,-21.923078
KF215,63.564117,-21.640522
KF218,64.063308,-22.605378
KF221,63.930364,-22.094583
KF222,63.890158,-21.85195
KF223,63.843844,-21.576336
KF224,63.805053,-21.232967
KF234,64.109775,-20.751794
KF235,63.984936,-22.794961
KF236,63.901875,-22.794431
KF239,63.750881,-21.683383
KF241,63.723839,-22.043958
KF242,63.615756,-21.691297
KF243,63.504531,-21.333928
KF244,63.837281,-22.006289
KF245,63.807161,-21.473508
KF246,63.779192,-21.008442
KF248,64.069406,-20.581444
KF252,63.847611,-21.068228
KF253,64.084717,-21.206872
KF255,63.984958,-22.776047
KF259,64.217053,-23.605839
KF261,64.057622,-23.908497
KF266,64.181139,-23.559525
KF267,64.062253,-23.138747
KF272,63.984922,-22.428997
KF273,64.067983,-22.428692
KF279,63.935922,-24.087103
KF285,63.893036,-22.605508
KF289,63.893569,-22.794011
KF301,64.200614,-20.585467
KF319,63.852808,-21.581914
KF328,63.978794,-21.707561
KF329,64.214444,-20.892272
KF372,63.774836,-22.390469
KF379,63.737322,-22.107475
KF381,63.775464,-22.111794
KF382,63.407158,-21.789256
KF383,63.966156,-21.132672
KF384,63.857369,-21.525203
KF385,63.842392,-21.710328
KF386,63.545772,-21.948444
KF387,63.621278,-22.094472
KF388,63.692322,-22.232856
KF416,63.90195,-21.774025
KF417,63.762831,-21.234453
KF419,64.086258,-21.673361
KF433,64.101428,-21.106233
KF437,63.894514,-22.511722
KF438,64.030447,-21.637819
KF439,63.866608,-21.598369
KF440,64.08655,-22.826903
KF441,64.101619,-23.169325
KF445,64.077319,-22.625953
KF449,63.794911,-23.507483
KF450,63.524006,-22.152139
KF451,63.872847,-21.785706
KF452,64.040128,-21.628197
KF453,63.797586,-22.284628
KF454,63.7164,-22.245036
KF455,63.850975,-21.951761
KF456,63.689486,-21.664497
KF457,63.614361,-21.532325
KF459,63.663728,-21.887067
KF460,63.337739,-21.776486
KF461,63.228408,-21.739969
KF462,63.865278,-21.640108
KF463,63.882397,-21.409547
KF464,64.00255,-20.8812
KF465,63.676447,-22.322847
KF466,63.824869,-21.782342
KF467,63.820856,-22.2944
KF801,63.650678,-22.605694
KFI01,63.804025,-22.605575
KFI10,63.984572,-22.986753
KFI19,64.134681,-22.605322
KFI28,63.984553,-22.241558
KFOXX,44.894511,-74.961989
KFT10,63.984958,-22.459233
KFV4A,63.663056,-21.300833
KHOOD,37.882011,-77.697658
KHORT,39.177172,-76.732242
KIACK,40.8629,-76.659689
KIBBE,42.104425,-72.469772
KIBGE,41.016842,-73.668403
KICOZ,53.407667,-6.666778
KICPE,44.119525,-75.808294
KIDLI,51.771389,-1.361353
KIETH,40.108778,-68.364083
KIGUW,43.109367,-78.866508
KIKKR,39.323886,-78.567533
KILBE,37.111089,-79.341992
KILMA,40.486028,-74.40245
KILMR,38.731036,-78.376422
KILVA,39.0,-2.915
KIMBA,39.102264,-74.906475
KIMBO,43.937908,-75.768458
KIMIE,44.516056,-73.819586
KIMKE,40.796694,-75.182589
KINAV,45.816842,-66.731981
KINER,36.574231,-68.287447
KINFA,45.006733,-68.633364
KINGG,38.138811,-70.359981
KINIP,46.330647,-60.102586
KINIT,52.787722,-72.144714
KINKE,37.6237,-76.991828
KINSE,37.746342,-75.998331
KIPAD,45.696389,-72.808889
KIPEG,60.124714,-77.321042
KIPIX,43.989964,-79.140778
KIPOP,48.018142,-66.496933
KIPOT,43.712353,-65.905997
KIPPI,39.943872,-77.104731
KIPUN,72.467333,-77.969864
KIPWI,52.132597,-3.178297
KIRAA,42.275411,-71.128272
KIREM,56.536903,-79.250125
KIREX,43.723894,-79.526469
KIREY,45.050578,-70.83465
KIRGE,39.542586,-79.926908
KIRIB,45.976919,-72.232978
KIRKK,39.555417,-75.753172
KIROT,45.4051,-79.9216
KIRUB,44.374881,-79.847631
KIRUX,45.883364,-66.554667
KISAP,50.268864,-60.948497
KISCU,36.736139,-4.335667
KISEP,44.315278,-79.941389
KISGE,39.054453,-75.355828
KISHA,53.483806,-5.639333
KISIK,46.834308,-71.331544
KISIM,45.923517,-66.526711
KISUB,45.914144,-63.551294
KISUK,45.894817,-74.917583
KISUV,48.612131,-68.208861
KISWO,52.624211,-3.140136
KITAP,62.411667,-47.995833
KITAV,43.934661,-59.749364
KITEP,56.463678,-76.532511
KITFE,51.735358,-2.120983
KITHE,39.809869,-76.2967
KITOP,46.79,-71.487222
KITTE,36.034006,-75.776442
KIVAV,53.287025,-60.488539
KIVAX,50.108294,-61.548875
KIVEX,47.625569,-52.588536
KIVOL,55.4493,-77.671617
KIVOM,49.118256,-68.325278
KIVOR,44.028042,-78.651464
KIVRE,42.664142,-78.809714
KIVUN,43.748386,-79.099514
KIWCE,37.327367,-78.252422
KIWI,48.258878,-70.769611
KIWIE,40.712783,-73.825903
KIWII,36.582475,-78.667756
KIXIR,44.148339,-76.344389
KIXIT,44.805456,-63.138533
KIXLO,42.046814,-72.049025
KIYBE,41.057283,-73.471983
KIYEC,37.641753,-78.717117
KIYEG,40.887417,-74.308117
KIYEK,35.03355,-77.058603
KIZEV,37.576944,-8.167778
KJOHN,44.2125,-71.749444
KKE02,51.164736,-0.069481
KKE03,51.166111,-0.059472
KKE04,51.168994,-0.038564
KKE05,51.168306,-0.04325
KKF10,65.560844,-37.413969
KKF41,65.555308,-36.857967
KKI10,65.529969,-37.587039
KKM10,65.569133,-37.227064
KKM41,65.574294,-37.0707
KKN09,51.231417,-0.065361
KKONG,39.8469,-74.013606
KKS06,51.072997,-0.295653
KKS08,51.095778,-0.035889
KKS09,51.063172,-0.178706
KKS11,51.078453,-0.418267
KKS12,51.031972,-0.005667
KKS13,51.034739,-0.373092
KKS14,51.053236,-0.114511
KKS17,51.006314,-0.409097
KKS19,50.958172,-0.233892
KKS20,50.923342,-0.398581
KKS21,50.936267,-0.194206
KKS25,50.832867,-0.38715
KKW04,51.13075,-0.315917
KKW06,51.123914,-0.364925
KKW07,51.121444,-0.383333
KKW08,51.115789,-0.423022
KKW09,51.115083,-0.428972
KKW10,51.113511,-0.439264
KKW11,51.060786,-0.420617
KKW19,51.199444,-0.342861
KKW28,51.0145,-0.917078
KKW41,51.001333,-0.473194
KKW44,51.059125,-0.963944
KLAKI,50.371275,-3.131706
KLANE,42.414106,-70.680581
KLATU,40.466528,-75.648303
KLEBB,42.108411,-70.616133
KLOND,40.222219,-74.714203
KLOOF,39.846986,-76.830544
KLUMM,36.938594,-76.267044
KLUMP,43.000308,-78.650919
KLUTE,36.39,-79.766364
KLUTZ,41.2998,-71.891719
KLYDE,42.259506,-72.683458
KMANN,40.686089,-73.14215
KMBER,41.787269,-73.792758
KMCHI,40.625322,-74.043967
KN001,53.886417,-9.019861
KN004,53.959639,-9.117556
KN005,53.820333,-8.58
KN011,53.913861,-8.78775
KN012,53.905222,-8.862139
KN279,53.905861,-8.853722
KN280,53.913972,-8.784889
KN281,53.919472,-8.752361
KN284,53.989583,-8.331556
KN285,53.914222,-8.785167
KN286,53.924222,-8.699889
KN289,53.922056,-8.718389
KN291,53.853056,-8.435167
KN45C,37.5,-72.0
KN48A,38.0,-74.0
KN48C,38.0,-72.0
KN51A,38.5,-74.0
KN51C,38.5,-72.0
KN51E,38.5,-70.0
KN54C,39.0,-72.0
KN54E,39.0,-70.0
KN54G,39.0,-68.0
KN57C,39.5,-72.0
KN57E,39.5,-70.0
KN57G,39.5,-68.0
KN60C,40.0,-72.0
KN60E,40.0,-70.0
KN60G,40.0,-68.0
KN60Y,40.0,-76.0
KN63A,40.5,-74.0
KN63E,40.5,-70.0
KN63G,40.5,-68.0
KN63Y,40.5,-76.0
KN66A,41.0,-74.0
KN66G,41.0,-68.0
KN66W,41.0,-78.0
KN66Y,41.0,-76.0
KN697,53.774611,-8.981694
KN698,53.998222,-9.05825
KN69Y,41.5,-76.0
KN72Y,42.0,-76.0
KNDCR,44.447411,-69.88855
KNISH,43.018336,-75.773092
KNOLL,37.256989,-79.925211
KNOTY,38.974039,-76.864094
KNUCK,39.032125,-77.792717
KNUKK,38.896192,-74.757403
KNUXX,41.407844,-73.631406
KOBAD,60.779006,-78.286678
KOBAG,47.258694,-67.792761
KOBAH,38.878572,-79.869378
KOBAL,43.606544,-79.762019
KOBBI,51.687158,-0.155094
KOBEK,45.925056,-70.846039
KOBIB,66.316669,-65.872981
KOBPE,35.4669,-78.8482
KOCBU,48.176722,-4.518528
KOCEC,40.611614,-75.361797
KOCET,44.733067,-75.175164
KODAL,43.654722,-79.035
KODEX,45.066389,-75.209444
KODEY,42.279869,-75.784444
KODIB,50.292689,-65.974933
KODIK,53.466667,-57.2
KODOB,48.504208,-68.451856
KOECK,37.225889,-79.266558
KOGAD,49.5,-15.0
KOGAG,64.631111,-47.0
KOGAX,53.571833,-5.63725
KOGEY,44.848833,-74.918558
KOGOK,49.990611,-5.800656
KOGON,38.999722,-27.323056
KOHDE,42.492389,-3.239583
KOHOG,41.893317,-71.100475
KOKAL,58.959672,-2.893947
KOKER,39.905833,-33.733889
KOKIB,54.5,-14.0
KOKUL,65.788497,-23.990853
KOLAX,43.532389,-4.199556
KOLBY,40.073508,-77.043542
KOLEK,46.612778,-5.408056
KOLID,53.573806,-2.755619
KOLIG,46.391944,-5.346667
KOLIT,40.548611,-33.389167
KOLLI,40.913092,-74.252369
KOLLR,42.175,-78.954444
KOLVE,38.231344,-76.313408
KOMAG,51.726389,-8.615278
KOMER,52.849444,-6.833333
KOMIK,65.675194,-18.077872
KOMUT,38.0,-15.0
KONAA,41.431378,-75.643917
KONBE,41.93465,-78.823664
KONCH,51.8,-60.216667
KONDO,43.146942,-76.750478
KONFY,40.08015,-77.298956
KONIK,63.904672,-51.886303
KONJE,41.820694,-77.109283
KONKE,41.033333,-1.776944
KONRD,37.344397,-79.025908
KOOKI,35.906031,-76.69895
KOOLZ,38.916606,-76.563667
KOOPR,42.715342,-78.966342
KOORT,40.153011,-76.511572
KOOTH,42.198397,-79.361394
KOPAX,53.935667,-8.601444
KOPCE,39.607619,-74.514606
KOPIP,46.930833,-7.503889
KOPOM,39.0,-4.897778
KOPPY,40.417656,-72.927356
KOPUM,63.810147,-22.098542
KOPVE,43.795228,-72.959142
KORAK,53.395,-7.793056
KORAV,43.653111,-7.865583
KORDE,39.595442,-74.580103
KORER,47.685,-2.500833
KORNO,35.833333,-7.416667
KORNY,39.228911,-77.833961
KORRY,40.093842,-74.651544
KORUL,44.835278,-6.919722
KORXA,51.704003,-4.788522
KOSEL,37.754703,-2.793689
KOSHI,43.655453,-71.1421
KOSPE,43.240017,-73.186067
KOSSE,38.341117,-76.505344
KOTDE,44.421386,-73.070147
KOTEM,50.0,-1.053842
KOTEX,51.898861,-8.317139
KOTJI,44.766058,-73.53515
KOVAM,39.391667,-0.791111
KOVBE,36.972442,-78.181611
KOVEC,39.458964,-74.853975
KOVPE,36.230722,-78.729669
KOXIN,65.509722,-50.956389
KOXIP,51.825767,-1.931925
KOYEN,40.835653,-72.854422
KOZUL,38.6422,-79.882961
KRAAL,41.654625,-74.214642
KRABY,38.386428,-77.1627
KRAGY,52.119647,-4.948656
KRANK,44.857336,-69.402189
KRANN,41.855192,-71.123461
KRANT,38.918556,-76.965642
KRANY,36.931128,-76.484872
KRAZE,40.836983,-75.919675
KRAZZ,43.416667,-74.3
KREGG,36.852208,-77.421547
KREMM,43.031861,-75.660989
KRENE,39.349694,-76.814244
KRF36,65.566758,-19.509433
KRI36,65.460756,-19.469144
KRIZZ,39.909281,-74.583608
KROVE,35.028547,-77.256233
KROWL,42.111461,-73.7599
KRSTL,40.558722,-73.834972
KRT41,65.788878,-19.595053
KRT42,65.799258,-19.435192
KRUPP,43.93685,-76.125064
KRVER,39.608858,-76.089658
KSETT,37.765375,-77.392858
KSS28,58.014683,-2.971167
KT33U,35.5,-80.0
KT36U,36.0,-80.0
KTEEE,35.915461,-76.958458
KUBFA,41.678814,-77.913719
KUCAR,41.820006,-70.346461
KUCEC,37.302444,-79.216075
KUCEV,44.328475,-68.520717
KUDAG,54.005,-7.9875
KUDEC,36.340344,-78.249694
KUDEX,42.734333,-2.193056
KUDOM,53.4905,-5.553972
KUFOP,41.969625,-72.874706
KUGUR,55.5,-10.0
KUJUM,37.489847,-79.092044
KUKAK,68.199722,-53.0675
KUKAL,37.868611,-4.480833
KUKSE,39.147461,-77.574625
KUKVE,44.773394,-72.451306
KULEY,37.515125,-76.877658
KULPE,40.145856,-74.824336
KUMIL,50.575386,-1.610781
KUMUX,65.991531,-22.449683
KUNAX,40.831417,-2.939889
KUNDE,41.764292,-71.466769
KUNEN,36.831744,-2.840739
KUNHA,41.243297,-78.758422
KUNUG,71.949211,-22.868303
KUNUL,60.55,-42.633333
KUNVE,40.463853,-74.175589
KUPET,51.865767,-2.575217
KURBE,40.691872,-79.295058
KURKE,40.323831,-78.84195
KURLY,41.746086,-69.764378
KURNL,41.201306,-74.458436
KURTE,44.241897,-69.74315
KURTY,41.347869,-72.267856
KURUK,43.234111,-3.933417
KURUM,52.228639,-8.664583
KUSEG,55.045189,-2.006894
KUSLE,39.683636,-74.952725
KUSUR,64.345283,-21.767369
KUTEL,43.480889,-3.357556
KUTIX,43.822306,-5.968583
KUTSE,39.596489,-78.134828
KUVAN,43.111,-6.317
KUVIG,62.162369,-49.913436
KUVOX,58.083017,-7.606539
KUVTE,40.090703,-74.621103
KUXEM,53.253075,-2.679656
KUXUN,43.485306,-3.319889
KUZZZ,40.840719,-73.798739
KW30A,35.0,-74.0
KW30U,35.0,-80.0
KW30W,35.0,-78.0
KW30Y,35.0,-76.0
KW33A,35.5,-74.0
KW33W,35.5,-78.0
KW33Y,35.5,-76.0
KW36A,36.0,-74.0
KW36W,36.0,-78.0
KW36Y,36.0,-76.0
KW39A,36.5,-74.0
KW39U,36.5,-80.0
KW39W,36.5,-78.0
KW39Y,36.5,-76.0
KW42A,37.0,-74.0
KW42U,37.0,-80.0
KW42W,37.0,-78.0
KW42Y,37.0,-76.0
KW45A,37.5,-74.0
KW45U,37.5,-80.0
KW45W,37.5,-78.0
KW45Y,37.5,-76.0
KW48U,38.0,-80.0
KW48W,38.0,-78.0
KW48Y,38.0,-76.0
KW51U,38.5,-80.0
KW51W,38.5,-78.0
KW51Y,38.5,-76.0
KW54A,39.0,-74.0
KW54U,39.0,-80.0
KW54W,39.0,-78.0
KW54Y,39.0,-76.0
KW57A,39.5,-74.0
KW57W,39.5,-78.0
KW57Y,39.5,-76.0
KW60A,40.0,-74.0
KWIET,42.326233,-70.933128
KWITE,40.64425,-74.561661
KY001,52.158944,-9.641611
KY002,52.205306,-9.657833
KY003,52.103194,-9.572306
KY004,52.153833,-9.667361
KY005,52.06525,-9.622444
KY006,52.265778,-9.338139
KY007,52.20525,-9.40725
KY008,52.163167,-9.28025
KY009,52.243583,-9.329944
KY010,52.210306,-9.381444
KY011,52.179167,-9.262528
KY012,52.210472,-9.381472
KY013,52.199806,-9.432833
KY015,52.277944,-9.046417
KY017,52.186472,-9.497028
KY018,52.163389,-9.615528
KY019,52.332111,-9.189
KY020,52.189139,-9.113861
KY022,52.207056,-9.398028
KY023,52.290833,-9.4445
KYILL,39.9356,-75.380119
KYLIE,40.813678,-73.847317
KYLOH,43.064753,-71.229303
KYSKY,40.781319,-72.205958
KYTHE,39.707178,-78.276983
KYYLO,39.404225,-76.885603
L09LF,51.476681,-0.671061
L09RF,51.463983,-0.668647
L27LF,51.465389,-0.247917
L27RF,51.478117,-0.247128
LA150,38.925944,-27.262917
LA151,38.848583,-27.181639
LA152,38.685556,-27.011167
LA153,38.756194,-26.778528
LA154,38.953222,-26.757028
LA330,38.608,-26.930417
LA331,38.685528,-27.011139
LA332,38.843194,-27.176
LA333,38.996389,-26.979472
LA334,38.837528,-26.693639
LA34A,51.593206,-0.753517
LA34B,51.603042,-0.754956
LAAYK,41.475733,-75.482586
LAAZE,40.845558,-73.582772
LABAP,44.615,-0.833333
LABEL,43.784408,-70.764403
LABPI,39.118544,-76.518569
LABUL,48.299167,-1.889444
LABUR,37.416175,-77.387786
LACFA,40.454161,-76.526344
LACIE,41.554153,-76.140106
LACKO,41.92005,-70.464506
LACTA,38.991389,-27.336667
LADAV,48.292611,-0.897306
LADBE,39.899536,-74.328814
LADIE,39.367003,-75.197908
LADNE,45.197342,-68.384989
LADOC,44.681692,-63.652481
LADOX,38.947222,-28.021111
LADTI,42.743128,-71.090364
LAFAY,41.462561,-71.721231
LAFIT,45.3075,-74.3825
LAFLN,38.790944,-75.513256
LAFLR,45.406056,-73.648011
LAFOP,45.894444,-6.533889
LAGAV,56.893089,-4.202881
LAGER,53.611111,-0.146944
LAGGO,47.224264,-68.575033
LAKEY,54.238889,-2.981217
LAKIE,40.829133,-73.976792
LALKU,48.196528,-1.08225
LALMO,47.822889,-3.158889
LALPO,66.387581,-17.872294
LALTI,63.732503,-21.740597
LAM30,51.599781,-0.647131
LAMAD,35.785872,-5.487267
LAMAR,37.444917,-6.075333
LAMDI,39.205833,-10.965
LAMEW,45.032542,-70.781731
LAMGE,35.167556,-75.868078
LAMIX,53.307961,-0.682089
LAMMA,55.858333,-2.767608
LANAK,55.700278,-3.938611
LANAN,74.833333,-68.566667
LANCE,37.933056,-4.133611
LANDI,39.859467,-75.301756
LANDY,38.352594,-75.179325
LANEC,42.902239,-78.779639
LANGY,42.761106,-73.668756
LANHO,35.520519,-78.819989
LANLE,40.3427,-78.801383
LANLO,49.990833,-5.952222
LANNA,40.559742,-75.027725
LANOM,48.287833,-1.040278
LANON,52.431083,-4.372483
LANPI,52.187519,-5.391597
LANRK,44.943056,-76.388056
LANRO,51.785111,-8.709278
LANSO,65.576667,-19.488333
LANTA,36.376172,-79.409033
LANTE,37.397778,-5.196944
LANVA,53.729961,-4.443753
LAPEL,42.461367,-72.204386
LAPEX,47.0,-8.0
LAPKU,51.995031,-1.908183
LAPLI,49.268483,-2.474414
LAPLU,65.369278,-14.575611
LAPMO,53.403056,-5.945583
LAPOX,48.114556,-1.954944
LARDR,43.498611,-79.191944
LARGE,39.285256,-69.301244
LARIE,41.823183,-69.978322
LARKE,35.604619,-77.659331
LARKY,39.326986,-77.430403
LARLA,49.378092,-7.120894
LARME,35.762158,-76.777056
LARNC,37.371358,-78.996911
LARNE,54.853333,-5.825278
LAROE,43.749644,-71.279986
LAROK,46.710833,-1.433611
LAROL,70.909286,-52.852497
LARRI,39.950647,-77.298372
LARVO,42.767222,-6.164444
LARYY,42.587869,-73.658564
LASAG,40.0125,-9.004167
LASBE,40.060147,-75.537125
LASED,39.175006,-77.557275
LASIB,38.0375,-7.222778
LASIC,36.783733,-75.946317
LASIT,43.764,-5.775583
LASKU,43.504167,-4.873333
LASNO,48.598333,-9.0
LASPE,35.769094,-78.096981
LASPO,39.2825,-0.544444
LATEC,41.030775,-78.706231
LATEK,42.875,-0.656944
LATGO,48.480278,-0.25
LATKY,36.919444,-75.233333
LATME,41.393633,-75.503561
LATRL,41.164597,-73.11915
LATRU,37.0,-10.0
LATSE,41.356061,-72.014156
LATTY,42.000761,-75.806119
LAURN,40.551611,-74.120464
LAVPA,41.003333,-9.129444
LAVTI,57.138333,-2.404722
LAWJO,50.279422,-2.328706
LAWNE,40.641997,-74.141792
LAWRN,42.20325,-71.826131
LAYDE,40.696594,-74.052414
LAYEG,40.030333,-74.56265
LAYIB,39.2231,-74.885883
LAYIR,43.477464,-72.007872
LAZBE,54.310111,-8.879111
LAZER,38.660564,-77.554731
LAZET,38.923944,-10.671011
LAZYE,40.958117,-72.313086
LBNON,43.679008,-72.216161
LBOLT,38.736981,-77.250394
LBRTY,40.751792,-74.013764
LBSTA,42.8,-70.613528
LCN01,51.559011,-0.019225
LCN02,51.568914,-0.004475
LEAFY,44.300869,-73.548564
LEAHA,41.001736,-73.336531
LEASE,39.574936,-79.451589
LEAVY,38.805369,-77.030581
LEBBI,40.111622,-75.044678
LEBKI,53.323128,-3.073739
LEBRI,45.811111,-2.533611
LEBVE,39.656947,-74.739839
LECEG,43.749072,-72.957489
LECND,53.875833,-0.44
LECOR,41.455758,-75.780919
LEDBE,40.472258,-78.982933
LEDEC,41.112953,-71.868961
LEDGO,51.239939,-7.567958
LEDIE,41.889922,-75.174308
LEEAH,39.260908,-74.953058
LEECY,39.926939,-73.623369
LEESY,40.745469,-74.218758
LEEZI,42.683947,-70.743417
LEFER,40.824233,-73.532761
LEFFY,39.110339,-77.433661
LEGGO,40.287781,-77.040458
LEGGY,43.040472,-78.477486
LEGMO,47.732778,-4.008333
LEIDR,39.709975,-75.487475
LEISA,40.656586,-73.861044
LEJOY,40.003394,-79.414892
LEKCI,51.577906,-2.887406
LEKLO,51.686803,-1.637153
LEKSE,40.200581,-78.707569
LEKTO,43.065972,-2.414167
LEKVA,51.5,-14.0
LEKVE,38.352028,-76.764586
LELDO,53.716536,-4.085278
LELIC,42.6173,-71.827856
LELLI,36.988264,-78.383228
LELME,41.034897,-74.408781
LELNA,49.982444,-2.106506
LELSE,45.527328,-68.685908
LELYE,37.203158,-79.281506
LEMAR,49.063056,-0.622778
LEMGU,52.405989,-5.376772
LEMIU,39.389203,-77.429444
LEMKA,46.628889,-0.25
LEMOR,41.297428,-74.634217
LEMTA,53.726194,-6.053222
LENDY,40.914836,-74.135258
LENER,42.992222,-78.079975
LENET,64.058522,-76.325228
LENHI,37.065583,-4.800917
LENIB,51.354808,-78.967344
LENIV,46.047861,-70.99235
LENLE,40.354378,-79.803244
LENOG,43.542436,-79.391328
LENOL,44.263278,-76.162794
LENSI,39.0,-20.0
LENSU,47.965,-2.962222
LENUG,46.165428,-63.405047
LENUT,58.471931,-78.077017
LEONI,39.985356,-78.322533
LEPAB,43.442828,-79.474456
LEPAP,43.8795,-77.453667
LEPEC,35.906231,-78.745942
LEPIB,44.189556,-77.405525
LEPIK,46.290481,-79.652289
LEPIM,50.214981,-65.928436
LEPIV,46.234228,-64.673211
LEPNE,41.852047,-78.708303
LEPOP,45.362983,-74.053314
LEPOR,49.220142,-72.625522
LEPUK,53.702561,-56.992819
LEPUP,45.556814,-61.642158
LEPUT,44.521328,-63.358561
LEPUV,55.115039,-59.035472
LEPUX,44.070833,-79.323889
LEQIM,42.7975,-1.83
LERAK,49.018889,-2.408611
LERAN,43.370719,-79.870739
LERAR,55.514786,-59.913464
LERAT,43.933889,-79.041111
LERET,46.793097,-71.532372
LERIN,56.716378,-61.603528
LERIR,67.363106,-64.341017
LERLI,39.215033,-9.036011
LEROM,49.886706,-74.285806
LERSE,39.016775,-75.471844
LERUL,46.224433,-63.906622
LERUR,45.371811,-75.857231
LERUX,49.717247,-74.581967
LERVA,63.984381,-23.055953
LESAG,52.389914,-78.363375
LESAK,43.560181,-79.576464
LESAX,51.257733,-58.685094
LESEK,62.350769,-75.623081
LESEL,46.126969,-76.177211
LESHA,39.31245,-76.857697
LESIG,45.485236,-76.592886
LESIK,49.1457,-68.091267
LESIX,53.169844,-60.768936
LESLU,51.0,-8.0
LESNI,57.542539,-1.272889
LESOD,43.499658,-79.851406
LESOX,46.513436,-63.074381
LESSO,37.455208,-77.640083
LESTA,52.740858,-1.072061
LESUP,46.097175,-60.315533
LESWL,41.891944,-73.322222
LETAG,43.617561,-79.545147
LETAK,45.402225,-76.246047
LETAP,43.812156,-79.463039
LETEG,47.535269,-52.871422
LETEK,48.882089,-68.215639
LETEP,52.059861,-78.681006
LETIB,42.634344,-66.180619
LETIM,46.792989,-71.214814
LETIT,53.453542,-55.469903
LETOL,44.948292,-65.030028
LETSI,50.860725,-3.118072
LETUB,57.961653,-68.646242
LETUG,45.922419,-72.14265
LETUK,46.388447,-70.853022
LETUP,47.026967,-65.774661
LETZZ,38.911767,-77.450667
LEVAD,48.888992,-54.285917
LEVAG,58.414864,-78.422931
LEVAR,48.495103,-71.226922
LEVAV,43.510853,-79.709675
LEVDE,40.697958,-74.107978
LEVEB,49.208008,-57.091056
LEVIB,46.198353,-64.416358
LEVIG,43.907114,-79.491967
LEVIP,44.492706,-79.404272
LEVNN,36.854717,-75.994581
LEVNO,43.726111,-5.359167
LEVOD,44.253567,-64.812956
LEVUB,43.651086,-65.983853
LEVUN,61.723019,-73.683356
LEVUV,47.437517,-68.371994
LEXAB,46.143325,-70.4376
LEXAK,47.401594,-53.403286
LEXAM,50.511719,-59.540639
LEXEN,47.990953,-66.330397
LEXEP,52.671136,-72.300142
LEXIG,62.179386,-75.667289
LEXIV,45.050483,-67.062172
LEXIX,45.986853,-64.701044
LEXOG,48.877711,-67.749275
LEXUN,45.971278,-60.090878
LEZZY,35.864358,-78.648294
LFE01,51.310439,-0.672108
LFE02,51.248378,-0.619778
LFI15,36.988089,-76.646964
LFS01,51.210164,-0.7357
LFS02,51.208069,-0.678825
LFS03,51.179086,-0.747647
LFS04,50.955639,-0.965483
LFS05,50.893081,-0.8667
LFW01,51.271897,-0.788017
LFW02,51.236619,-0.848281
LGURI,43.162603,-70.738697
LIBAK,50.197647,-62.090103
LIBAV,46.369708,-70.892836
LIBBA,55.723947,-3.745336
LIBBE,41.004406,-71.35565
LIBED,46.799889,-55.867639
LIBEK,48.098569,-54.105769
LIBEM,44.810833,-76.959167
LIBEN,59.802833,-77.405833
LIBID,46.797044,-71.133503
LIBIG,46.364222,-63.356478
LIBIK,45.738992,-61.120583
LIBLE,36.252719,-75.938019
LIBMY,38.160061,-78.808056
LIBOD,53.462456,-60.667119
LIBOR,61.966667,-58.0
LIBOT,50.193856,-66.116733
LIBRT,37.560167,-78.807436
LIBRU,44.889667,-0.189917
LIBUG,53.773278,-72.9553
LIBUN,45.128117,-79.465253
LIBUT,49.074106,-77.775192
LIBUV,45.406356,-72.496636
LICIR,35.025492,-77.958864
LICXA,40.438094,-76.5535
LIDAP,47.893492,-69.466256
LIDEM,53.849469,-56.878592
LIDEP,46.03135,-72.323483
LIDET,45.810869,-62.515011
LIDLE,43.705175,-76.010706
LIDOK,55.971339,-61.490794
LIDOP,54.1764,-58.591678
LIDOW,44.355892,-71.859703
LIDUD,56.344056,-62.081486
LIDVE,39.604672,-78.771469
LIEFF,40.822714,-72.875597
LIFFY,53.480078,-5.5
LIFOX,49.87235,-3.172986
LIGDE,41.893556,-71.965014
LIGRA,38.0,-9.59085
LIGUM,35.833333,-2.0
LIGUW,43.912094,-68.891219
LIIVY,39.354747,-76.7821
LIKLY,38.289992,-77.597989
LIKME,44.725589,-74.645722
LIKRE,43.248667,-71.196928
LILGE,35.890889,-77.842611
LILGO,67.436389,-51.431389
LILKM,41.082128,-72.891161
LILLI,40.464483,-78.657608
LILLN,45.041772,-68.475508
LILNO,51.5925,-9.22
LIMBH,38.974981,-76.864089
LIMBU,64.0944,-23.117775
LIMER,43.683722,-70.910769
LIMKA,54.507361,-5.219783
LIMRI,52.0,-15.0
LIMTU,37.9875,-0.215833
LINCE,53.333333,-0.466667
LINCN,38.921975,-77.261053
LINDY,51.470589,-1.049219
LINER,40.501297,-74.558461
LINND,39.409758,-71.710486
LINNG,43.302747,-79.354797
LINRA,51.579722,-10.032222
LINSE,39.36905,-77.301333
LINTO,35.833333,-5.954444
LIPGO,53.063925,-5.5
LIPIY,38.663747,-77.797083
LIPTO,45.692122,-74.248978
LIPVA,61.013578,-69.585753
LIPVE,44.673444,-69.446258
LIQED,44.770008,-72.623433
LIRCH,39.826767,-76.922231
LIRDA,53.632328,-78.776889
LIRDU,61.496311,-71.615169
LIRGU,54.506175,-6.435547
LIRKE,38.002792,-78.035967
LIRLA,45.020886,-62.835517
LIRLU,43.298475,-78.979622
LIRMA,47.698917,-3.715528
LIRTI,45.715214,-73.290947
LISBE,43.174253,-72.676669
LISBO,54.525,-6.090028
LISDE,46.710033,-67.903744
LISDI,48.558703,-68.268836
LISDU,43.785592,-79.436383
LISGI,51.821428,-75.888314
LISGU,38.887778,-9.162778
LISLA,46.881908,-71.074561
LISLO,58.816433,-66.213325
LISLU,55.024753,-67.033014
LISMA,62.251781,-75.648675
LISNO,65.603181,-18.049697
LISPE,37.493628,-77.054178
LISPU,47.449331,-79.473717
LISTO,53.143314,-2.199039
LISVI,46.062189,-71.242583
LITBY,35.070831,-77.918222
LITKO,61.986014,-75.894428
LITME,39.090472,-77.248517
LITMI,46.343019,-67.309572
LITRI,45.366981,-75.561489
LITSA,51.613056,-57.043058
LIVBA,46.238069,-73.951494
LIVBU,54.583072,-71.502553
LIVGE,41.970647,-71.450481
LIVGU,70.634347,-68.238508
LIVIA,35.288464,-79.124442
LIVLE,43.232053,-77.242031
LIVNE,40.073472,-74.2911
LIVPO,56.636608,-6.60085
LIVRA,72.531336,-78.490686
LIYCO,38.99255,-76.557467
LIZAD,49.590344,-4.330153
LIZAH,40.607217,-74.217783
LIZHA,38.523556,-27.062083
LIZIO,39.498872,-79.132114
LIZLU,43.743111,-70.224117
LIZZI,40.665661,-75.148794
LIZZZ,44.543331,-73.892842
LJAAY,37.394464,-77.360981
LKERI,42.836511,-78.933872
LLBEE,38.585347,-78.426511
LLE09,51.464725,-0.179489
LLE10,51.477469,-0.178569
LLE11,51.478189,-0.193344
LLE20,51.577981,-0.229808
LLE25,51.664656,-0.186903
LLINK,35.954172,-79.785542
LLIVE,42.991128,-71.619389
LLN32,51.604219,-0.459725
LLN48,51.632742,-0.047797
LLS01,51.172775,-0.685675
LLUND,40.862511,-73.782583
LLW02,51.401086,-0.726914
LLW03,51.309119,-0.765817
LMBRT,40.309783,-79.829386
LNDRN,40.363903,-75.091492
LNSKY,37.337,-75.925081
LOBBY,42.504314,-71.609456
LOBDA,46.104422,-63.299325
LOBDI,49.119244,-68.316906
LOBDO,45.398894,-73.598739
LOBGO,52.102,-9.902306
LOBKA,62.213111,-49.772689
LOBKO,43.546875,-79.783344
LOBKU,43.888103,-66.169697
LOBLO,44.970492,-75.714497
LOBOW,45.825803,-69.515825
LOBTU,56.364467,-76.551947
LOC11,38.315358,-0.798228
LOC12,40.735044,-3.560481
LOC13,36.828447,-4.714592
LOC17,40.805011,-3.576383
LOCET,44.060008,-73.402306
LOCID,40.756742,-75.655764
LOCPI,41.089064,-79.619725
LODBE,36.940472,-76.491419
LODBU,49.839261,-64.556392
LODGU,47.528478,-53.008164
LODKO,45.787694,-0.093028
LODLA,51.936111,-10.528056
LODNO,65.033333,-40.0
LODRA,43.638436,-79.358678
LODRI,53.595697,-63.766703
LODTI,42.857239,-71.672769
LODVU,49.170917,-57.272456
LOFFT,38.779478,-77.361614
LOGDU,46.78255,-71.547839
LOGOW,39.30405,-77.708175
LOGPI,43.747486,-66.351422
LOGPO,44.960367,-63.576983
LOGRO,39.0,-3.899444
LOGTI,47.650786,-53.084731
LOJOL,37.439511,-77.261875
LOKBA,45.637814,-74.362864
LOKBU,46.103314,-73.244883
LOKDA,44.353717,-79.740861
LOKLU,44.850475,-65.217739
LOKMO,48.684733,-72.146908
LOKMU,46.265186,-71.167517
LOKOE,40.557203,-73.715847
LOKPU,43.227222,-79.305833
LOKRI,45.241781,-64.08375
LOKTU,49.153119,-66.640344
LOKZA,46.772511,-68.079489
LOLBO,36.554444,-4.330917
LOLDO,43.99025,-59.6634
LOLKU,46.652389,-66.3356
LOLLY,41.385503,-74.063483
LOLPI,51.327764,-3.126178
LOLRO,48.297972,-53.635167
LOLYE,42.967578,-75.895147
LOMDA,42.852806,-7.296028
LOMON,56.062658,-4.579961
LOMPI,44.0,-57.0
LOMSI,53.1,-56.783333
LOMSO,46.725733,-71.628822
LOMTA,57.203056,-62.619167
LOMVO,53.271075,-5.179394
LOMVU,46.113036,-60.120747
LON04,51.448625,-0.379694
LONBA,46.7625,-56.509167
LONDU,52.916667,-12.5
LONER,42.399686,-70.763278
LONEY,42.482006,-69.911725
LONGA,40.438372,-4.877111
LONKI,43.940525,-66.248833
LONNA,45.632322,-73.539939
LONRA,45.596289,-74.294403
LONTU,47.918056,-65.264164
LONUW,52.663722,-2.755153
LONVI,49.108525,-55.371631
LOOEY,36.5846,-79.019281
LOONN,43.583333,-71.383333
LOOOT,39.056964,-77.434456
LOOPR,37.988333,-77.337564
LOPEZ,41.443244,-75.9617
LOPGU,46.831178,-71.829944
LOPMA,44.809906,-63.582203
LOPMI,60.795203,-78.230411
LOPNA,42.638639,-2.960722
LOPRO,48.7225,-57.703611
LOPVI,59.266667,-64.25
LOPVU,54.743069,-66.741447
LORAA,37.397172,-77.978606
LOREL,52.013944,-0.052644
LORFF,43.6701,-70.195886
LORKA,44.769089,-76.216631
LORKU,49.938361,-2.371011
LORLA,51.937111,-8.197611
LORLU,46.624586,-65.831881
LORSA,54.089117,-58.756233
LORSY,36.16755,-79.169872
LORTA,55.529367,-3.941897
LORTH,43.129981,-77.318144
LORTU,43.398306,-3.709083
LOSBI,55.474539,-77.811103
LOSEC,37.295061,-79.034233
LOTCI,40.185003,-76.975403
LOTEE,44.658889,-5.836667
LOTMY,42.25415,-75.519383
LOUEY,40.012744,-74.748719
LOUIE,38.612314,-76.301214
LOULA,37.141111,-8.023889
LOULU,38.895342,-77.711053
LOUNA,53.710822,-0.256117
LOUSY,42.663467,-72.992033
LOVEL,53.251667,-2.274439
LOVIC,39.574944,-76.082314
LOVIW,42.142975,-76.058342
LOVRR,36.771869,-76.662606
LOWPO,38.207083,-75.355744
LOWRZ,38.897192,-74.407642
LOXEF,52.897681,-0.516178
LOXFO,43.129947,-73.775494
LOXXE,42.574875,-75.725969
LOYDD,39.789081,-77.786714
LOYED,45.080278,-79.695
LOYIC,40.707603,-79.580394
LOYIN,40.050681,-74.102056
LRGNT,38.549717,-77.669908
LSMOR,43.634847,-70.161139
LUBCA,42.714719,-71.202397
LUBCI,44.804589,-66.812658
LUCAR,37.432778,-77.229964
LUCCA,40.798819,-79.314436
LUCCO,55.346817,-4.561419
LUCIB,42.038447,-73.122192
LUCIC,42.790014,-72.742961
LUCIE,74.916667,-66.8
LUCKE,39.224656,-77.597803
LUCLI,37.522892,-79.314233
LUCSA,52.6185,-2.948939
LUCY,41.475833,-0.331389
LUCYL,38.089972,-76.677522
LUDEY,35.540872,-77.689367
LUDOC,69.456139,-50.920028
LUFMA,51.080003,-3.243933
LUFOQ,53.944056,-8.605917
LUFSY,36.968717,-76.128211
LUGEN,46.583333,-0.861111
LUIGI,40.069347,-74.444533
LUKAL,41.253056,-32.355833
LUKAR,64.083931,-22.157153
LUKCI,37.738119,-77.458153
LUKEM,49.075,-1.456111
LUKEP,43.249306,-2.769667
LUKIL,38.000278,-0.104444
LUKIT,40.196944,-30.0
LUKUB,45.325556,-2.949444
LULER,40.913972,-3.378333
LULID,47.124889,-1.632278
LULIP,49.30475,-0.076083
LULIY,41.472408,-70.413292
LULOO,39.609989,-75.215953
LULOX,50.366667,-8.0
LULUT,44.398611,-0.839722
LULUZ,35.578464,-76.068883
LUMAY,35.746264,-79.827853
LUMEV,48.4695,-4.443722
LUMOG,49.275028,-1.192306
LUMOX,51.685117,-1.960864
LUNAL,65.496903,-37.770708
LUNDI,63.645278,-20.821389
LUNDY,39.660944,-79.092936
LUNEX,54.843333,-7.258611
LUNFI,44.676333,-72.116556
LUNIG,52.39725,-8.275972
LUNKR,35.336814,-66.383364
LUNUM,36.422361,-4.783333
LUPDY,44.540581,-73.404136
LUPOR,52.542111,-9.702028
LUPOV,42.0,-15.083333
LUPUP,70.525919,-22.075103
LURAY,38.598594,-78.566731
LURCH,42.899344,-71.806519
LURRL,39.074619,-76.825064
LURYO,42.999211,-74.082014
LUSAT,53.166667,-6.233333
LUSEM,43.374722,-1.780556
LUSEN,60.5,-10.0
LUSIT,49.214722,-1.795556
LUSIV,55.667094,-4.244583
LUSOD,53.939639,-4.323992
LUSON,46.5,-1.350833
LUSUG,64.420611,-21.993392
LUTAB,59.975717,-0.918233
LUTAK,37.0,-15.0
LUTER,64.117961,-20.361033
LUTIP,53.256081,-4.737664
LUTOV,55.23935,-10.0
LUVEK,61.9855,-6.728861
LUVIV,36.413889,-3.381111
LUVOP,48.338333,-1.745
LUVUM,52.714447,-1.747003
LUVUP,37.720342,-10.168589
LUXIE,40.6375,-8.62
LUXIV,51.086286,-0.782517
LUXOV,65.8775,-53.149722
LUXTO,52.14185,-2.060661
LUXUT,37.999797,-9.026939
LUYEN,40.999192,-72.949528
LUZME,52.840306,-0.316047
LUZOR,63.310164,-20.559339
LVRON,42.198678,-71.0997
LWLND,42.582378,-71.018408
LWOOD,36.185139,-79.447233
LWRNC,42.740419,-71.095075
LYART,40.93865,-74.803939
LYCEE,41.412447,-78.383364
LYHTT,42.327667,-70.890344
LYKOM,41.338542,-76.775083
LYLAC,43.062778,-71.659167
LYSAN,43.212417,-76.514314
LYTEL,40.930219,-75.870672
LYTTA,39.982917,-75.621022
M300B,70.730414,-52.520356
MA01,63.955453,-22.605453
MA013,39.77505,-74.951186
MA02,50.937775,-1.360383
MA03,65.260503,-14.427194
MA04,64.167886,-51.696125
MA04R,40.626161,-73.77395
MA05,57.531917,-4.070531
MA05R,37.759917,-0.831972
MA06,69.222144,-51.108975
MA07,53.084153,-0.2088
MA08,55.034886,-7.202706
MA08R,51.144089,-0.219675
MA09,66.990042,-50.816508
MA094,41.008461,-74.739772
MA09L,51.47745,-0.4984
MA09R,51.464742,-0.495653
MA10,63.985036,-22.667947
MA11,45.667922,-74.091297
MA114,41.694872,-70.015569
MA119,43.207728,-71.506986
MA12,44.983622,-64.9432
MA13,58.101261,-68.438314
MA142,61.983647,-7.352153
MA14W,38.861,-9.374372
MA14Y,38.845667,-9.357908
MA15,57.029158,-7.453047
MA15L,39.19755,-76.672969
MA16,57.218364,-2.209928
MA17,42.920472,-8.423222
MA171,40.400575,-74.659558
MA18,58.232625,-6.334303
MA184,38.531333,-77.859881
MA19,63.997528,-22.605431
MA19R,38.107958,-7.928569
MA20,53.189303,-0.508133
MA211,40.24005,-75.550889
MA219,42.343064,-72.601756
MA22,64.213794,-51.662564
MA225,53.686811,-57.038633
MA23,57.553392,-4.023842
MA232,39.936919,-74.804283
MA23L,37.791917,-0.790167
MA24,69.296869,-50.962561
MA240,69.284928,-50.998494
MA242,41.630417,-73.877644
MA246,43.633519,-72.29425
MA249,44.330514,-69.778508
MA25,53.751114,-2.853283
MA26,55.050042,-7.119619
MA26L,51.152422,-0.159225
MA27,58.958664,-2.872678
MA27L,51.464989,-0.420811
MA27R,51.477717,-0.419878
MA28,63.985039,-22.57965
MA284,36.849278,-2.34
MA285,38.989472,-79.119511
MA29,56.347144,-62.049108
MA290,39.406325,-77.968389
MA298,44.934894,-74.840233
MA2LX,37.792556,-0.790694
MA2LY,37.791944,-0.790139
MA30,44.977089,-64.897953
MA300,70.730431,-52.545506
MA30V,62.036997,-7.170289
MA30Z,62.038556,-7.176539
MA31,40.112783,-76.279322
MA31L,40.625175,-73.765719
MA32,72.226808,-23.842322
MA33,53.310656,-60.393361
MA337,37.518447,-76.761944
MA338,41.741078,-72.178642
MA34,57.178642,-2.180611
MA35,42.868944,-8.405972
MA36,58.197525,-6.327636
MAAAY,38.890497,-78.061919
MAANO,42.223297,-71.192569
MABCI,44.45825,-73.14985
MABEE,38.606506,-77.7614
MABEL,36.206944,-4.672139
MABLE,40.502078,-74.397117
MABOZ,35.080975,-79.180094
MABUX,39.549194,-1.14975
MABVN,37.946539,-75.46795
MABYV,39.969881,-77.646903
MACBD,40.881967,-74.2817
MACBE,36.643075,-78.052117
MACEV,43.171681,-78.277461
MACKD,44.54005,-72.614844
MACKE,40.560167,-74.989719
MACOZ,40.582675,-75.023494
MACPA,40.188167,-74.650692
MACPC,40.956503,-72.257714
MACPN,42.081794,-76.099494
MACPO,36.708786,-78.852497
MACRG,41.366603,-73.487497
MACSD,41.733019,-72.647103
MACVL,45.366711,-72.672722
MACXE,42.549819,-72.016781
MACYG,39.370514,-75.070536
MADAC,35.131828,-77.196844
MADAD,55.913153,-1.734022
MADAH,43.952606,-70.344278
MADAM,36.811803,-79.133072
MADAX,63.984861,-22.847503
MADCA,40.187206,-74.135961
MADDG,41.143261,-72.915908
MADEK,48.5025,-6.988889
MADIX,65.268889,-52.822778
MADOV,35.414722,-5.752222
MADOX,58.728611,-3.7775
MADRD,42.712778,-0.705
MADSN,38.271461,-76.429597
MADUB,65.317689,-18.300086
MAEVE,38.963908,-74.7457
MAFHU,40.354419,-76.333103
MAFOZ,49.226242,-55.376025
MAFYA,41.253169,-72.031875
MAFZE,37.241325,-76.716061
MAGAL,38.073306,-0.230722
MAGEC,43.748333,-1.195833
MAGEE,54.791536,-5.608339
MAGEN,43.134244,-77.183567
MAGGO,37.982911,-75.733719
MAGHI,45.020442,-70.746283
MAGIE,38.874417,-77.557586
MAGIO,41.527383,-76.596494
MAGNI,62.132975,-7.800422
MAGUM,39.1675,-8.3925
MAGUZ,36.938914,-76.396361
MAGXO,35.866133,-77.883908
MAHDO,39.466572,-77.017886
MAHNI,40.127028,-76.282067
MAHWO,36.2592,-76.159261
MAHYA,35.021356,-79.188264
MAHZE,42.939108,-78.724542
MAINA,43.653886,-70.446158
MAIRE,45.708406,-73.123725
MAJAH,35.459744,-77.961336
MAJAP,42.591192,-72.518775
MAJGU,43.029072,-78.161642
MAJKI,41.982089,-73.960131
MAJLY,42.977733,-77.932411
MAJOV,37.518,-76.765772
MAJVY,42.302189,-75.414783
MAKNR,35.849114,-77.900372
MAKUX,53.974972,-4.874414
MALAB,63.753078,-23.0045
MALAX,54.028111,-8.534833
MALCN,40.638944,-74.535608
MALDE,40.564881,-73.586008
MALDY,42.431081,-71.098711
MALEC,37.188867,-76.038103
MALGR,39.986425,-75.581869
MALLO,43.162797,-74.507767
MALNR,35.393117,-79.452686
MALOB,42.844944,-1.938667
MALOT,53.0,-15.0
MALTN,43.717628,-79.673269
MALUD,53.413381,-3.608417
MALXX,38.819039,-76.484314
MAMAA,38.78575,-77.462003
MAMEP,65.698814,-17.346308
MAMUL,53.418111,-1.280125
MANAK,46.213333,-0.941944
MANCH,42.870008,-71.368483
MANCO,40.886389,-3.576944
MANCU,36.895842,-78.986442
MANDM,37.401333,-77.269956
MANDY,39.911778,-1.0405
MANEE,41.452692,-74.438422
MANEL,38.650011,-8.947147
MANGE,37.024372,-77.728633
MANIF,44.477247,-73.180611
MANIG,49.785281,-3.259367
MANIK,40.691944,-8.616111
MANIX,42.298825,-72.595761
MANK,44.256111,-78.268889
MANLL,40.742219,-73.791808
MANNE,39.004,-77.686992
MANOX,36.194444,-15.390278
MANSE,72.883333,-64.916667
MANTA,39.901947,-73.542119
MANTU,41.004208,-74.740314
MANUP,43.671931,-79.797367
MANUT,51.050564,-58.482664
MANWE,35.237406,-78.021556
MAPAG,51.0,-8.5
MAPAP,43.890056,-78.780503
MAPAX,43.68375,-3.044083
MAPEL,39.506831,-77.596761
MAPLE,52.393333,-1.680833
MAPME,44.49245,-71.577928
MAPOM,48.520611,-71.237394
MAPOR,41.614167,-8.058333
MAPOT,53.861417,-9.227472
MAPRI,44.71,-0.863056
MAPUG,48.786831,-72.565753
MAPUK,53.506892,-55.892156
MAQTU,38.679444,-8.750833
MAR37,37.0972,-5.698286
MARAN,40.703381,-74.187419
MARBB,42.533514,-70.765917
MARBY,36.061244,-78.570464
MARCL,35.731781,-78.429603
MARCY,43.151617,-75.291114
MAREN,45.733333,-1.061667
MAREX,43.619719,-79.854
MARGG,39.106972,-77.325917
MARGI,38.987075,-79.844486
MARIA,42.8341,-74.216806
MARIG,38.328444,-70.059517
MARIM,37.416667,-7.841111
MARIO,42.210194,-0.244111
MARIV,56.454075,-3.397894
MARKU,49.535,-1.323333
MARLY,42.582328,-72.427058
MAROB,48.234625,-79.875267
MAROD,43.7275,-79.352833
MARQI,39.922861,-75.536439
MARRC,40.918886,-76.231728
MARRT,40.606953,-74.620269
MARRY,39.571319,-76.312381
MARSY,44.699689,-68.6485
MARTN,42.581047,-73.270478
MARUK,50.246267,-2.072336
MARUM,36.622222,-13.437778
MASAN,62.677453,-69.695511
MASAR,43.405225,-79.821106
MASDE,40.521181,-78.894472
MASEE,39.488856,-74.824439
MASEM,45.786678,-72.467622
MASID,38.7475,-27.075833
MASIK,65.967778,-39.995278
MASIN,53.352725,-60.059886
MASIP,43.392333,-6.655694
MASKY,41.692011,-70.385575
MASNE,42.889997,-71.616461
MASOP,54.155839,-4.354239
MASOX,44.822056,-65.074628
MASPE,44.469853,-72.872967
MASSN,38.876667,-77.041667
MASSY,37.369361,-79.901658
MASTI,40.762961,-72.918369
MASUB,58.418225,-78.185742
MATAD,55.983686,-60.886578
MATAX,47.857294,-66.058542
MATCK,43.065339,-76.033483
MATEP,45.392989,-73.600403
MATER,48.448333,-4.783333
MATHW,40.955308,-72.493869
MATIK,61.0,-8.066667
MATOR,46.350556,-73.338056
MATOX,37.277983,-77.512792
MATTC,39.239653,-77.575522
MATTO,37.412322,-78.551047
MATTR,40.726617,-73.709725
MATTY,40.973097,-72.473378
MATUT,54.171453,-4.639414
MAUCK,39.1299,-74.796919
MAUDE,40.900486,-73.347367
MAUDY,38.983528,-77.1798
MAULL,40.921647,-79.329164
MAVAG,46.656903,-63.759397
MAVAM,44.800258,-65.159181
MAVAN,43.559167,-79.556944
MAVBE,40.128256,-76.623203
MAVDE,41.733431,-72.646844
MAVEB,46.119464,-76.055531
MAVEG,48.53105,-71.717111
MAVET,54.049167,-3.517778
MAVIB,46.553931,-63.717164
MAVID,43.520422,-79.269244
MAVIX,55.847222,-4.080556
MAVJO,42.151772,-71.297739
MAVOG,44.396294,-76.61945
MAVUB,45.975556,-71.532222
MAVUR,63.503056,-20.594722
MAXAR,61.466667,-58.0
MAXED,38.526944,-7.809167
MAXER,44.752303,-63.647281
MAXET,36.549389,-2.259417
MAXEV,53.409306,-6.054806
MAXIF,35.658381,-77.028956
MAXIT,51.249744,-0.561897
MAXOB,51.963658,-2.083181
MAXOD,45.688922,-73.627125
MAXOG,46.764419,-71.140069
MAXUP,39.8375,-9.149722
MAYBN,39.499842,-74.677506
MAYFR,38.616186,-77.464453
MAYKR,36.465756,-77.842875
MAYMA,40.657739,-73.837428
MAYNE,44.559758,-68.917083
MAYOR,40.132644,-74.588564
MAYTA,41.66665,-70.753042
MAZAN,52.040528,-8.284556
MAZIE,40.322097,-75.1098
MAZKO,38.261997,-77.940286
MAZON,36.756456,-77.367475
MAZUK,38.593839,-9.554028
MB26,53.327181,-60.391839
MBS27,44.368025,-1.120367
MC02A,53.379633,-2.221453
MC02B,53.376944,-2.217714
MCADM,43.545789,-72.227594
MCANN,42.957822,-77.427703
MCARY,36.361281,-76.363861
MCCAB,40.757617,-73.130325
MCDON,36.674878,-79.014453
MCHEL,37.223119,-79.484831
MCKAY,39.161467,-76.460967
MCKEE,56.671944,-66.999167
MCMAN,40.637808,-77.570642
MCNAB,38.551703,-76.841025
MCRAY,39.538247,-77.860575
MD001,40.391667,-2.322222
MD01,63.958153,-22.608228
MD012,40.663083,-3.703861
MD016,40.600139,-3.575222
MD017,40.629056,-3.557528
MD02,37.141203,-5.630217
MD025,40.737917,-3.557611
MD03,37.82475,-4.862556
MD030,40.284083,-3.372833
MD031,40.196306,-3.424444
MD033,40.302944,-4.162806
MD035,40.358611,-3.33125
MD039,40.640436,-3.678783
MD04,52.781956,-2.693858
MD040,40.800694,-3.557647
MD041,40.607686,-3.799508
MD042,40.753217,-3.830497
MD043,40.589692,-3.768017
MD044,40.780392,-3.658608
MD047,40.593639,-3.538222
MD048,40.753667,-3.35925
MD049,40.703444,-3.272194
MD05,57.532625,-4.0658
MD050,40.431672,-3.493711
MD051,40.370964,-3.329161
MD052,40.368389,-4.6345
MD06W,40.380944,-3.470639
MD07,35.610689,-0.660633
MD08,49.205922,-2.209744
MD09,38.947611,-1.895806
MD09E,40.349833,-3.410917
MD10,63.984731,-22.675517
MD10R,53.424333,-6.316667
MD11,44.835753,-0.748925
MD12,43.320861,-2.964889
MD12E,40.732194,-3.560472
MD12R,41.688667,-1.102056
MD13,49.182728,-0.473894
MD13E,40.295833,-3.356444
MD15W,40.772306,-3.576222
MD16,57.240117,-2.22
MD16L,40.799944,-3.560861
MD17,48.607622,-2.085178
MD18,52.830564,-2.673744
MD18E,40.832361,-3.561056
MD18L,40.53075,-3.558167
MD18R,40.534528,-3.574194
MD19,64.002631,-22.608817
MD19R,40.842333,-3.576639
MD20,37.2053,-5.601253
MD21,47.177447,-1.592556
MD216,37.874389,-4.824083
MD22,53.318139,-6.419347
MD22W,40.892389,-3.576944
MD23,57.553217,-4.021419
MD231,37.868528,-4.816
MD24,57.491242,-7.333661
MD25,54.669742,-6.17445
MD25L,35.635356,-0.58245
MD25R,35.635456,-0.589111
MD262,35.289694,-2.877528
MD27,59.881694,-1.260744
MD279,58.214992,-6.308142
MD28,63.984094,-22.562253
MD289,42.449667,-2.284333
MD28L,53.419833,-6.2365
MD28Y,38.276083,-0.513778
MD28Z,38.277444,-0.524111
MD29,44.82185,-0.684331
MD30,43.291139,-2.883333
MD30L,42.057778,-0.279472
MD30R,41.647556,-0.988472
MD31,38.879072,-6.796783
MD32L,40.449139,-3.537806
MD32R,40.460306,-3.522611
MD34,57.18,-2.175022
MD35,48.569764,-2.077114
MD36,52.773228,-2.667333
MD36Z,36.946236,-25.165661
MD400,41.007111,-5.282306
MD405,39.793639,-4.430972
MD410,39.557694,-3.996333
MD430,40.525167,-4.240083
MD435,40.868361,-4.219472
MD440,39.921806,-3.792222
MD445,39.834833,-4.122056
MD450,39.687139,-4.103028
MD455,40.18575,-4.891028
MD460,39.518861,-4.323972
MD465,39.422444,-3.885389
MD470,40.208889,-3.414139
MD475,40.252583,-3.382306
MD480,40.246,-3.370361
MD484,40.506389,-3.597889
MD486,40.527944,-3.661861
MD488,40.493861,-3.86225
MD505,40.441306,-2.308444
MD530,40.416111,-3.009944
MD535,40.785333,-2.644806
MD540,40.75575,-2.393694
MD545,40.829417,-2.585806
MD550,40.26225,-2.282333
MD570,40.270944,-3.232667
MD575,40.283194,-3.325833
MD580,40.2675,-3.216056
MD585,40.276806,-3.296028
MD586,40.547361,-3.611194
MD588,40.600889,-3.765833
MD589,40.510528,-3.985056
MD620,40.868139,-3.545444
MD623,40.917083,-3.515667
MD626,40.925528,-3.450611
MD660,40.906806,-3.444667
MD665,40.899583,-3.511028
MD666,40.260472,-3.557889
MD725,40.94925,-3.577278
MD730,40.972333,-3.667389
MD760,40.97975,-3.685611
MD765,40.945778,-3.60225
MD766,40.458028,-3.574417
MD767,40.346194,-3.650278
MD768,40.295611,-3.688306
MD769,40.240833,-3.729444
MD770,40.893472,-3.583222
MD800,40.440139,-3.521417
MD801,40.362611,-3.425028
MD802,40.335083,-3.396056
MD810,40.269167,-3.471139
MD811,40.224472,-3.616278
MD812,40.293083,-3.654417
MD813,40.419556,-3.724972
MD820,40.273972,-3.31525
MD821,40.235194,-3.267306
MD822,40.183667,-3.03425
MD823,40.263444,-3.028889
MD824,40.402972,-3.113722
MD825,40.564306,-3.161083
MD826,40.619139,-3.286889
MD827,40.304167,-3.382917
MD828,40.305639,-3.265806
MD900,40.589333,-3.559694
MD901,40.636417,-3.542639
MD902,40.7035,-3.536667
MD910,40.686444,-3.647056
MD911,40.716889,-3.620333
MD912,40.75675,-3.531889
MD913,40.902389,-3.57625
MD914,40.903861,-3.558889
MD920,40.77575,-3.397639
MD921,40.761472,-3.372778
MD922,40.132917,-2.807028
MDOGG,39.553953,-75.331333
MDSON,41.313847,-72.692178
ME28F,53.272914,-6.219744
MEADY,39.384208,-74.648444
MEANO,37.454594,-66.809519
MEANY,42.296431,-72.461336
MEATY,36.368083,-79.86955
MEATZ,40.824542,-73.933992
MEBEP,45.259064,-75.791492
MEBIG,51.109144,-0.483397
MEBIR,43.827011,-79.608931
MEBOK,45.8125,-74.349444
MEBOP,47.700122,-79.563564
MEBSA,43.885936,-66.013292
MEBUG,52.851011,-75.820272
MEBUL,48.798908,-67.708519
MEBUN,64.230811,-21.84125
MEBVU,51.544833,-76.003833
MEBZO,53.433333,-4.645483
MECEJ,41.769311,-70.116997
MEDAV,43.488611,-78.762778
MEDBO,46.139611,-62.987933
MEDEB,45.413128,-76.310822
MEDIV,45.756769,-61.642217
MEDOG,51.950367,-3.549397
MEDPA,72.661044,-67.713336
MEDPE,40.068736,-74.284292
MEDSA,58.650347,-65.865675
MEDSU,49.922508,-64.554581
MEEGO,38.158558,-77.535156
MEEST,38.838197,-77.461247
MEFIH,37.029525,-79.203169
MEGAG,43.578828,-79.242947
MEGAT,43.498861,-7.596472
MEGBO,43.62715,-79.403203
MEGDO,45.573986,-73.332742
MEGEG,48.435258,-71.276511
MEGEK,44.265153,-79.805536
MEGIE,42.342475,-72.655528
MEGMI,43.956569,-65.926414
MEGMU,51.239914,-55.982908
MEGNI,49.916444,-64.019297
MEGNO,45.358472,-75.947094
MEGRI,50.255581,-66.125239
MEGRU,62.364508,-78.326261
MEGSA,51.818986,-65.658897
MEGSI,45.663786,-74.466525
MEGTU,45.215989,-73.895878
MEGVU,48.619836,-58.214339
MEHAN,39.483703,-76.633044
MEHGI,39.164111,-77.594994
MEHHO,37.207978,-78.945578
MEKNO,43.698289,-79.563772
MEKPA,45.224622,-73.4792
MELDI,52.733333,-56.35
MELFA,37.572375,-75.800742
MELIA,37.282317,-77.779414
MELKU,47.169333,-65.539
MELMN,39.787814,-74.987067
MELNU,48.391772,-70.865553
MELOE,38.993689,-77.319081
MELON,39.766667,-5.318611
MELPA,45.460517,-73.838858
MELPI,61.683222,-72.977872
MELRO,40.593333,-74.031667
MELSE,36.397389,-4.515944
MELTI,45.341944,-74.873611
MELTN,37.202561,-78.578981
MELTY,43.047683,-76.278147
MEM01,53.314472,-6.546442
MEM02,53.219664,-6.606878
MEMAE,42.577394,-70.936033
MEMDO,45.725089,-74.223786
MEMGA,60.888247,-69.465058
MEMIC,44.422681,-73.162547
MEMKU,53.480264,-76.480036
MEMLU,61.205036,-69.772186
MEMPA,43.786111,-79.724167
MEMSO,52.8,-75.0
MEMVO,44.419406,-76.491192
MEMVU,46.192478,-64.417131
MENBI,52.466564,-56.563564
MENGE,40.006942,-74.964114
MENKO,44.776667,-78.803333
MENNE,43.256658,-72.603411
MENRE,44.231569,-70.677961
MENRI,50.216033,-66.216692
MENTI,44.061944,-79.598889
MENVO,44.905256,-63.187958
MEPEW,39.334233,-78.223708
MEPKA,48.206189,-78.835589
MEPMA,45.295711,-65.818733
MEPMI,53.823925,-73.145897
MEPMO,46.348356,-67.153383
MEPNA,49.086275,-64.803061
MEPNI,59.303139,-69.600806
MEPRU,52.319775,-55.700769
MEPSU,47.513175,-52.414881
MEPTE,41.320286,-73.9515
MEPVO,59.841375,-70.061467
MEQDI,44.766364,-72.795539
MEQEF,47.696056,-3.721111
MERBI,61.623894,-72.388456
MERBO,51.497156,-56.292717
MERFE,36.934175,-76.234114
MERGU,43.595917,-79.94475
MERIL,35.613242,-79.433864
MERIT,41.38195,-73.137431
MERKI,43.423889,-79.313333
MERKO,45.453194,-75.727883
MERLL,39.857933,-76.021281
MERLN,42.709969,-77.435983
MERMU,52.508617,-56.05015
MERNA,45.9045,-73.662167
MERNU,53.008586,-78.824172
MERPE,35.436164,-76.859436
MERSR,40.310122,-74.828011
MESBI,52.736983,-56.425897
MESBU,45.969347,-63.664725
MESDO,46.781314,-74.030169
MESHL,43.320019,-70.163342
MESHU,53.068519,-4.615072
MESLE,36.93745,-76.210303
MESNO,43.414972,-79.632597
MESTE,42.305986,-76.479292
METGI,53.352156,-60.468444
METIL,63.971944,-21.526111
METLI,59.227831,-69.636664
METMI,42.915367,-79.41525
METRO,40.422714,-74.669528
METVU,48.274522,-78.625197
MEVBA,46.543467,-65.933786
MEVKA,55.035478,-59.322947
MEVNE,40.991969,-74.722158
MEVPO,43.974869,-79.855106
MEVRA,45.089339,-66.905183
MEVRI,46.507864,-74.753422
MEVTA,46.235989,-60.066794
MEYER,36.213703,-78.076703
MEYRA,36.912222,-75.369444
MEZRE,50.033333,-0.2
MF13,61.962492,-6.873856
MFK26,46.443278,-0.758778
MG411,36.609917,-4.408278
MG430,36.998056,-4.904194
MG432,36.930306,-5.019778
MG433,37.132333,-4.801667
MG434,37.064806,-4.905028
MG436,36.835889,-5.019611
MG437,37.199111,-4.802389
MG438,37.131556,-4.905861
MG442,37.198306,-4.906722
MG450,37.378889,-5.109806
MG452,36.521611,-4.671639
MG458,37.512417,-5.111861
MG460,36.827111,-5.508417
MG492,36.504722,-5.416389
MG529,36.999528,-4.696139
MG531,36.933444,-4.579083
MG533,37.066278,-4.696778
MG537,37.133028,-4.697444
MG539,36.839778,-4.411083
MG541,37.199806,-4.698083
MG543,36.76775,-4.436833
MG545,36.712694,-4.328056
MG549,37.382389,-4.666389
MG555,36.629944,-4.208917
MG557,37.515917,-4.667611
MG577,36.421806,-3.911167
MG620,36.447806,-4.337944
MG622,36.421222,-4.146
MG624,36.403444,-4.276306
MG626,36.37675,-4.084472
MG628,36.359028,-4.214722
MG630,36.332222,-4.023028
MG632,36.314583,-4.153194
MG636,36.270111,-4.091778
MG650,36.813861,-4.694194
MG651,36.651306,-4.466111
MG680,36.748028,-4.643667
MG681,36.667861,-4.452694
MG682,36.630556,-4.208972
MG683,36.538694,-4.113778
MG684,36.393472,-4.328556
MG685,36.519083,-4.50325
MG719,36.575111,-4.200444
MG721,36.6865,-4.184972
MG723,36.527889,-4.13875
MG727,36.483389,-4.077167
MG729,36.810167,-4.426556
MG731,36.438861,-4.015611
MG733,36.603806,-3.979083
MG735,36.394306,-3.954167
MG737,36.507472,-3.939417
MG801,36.581583,-4.285306
MG803,36.826472,-4.130722
MG813,36.599917,-4.394333
MG821,36.597278,-4.075528
MG822,36.646167,-3.974361
MG823,36.820472,-3.847639
MG833,36.624028,-4.428
MG834,36.5355,-4.460111
MG841,36.506889,-4.541611
MG842,36.561028,-4.917861
MG843,36.678389,-5.422722
MG844,37.197639,-5.723639
MG850,36.698639,-4.532333
MG851,36.679639,-4.505722
MG852,36.67275,-4.713694
MG853,36.855556,-4.788639
MG854,36.955667,-4.826778
MG855,36.995222,-4.664333
MG901,36.815222,-4.615167
MG902,36.98075,-4.432861
MG903,37.835861,-3.745639
MG904,36.93525,-4.232889
MG911,36.911306,-4.650222
MG912,36.875917,-4.798111
MG913,36.634694,-4.815083
MG921,37.0045,-5.166472
MG922,37.279333,-5.43225
MG930,36.753556,-4.592722
MG931,36.731972,-4.584889
MG941,36.834889,-4.5315
MG942,36.650278,-4.464667
MGA47,36.932358,-5.328447
MGA72,36.618639,-5.831714
MGERK,38.771111,-75.3025
MIAOU,42.589864,-70.876078
MIBIE,38.450239,-77.320519
MIBKA,56.629125,-76.499867
MIBME,45.638358,-70.270636
MIBMU,43.556539,-79.769381
MIBNA,60.083333,-80.0
MIBNO,60.583333,-62.533333
MIBSU,49.793317,-79.664758
MICAH,40.1592,-77.446403
MICAL,41.221261,-73.850244
MICCI,43.8583,-75.799858
MIDAF,63.341447,-19.781778
MIDBA,43.839306,-79.423322
MIDDL,41.547217,-72.747172
MIDGI,50.318414,-63.498908
MIDJA,63.284,-20.384183
MIDJO,52.79845,-2.807567
MIDKU,53.4535,-60.085
MIDLU,52.304531,-78.511767
MIDRE,36.982386,-76.783014
MIDSO,52.235306,-56.208606
MIDST,40.969686,-78.427561
MIDVE,36.193631,-77.966458
MIDVO,46.53825,-65.842308
MIFEW,52.620139,-0.100589
MIFFE,43.310925,-75.812942
MIFKO,53.748408,-2.566808
MIGET,41.294564,-78.864303
MIGFO,38.347183,-9.365861
MIGLI,49.525833,-58.246667
MIGLO,44.635833,-76.210528
MIICH,41.951503,-72.949669
MIIDY,38.869278,-76.296794
MIIKE,44.88045,-68.933206
MIJAG,55.613614,-4.329294
MIKEF,40.887392,-74.328608
MIKEJ,38.632625,-77.583589
MIKEL,54.275,-4.862778
MIKKY,42.313478,-79.727658
MIKLA,63.848333,-17.574167
MIKVU,64.330083,-22.187347
MIKYG,40.601667,-75.819722
MILBE,38.906306,-76.884394
MILEE,39.408736,-74.796669
MILHI,38.145125,-77.440369
MILID,42.507189,-75.036744
MILKE,40.354314,-79.672439
MILLY,38.917864,-77.594547
MILRE,39.098822,-76.604681
MILS1,38.75,-3.204167
MILS2,38.75,-5.083333
MILTT,42.273644,-71.049189
MILUE,37.058275,-76.974208
MILUM,41.220658,-73.047678
MILWO,40.300892,-79.385803
MIMAE,36.937278,-76.064233
MIMBO,41.570833,-11.377222
MIMDE,44.671653,-75.522789
MIMDI,36.6,-1.216667
MIMIC,41.826561,-71.571231
MIMKU,56.0,-10.0
MINGU,39.826111,-1.480833
MINIE,38.936631,-77.125575
MINNK,41.361297,-71.424222
MINQI,49.033333,-2.056944
MINSK,41.412258,-78.250458
MINTA,37.128889,-7.383333
MINTZ,37.862331,-76.848919
MIPEB,50.042239,-79.781672
MIPED,43.941453,-79.441678
MIPEL,45.568453,-73.330739
MIPEV,47.979636,-77.759142
MIPID,43.050686,-79.915236
MIPIG,50.0129,-79.991811
MIPKE,39.1375,-79.120278
MIPOB,58.525544,-77.967958
MIPOP,50.040528,-79.705069
MIPOV,46.435228,-70.753372
MIPRU,38.273611,-26.364722
MIRAN,54.970678,-59.494783
MIRED,50.043036,-79.709575
MIROB,45.894731,-66.428014
MIROG,47.674336,-52.912219
MIROY,40.315478,-78.357417
MIRPO,42.631111,-2.155389
MIRRE,66.700125,-18.160206
MIRSI,53.537969,-2.711711
MIRTE,42.856161,-78.576094
MIRUG,43.735008,-79.540408
MIRUX,50.273878,-63.921606
MISAT,45.821014,-74.534728
MISAV,43.538789,-79.442783
MISIP,45.818378,-63.355589
MISIX,43.906389,-79.129167
MISOP,46.128997,-72.278819
MISSE,44.854075,-74.9158
MISTE,43.355361,-8.085194
MISUP,46.496939,-67.667522
MITAG,47.582592,-72.931461
MITAH,44.689117,-74.504828
MITAL,71.31405,-79.312983
MITAM,48.739833,-54.888903
MITAP,48.376744,-72.103236
MITCH,38.9665,-76.741331
MITEP,48.692833,-71.118081
MITER,38.216994,-78.582214
MITEY,38.622044,-76.929797
MITIG,45.457775,-73.930092
MITIK,44.948128,-63.445689
MITIM,46.454839,-67.643989
MITOX,46.037608,-60.231861
MITSO,53.651906,-0.893819
MITUD,45.112619,-79.741244
MITUX,43.866183,-79.712056
MIVAD,47.679444,-54.150833
MIVAG,46.893028,-71.388978
MIVAX,47.439294,-70.159406
MIVIL,47.606828,-67.60705
MIVIM,63.017469,-70.058264
MIVIP,47.629494,-65.740208
MIVLA,50.775,-1.266117
MIVOE,35.845869,-78.026558
MIVOK,44.360053,-77.589056
MIVON,44.996031,-63.541747
MIWAK,48.836667,-68.058
MIXAK,47.242053,-76.915369
MIXID,51.640311,-76.417294
MIXNN,39.253333,-77.34
MIXOT,45.280367,-75.596353
MIXOV,49.216667,-78.366667
MIXUE,42.154725,-77.189292
MKORD,39.847972,-74.869836
ML01,65.573789,-18.073183
ML04,53.160631,-3.002675
ML05,55.857772,-4.459703
ML05R,37.758611,-0.833306
ML06,55.936372,-3.412608
ML07,55.030511,-1.717711
ML08,53.2987,-60.460419
ML09,59.879947,-1.321914
ML09Y,37.417833,-5.922556
ML09Z,37.417806,-5.933
ML0RX,37.762139,-0.828694
ML10,38.286556,-0.589583
ML12,62.075806,-7.338517
ML13,64.136522,-21.973861
ML14,53.877567,-1.678511
ML15,42.794222,-1.663944
ML16,54.309575,-1.548511
ML17,54.670542,-6.235717
ML18,36.99715,-25.175639
ML18L,40.544806,-3.559444
ML18R,40.539556,-3.574889
ML19,65.693092,-18.0795
ML20,53.589228,-0.340531
ML20Y,36.764056,-6.050639
ML20Z,36.769806,-6.047806
ML21,43.324306,-8.358972
ML21Z,40.970861,-5.488889
ML22,53.195625,-2.952303
ML23,55.889525,-4.40035
ML23L,37.791472,-0.790694
ML24,55.963464,-3.332681
ML25,55.0453,-1.661983
ML25L,35.634258,-0.582036
ML25R,35.635517,-0.586819
ML26,54.086583,-4.597503
ML27,59.883106,-1.265822
ML28,53.769669,-2.989511
ML28R,53.434611,-6.234139
ML28Z,35.728672,-5.889283
ML29,44.822894,-0.6879
ML29Y,43.556889,-6.006389
ML30,51.388708,-3.318331
ML30R,41.650389,-0.996778
ML31,49.168606,-0.439806
ML32,53.849311,-1.635092
ML32L,40.448194,-3.538778
ML32R,40.458417,-3.520806
ML35,54.116353,-3.262231
ML361,40.894944,-8.644061
ML362,40.896608,-8.644211
MLA41,41.475878,-0.606764
MLA47,41.373833,-0.821583
MM02,38.757639,-9.148556
MM20,38.799833,-9.126167
MM23,45.667639,-0.292056
MMJAY,35.358711,-79.532642
MN06,55.935789,-3.411575
MN08,44.977353,-64.944136
MN09,52.8306,-1.361069
MN224,38.670311,-78.497794
MN24,55.962883,-3.331714
MN25L,48.45415,-4.388086
MN26,50.739639,-3.373964
MN262,35.314758,-2.895022
MN27,52.830558,-1.293422
MN27Y,46.178031,-1.168725
MN31,49.166825,-0.437044
MNKEY,39.309117,-76.776531
MNSFD,41.995083,-71.186181
MNSTA,42.684258,-72.630192
MNTIN,42.859169,-71.390808
MOATT,58.025,-59.928333
MOAWK,42.750328,-79.849467
MOB11,65.445431,-18.164883
MOB12,65.432431,-18.171472
MOB15,65.886647,-18.132242
MOB16,65.908119,-18.137819
MOB20,65.965925,-18.152881
MOB82,65.502311,-18.135981
MOBAL,45.338408,-71.863622
MOBEG,49.836517,-64.288619
MOBEL,43.658333,-79.373056
MOBEP,45.650558,-73.205094
MOBFO,35.95025,-78.545339
MOBIM,55.4239,-77.532311
MOBOT,43.655828,-79.690647
MOBRU,48.437944,-4.02475
MOBUB,46.175,-72.926389
MOBUT,53.365403,-60.300467
MOBUX,46.104367,-60.133539
MOCEQ,38.309556,-4.686639
MOCHA,59.54875,-1.366519
MOCQO,52.463356,-3.343667
MODAE,38.369178,-78.963292
MODAR,54.103947,-58.093783
MODAV,43.994017,-78.825572
MODEE,38.098769,-76.764786
MODEL,37.733808,-76.690792
MODEN,48.300314,-69.873647
MODEP,45.26795,-75.572486
MODGO,60.445239,-7.665333
MODIR,44.922086,-63.778936
MODLE,42.396931,-71.208717
MODLL,38.678547,-77.463553
MODMI,51.233608,-0.486108
MODOK,51.887872,-66.617239
MODOL,43.712922,-79.774681
MODON,45.292786,-75.936494
MODOP,48.350017,-64.665572
MOEEE,41.661469,-69.531433
MOEJO,38.575747,-77.114261
MOFAT,49.18,-72.999444
MOFWE,52.810936,-3.223172
MOGEG,46.221667,-72.035
MOGEK,47.683008,-52.865981
MOGEL,44.344481,-64.642292
MOGFE,44.829811,-70.057608
MOGLI,52.308333,-0.269064
MOGLO,55.5,-14.0
MOGMO,53.411944,-1.214167
MOGTA,53.168889,-2.636111
MOGUE,41.994858,-78.746394
MOGUL,41.722989,-72.009131
MOHEE,39.645072,-75.082264
MOHLR,39.568383,-79.602225
MOIRE,40.805636,-73.415844
MOISE,41.061544,-73.503528
MOISH,39.014139,-76.340261
MOKDO,38.609722,-26.924444
MOKEB,48.719278,-3.307778
MOKOR,47.006944,-2.013889
MOKRR,38.564469,-77.465197
MOKSE,35.270544,-79.346856
MOKUP,47.096389,-1.443611
MOLAK,54.613583,-9.506314
MOLAL,56.650642,-6.71935
MOLDE,42.240997,-72.489872
MOLIN,39.0,-4.685833
MOLNE,41.542972,-73.856267
MOLOV,48.767889,-3.606
MOLUV,36.686194,-2.608861
MOMDE,41.557894,-72.586508
MOMIN,53.113389,-9.392667
MONAT,37.155725,-79.629781
MONAV,58.385006,-1.636394
MONCK,43.075933,-77.893519
MONDI,41.154783,-72.199658
MONER,35.380569,-79.281717
MONEY,40.125,-72.516667
MONNA,38.170364,-78.080742
MONNK,39.167533,-78.140003
MONOX,43.622083,-1.337222
MONRC,42.776744,-72.139253
MONSO,41.976772,-70.840892
MONTE,37.058333,-5.488889
MONTK,40.814775,-71.012642
MONTO,39.221667,-4.496944
MONTU,46.93,-1.146667
MONTY,52.892778,-3.174011
MOOEE,36.67455,-78.845444
MOOGZ,40.9853,-74.079531
MOONI,41.631467,-73.322064
MOOOV,38.730794,-77.462797
MOOVY,40.711075,-75.562947
MOPAT,51.498667,-7.093675
MOPDE,38.795622,-76.864489
MOPIR,39.4125,-0.837778
MOPUK,48.714333,-3.509611
MOPZU,66.511472,-53.473019
MORAG,52.752778,-5.5
MORAL,39.0,-3.542167
MOREZ,51.209419,-0.496833
MORGY,35.07315,-78.821644
MORSL,39.199289,-74.682631
MORTO,40.596861,-76.958033
MORTY,39.219264,-77.138872
MOSCO,43.203611,-3.841361
MOSEN,41.786667,-6.560833
MOSHU,38.863333,-9.380278
MOSKO,41.389597,-75.479375
MOSLE,39.219003,-78.237747
MOSSE,40.431947,-74.845686
MOSUN,51.893803,-2.436136
MOTAG,48.821389,-3.702583
MOTAR,42.399861,-78.910972
MOTBE,38.751736,-76.917075
MOTEL,42.021108,-72.579603
MOTEY,43.196942,-76.029881
MOTIE,38.170139,-77.773325
MOTIK,44.478333,-0.833333
MOTIL,39.538778,-1.745194
MOTRE,39.005389,-76.902583
MOTUE,36.264603,-76.281833
MOUGH,38.988,-71.9452
MOUSA,60.0,-1.16
MOVEN,52.061892,-1.812978
MOVEX,48.384444,-3.928889
MOVFA,40.231794,-74.066239
MOWAT,39.266,-77.360167
MOWND,45.376667,-66.657222
MOWUZ,53.437894,-0.342725
MOXAL,64.083333,-18.0
MOXXY,36.046286,-77.325475
MOYER,44.208361,-69.968744
MOYIK,43.09965,-76.376811
MOYVY,42.333347,-79.070911
MOZMO,45.482089,-68.785408
MOZWA,53.05215,-4.63615
MQ001,39.400742,-31.112331
MQ01Z,42.206833,-8.632472
MQ02,50.928781,-1.368003
MQ05,55.856308,-4.461147
MQ06,69.221336,-51.106344
MQ07,53.739264,-2.912908
MQ08,53.026708,-0.526969
MQ09,66.984531,-50.852253
MQ097,38.519497,-28.793492
MQ10,63.985017,-22.675483
MQ12,63.4371,-20.356817
MQ13,66.959883,-53.878664
MQ138,63.451875,-20.443608
MQ19,65.710669,-18.094228
MQ21,65.314017,-14.374114
MQ23,55.883997,-4.408306
MQ25,51.758161,-1.535667
MQ26,53.031856,-0.458981
MQ261,38.508306,-28.674722
MQ27,58.959983,-2.872633
MQ27Z,46.177989,-1.167069
MQ29,68.724719,-52.749433
MQ30,63.417325,-20.224372
MQ31,43.362825,-0.387964
MQ325,66.094075,-22.818772
MQ34,57.178792,-2.181061
MQ400,65.403322,-52.910233
MQ401,65.35785,-52.765658
MQ402,65.315161,-52.630778
MQ403,65.381281,-52.510322
MQ404,65.377231,-53.056844
MQ405,65.286494,-53.082775
MRAVE,40.682228,-74.257178
MREEE,44.196878,-74.390847
MRION,38.664428,-77.018961
MRKEE,43.7669,-70.382897
MRL23,48.290167,-4.4295
MRN34,37.612222,-5.171389
MRN55,37.761692,-4.73335
MRN70,38.077825,-4.686972
MRN85,38.078822,-4.244444
MRRTN,39.549319,-76.271236
MRS21,47.178083,-1.59175
MRTIN,39.922678,-74.983364
MRTZY,38.502664,-77.466081
MS281,38.708228,-9.003581
MSAAD,42.757633,-71.21015
MSBOX,36.836361,-77.472058
MSKTO,38.267247,-78.864369
MSLIN,41.491894,-74.553967
MT01,53.232367,-4.543364
MT01L,38.053744,-7.936619
MT03,40.939864,-5.511047
MT04,50.992833,-2.656728
MT05,51.135197,-1.785939
MT06,44.521136,-1.154631
MT07,53.738283,-2.912608
MT08,53.302297,-60.453881
MT09,51.235306,-0.966517
MT10,36.649556,-6.386278
MT11,48.332611,-71.025269
MT13,53.261364,-4.562903
MT16,54.319225,-1.557289
MT18,48.346019,-70.998711
MT19,53.273319,-4.534964
MT19R,38.108503,-7.929342
MT1RY,41.686056,-1.095969
MT1RZ,41.687892,-1.095864
MT21Z,40.969206,-5.490489
MT22,51.018969,-2.624361
MT23,48.292086,-4.429872
MT23Y,51.171072,-1.713294
MT23Z,51.171072,-1.713294
MT25,53.7542,-2.833089
MT26,53.327272,-60.3919
MT27,51.234669,-0.921533
MT28,36.64075,-6.313639
MT31,53.2299,-4.498897
MT34,54.266772,-1.514528
MT36,40.897064,-8.644308
MT3RY,41.648958,-0.998953
MT3RZ,41.649547,-0.994986
MTAPN,42.280981,-71.055667
MTCAF,41.769817,-76.522383
MTJOY,40.091842,-76.502158
MTNER,39.398475,-79.875136
MUBLE,38.232667,-76.505011
MUCOW,42.483042,-72.952286
MUDAE,38.708881,-76.890128
MUDDI,43.744403,-72.857478
MUDDR,40.866636,-76.501219
MUDNE,40.097208,-75.423356
MUDRE,40.784778,-75.224256
MUFIE,40.717181,-74.399058
MUFLY,36.00095,-78.519067
MUGAW,37.57185,-77.307706
MUGGY,42.895756,-71.754783
MUGOE,41.884614,-79.907383
MUGZY,41.030128,-74.969361
MUHAP,39.081328,-79.743744
MUHDY,43.518333,-76.843056
MUJIK,42.555058,-73.796383
MUKRE,38.983208,-75.262728
MULAT,39.399917,-0.179917
MULKY,39.03195,-77.473561
MULLA,51.894667,-8.330333
MULRR,39.631422,-77.335697
MULXI,43.038811,-73.806189
MULYM,51.821428,-2.782503
MUMSY,39.41325,-78.147242
MUMVE,41.545614,-74.638239
MUNBI,48.1105,-78.3085
MUNBO,52.124167,-64.799722
MUNCI,41.321275,-76.472475
MUNEY,38.5,-64.964361
MUNGY,39.846992,-74.878372
MUNLO,45.851972,-66.595375
MUNNZ,40.766228,-74.238708
MUNSU,48.670897,-71.239392
MUNZA,44.529233,-74.344811
MUPDO,46.335142,-74.799967
MUPKO,46.783953,-71.502731
MUPLY,36.259581,-79.258683
MUPNI,48.411542,-64.828461
MUPRA,45.876481,-71.375958
MUPTU,45.702314,-63.326619
MUPUR,47.349325,-79.647836
MURDI,54.255375,-58.767181
MUREL,49.321389,-3.550556
MURKO,64.185147,-76.390014
MURKU,52.695114,-55.862228
MURLO,44.089722,-55.927778
MURMR,42.334428,-70.964497
MURNO,43.416944,-79.6775
MUROK,48.025419,-65.313622
MUROM,44.909358,-76.180539
MURON,44.373675,-79.820303
MURPH,39.464228,-76.385344
MURPI,43.892511,-78.92375
MURTU,60.222144,-77.366156
MURUG,47.629108,-70.286519
MURUM,43.651997,-78.959525
MURUX,46.880394,-71.305403
MURVA,62.472758,-77.787897
MURVI,49.1317,-56.865322
MURVO,44.597689,-79.292219
MUSAD,45.55,-65.883611
MUSAK,48.0,-52.0
MUSAX,48.336081,-71.350339
MUSDO,58.603936,-70.028692
MUSDU,45.825825,-70.828611
MUSET,43.347778,-79.521944
MUSGI,47.539175,-67.614572
MUSID,50.56875,-59.411944
MUSIX,46.397869,-79.314433
MUSLO,60.166667,-62.0
MUSOJ,38.237669,-78.430072
MUSOV,56.614,-76.502861
MUSVA,64.0,-63.0
MUSVI,44.975386,-63.418672
MUSVU,45.770456,-63.258164
MUSYK,40.72345,-75.325214
MUTAK,61.976303,-75.719022
MUTEK,47.017086,-67.599717
MUTIB,45.608333,-71.868056
MUTKA,44.023261,-66.185956
MUTNA,45.005789,-73.557681
MUTNY,46.215664,-67.520075
MUTSA,46.114336,-66.056222
MUTUP,43.762731,-79.469794
MUTVE,35.313867,-75.620775
MUVBO,65.997239,-66.117394
MUVEP,58.116333,-68.383667
MUVGE,41.2439,-72.890442
MUVGU,46.466653,-72.711447
MUVKA,45.746039,-72.761264
MUVOK,43.654881,-79.692019
MUVOX,44.864169,-64.203325
MUVRE,43.981344,-75.746569
MUVRI,45.806842,-77.281569
MUVSA,46.668231,-67.219742
MUVUV,44.148431,-77.475386
MUXEL,44.671339,-65.623669
MUXIG,43.287367,-79.746161
MUXIK,45.9158,-66.649089
MUXIL,45.4,-73.718889
MUXIN,48.596036,-68.207694
MUZIK,41.176211,-73.322047
MV321,72.105172,-22.849733
MV32F,72.198094,-23.603092
MV33,38.734892,-27.063747
MVM01,72.245464,-23.999472
MVM02,72.256389,-23.543611
MW085,35.069578,-3.355664
MW262,35.014911,-2.878711
MW264,35.031867,-2.779353
MWVYB,44.812958,-75.3385
MX06Z,37.314297,-79.99855
MY,62.106897,-7.587675
MYFOO,39.436153,-75.612417
MYNOT,42.285503,-70.750553
MYOWN,35.125925,-79.496519
MYPAL,42.832458,-79.307808
MYRAR,64.702222,-22.148056
MYRCA,40.345269,-73.949464
MYRON,40.617356,-79.865161
MYSTK,42.447219,-71.117447
MYTHY,39.003922,-76.484697
N03HP,35.699017,-77.982011
N10HP,42.943439,-74.389864
N28HP,42.952786,-74.261253
N30HP,41.882922,-70.923672
N3561,35.5,-61.0
N3562,35.5,-62.0
N3563,35.5,-63.0
N3564,35.5,-64.0
N3565,35.5,-65.0
N3566,35.5,-66.0
N3567,35.5,-67.0
N3568,35.5,-68.0
N3569,35.5,-69.0
N3570,35.5,-70.0
N3571,35.5,-71.0
N3572,35.5,-72.0
N3661,36.5,-61.0
N3662,36.5,-62.0
N3663,36.5,-63.0
N3664,36.5,-64.0
N3665,36.5,-65.0
N3666,36.5,-66.0
N3667,36.5,-67.0
N3668,36.5,-68.0
N3669,36.5,-69.0
N3670,36.5,-70.0
N3671,36.5,-71.0
N3672,36.5,-72.0
N3761,37.5,-61.0
N3762,37.5,-62.0
N3763,37.5,-63.0
N3764,37.5,-64.0
N3765,37.5,-65.0
N3766,37.5,-66.0
N3767,37.5,-67.0
N3768,37.5,-68.0
N3769,37.5,-69.0
N3770,37.5,-70.0
N3771,37.5,-71.0
N3861,38.5,-61.0
N3862,38.5,-62.0
N3863,38.5,-63.0
N3864,38.5,-64.0
N3865,38.5,-65.0
N3866,38.5,-66.0
N3867,38.5,-67.0
N3868,38.5,-68.0
N3869,38.5,-69.0
N4405,44.5,-5.0
N4460,44.5,-60.0
N4680,46.5,-80.0
N4760,47.5,-60.0
N4770,47.5,-70.0
N4780,47.5,-80.0
N4870,48.5,-70.0
N4880,48.5,-80.0
N4970,49.5,-70.0
N4980,49.5,-80.0
N5060,50.5,-60.0
N5070,50.5,-70.0
N5080,50.5,-80.0
N5170,51.5,-70.0
N5180,51.5,-80.0
N5270,52.5,-70.0
N5280,52.5,-80.0
N5370,53.5,-70.0
N5380,53.5,-80.0
N5470,54.5,-70.0
N5480,54.5,-80.0
N5570,55.5,-70.0
N5580,55.5,-80.0
N5680,56.5,-80.0
N5770,57.5,-70.0
N5780,57.5,-80.0
N5870,58.5,-70.0
N5880,58.5,-80.0
N5970,59.5,-70.0
N5980,59.5,-80.0
N6070,60.5,-70.0
N6080,60.5,-80.0
N6170,61.5,-70.0
N6270,62.5,-70.0
N6280,62.5,-80.0
N6370,63.5,-70.0
N6380,63.5,-80.0
N6470,64.5,-70.0
N6480,64.5,-80.0
N6570,65.5,-70.0
N6580,65.5,-80.0
N6670,66.5,-70.0
N6680,66.5,-80.0
N6770,67.5,-70.0
N6780,67.5,-80.0
N6870,68.5,-70.0
N6880,68.5,-80.0
N6970,69.5,-70.0
N6980,69.5,-80.0
N7070,70.5,-70.0
N7080,70.5,-80.0
N7170,71.5,-70.0
N7180,71.5,-80.0
N7270,72.5,-70.0
N7280,72.5,-80.0
N7380,73.5,-80.0
N7480,74.5,-80.0
NAADA,39.498133,-74.672497
NABAH,41.74295,-71.276286
NABBO,42.195189,-71.087
NABIC,39.526469,-76.941722
NABIN,46.176614,-64.601136
NABOG,48.425,-77.807833
NABOR,42.968617,-76.784878
NABTI,43.926608,-60.072061
NABTU,53.486022,-60.709778
NABUB,53.114156,-60.287572
NABUX,48.543797,-71.760083
NACCO,38.847494,-76.933253
NACYN,39.613664,-75.416472
NADAB,45.336261,-76.13915
NADBU,45.928247,-64.817069
NADGO,45.655197,-61.021733
NADGU,42.9699,-79.337186
NADMA,71.067208,-64.926264
NADMO,46.4315,-63.842667
NADNE,40.423267,-79.071267
NADPU,62.106381,-75.685967
NADSE,38.772264,-77.029772
NADSY,43.1876,-76.207342
NADUL,47.449131,-79.304272
NADUM,43.517222,-79.076389
NADVA,44.067828,-79.0996
NADVU,53.585308,-57.280181
NAGED,56.676275,-78.993917
NAGEK,46.614881,-71.208794
NAGGI,36.902778,-75.785
NAGID,71.269433,-79.103822
NAGIX,47.449225,-79.359783
NAGLA,52.308436,-55.982394
NAGLU,47.669672,-52.644958
NAGNO,46.703719,-77.474181
NAGNU,44.442019,-79.003836
NAGPA,48.326542,-72.202917
NAGPI,48.506164,-71.328458
NAGSO,48.971333,-54.670833
NAGTI,43.492589,-79.382928
NAHOG,52.998214,-0.232503
NAILR,38.455317,-77.907567
NAKEG,44.846558,-66.644658
NAKEP,49.184008,-66.758264
NAKID,49.715025,-4.622936
NAKMI,46.349689,-70.669678
NAKMO,45.050342,-79.325725
NAKRI,53.71195,-56.969664
NALAN,61.0,-6.0
NALDE,36.510019,-76.465314
NALDI,64.5,-63.0
NALEE,38.610539,-76.913936
NALMI,43.49505,-79.574
NALNA,61.495275,-71.611658
NALRU,46.594431,-71.30135
NALTU,44.188406,-78.596117
NALVA,58.132328,-68.321747
NAMAR,47.884722,-0.458611
NAMDY,38.961722,-77.551472
NAMGI,43.848889,-79.753889
NAMGO,53.496439,-75.896986
NAMPO,48.508303,-71.948408
NAMSU,58.860442,-69.92045
NAMTO,45.900506,-72.327492
NANBO,60.101125,-69.974225
NANCI,40.495564,-74.113519
NANDO,39.988861,-2.174556
NANEV,57.574631,-2.453864
NANKE,46.632781,-68.027647
NANOK,61.916861,-49.290547
NANRO,52.655819,-66.707978
NANRU,52.419047,-55.624753
NANSI,63.135278,-46.995833
NANSO,44.488889,-56.071111
NANTI,53.137372,-2.566808
NANUK,72.166664,-22.668058
NANUM,52.026381,-1.629722
NANVE,40.709689,-74.285278
NANVU,48.165639,-70.8243
NAPAT,63.940258,-23.710519
NAPDI,52.046531,-65.842481
NAPEE,45.172994,-73.669444
NAPEX,53.206289,-0.86105
NAPIB,65.139722,-43.730833
NAPKU,47.476772,-61.678989
NAPLO,50.227222,-58.765278
NAPNU,46.046461,-72.021192
NAPZA,38.840556,-9.767778
NARBO,42.139806,-8.228278
NAREE,40.190681,-74.559086
NARGO,38.738306,-0.998667
NARMI,35.636389,-5.4975
NARMO,64.2333,-22.427583
NARTA,36.056389,-12.558056
NARVE,39.307003,-74.796761
NASAE,36.977728,-78.523778
NASBA,49.0,-13.0
NASBU,63.946667,-20.348056
NASEE,44.453864,-73.113158
NASHH,36.536111,-76.25
NASHU,45.042231,-68.537258
NASIE,35.939508,-77.136389
NASKK,45.405786,-73.809267
NASOP,65.566667,-34.583333
NASTY,40.492408,-79.908092
NATEB,55.038447,-1.698369
NATID,38.881672,-9.54775
NATKO,53.453331,-4.635256
NATNO,66.0,-26.0
NATPA,39.918889,-4.586389
NAVBE,37.199906,-79.88005
NAVEY,38.969719,-76.591461
NAVIX,35.520556,-16.234444
NAVPO,37.621111,-25.316389
NAVSO,55.222783,-3.813508
NAVUT,36.704444,-5.693611
NAXAT,51.789167,-1.965556
NAXGE,44.271886,-68.8099
NAXIL,56.956667,-2.723889
NAYIK,40.80795,-73.627306
NAYIN,35.227353,-78.953692
NAYLO,38.180511,-78.774417
NAZIR,47.150722,-1.974028
NB,65.326108,-18.293589
NEAVL,36.978861,-77.758283
NEBDE,39.998222,-74.605833
NEBIN,53.5,-15.0
NEBTE,40.801675,-74.05945
NECCK,40.311608,-74.159942
NECOL,40.550919,-74.175064
NECTA,36.932083,-4.799444
NEDAN,47.440556,-1.264722
NEDEX,51.876992,-1.472131
NEDUL,50.666111,-1.547739
NEEDY,41.892819,-72.530036
NEEKO,52.4,-55.833333
NEELY,41.485764,-74.228008
NEGRI,38.878611,-13.404444
NEIDA,38.418797,-75.444686
NEION,41.228114,-74.580772
NEIVA,43.221564,-72.638689
NEKAD,53.864722,-8.480917
NEKIC,45.01625,-74.7757
NEKPE,40.634833,-76.393778
NEKSA,51.465478,-0.167192
NELBO,54.490042,-5.302886
NELIE,41.941011,-72.688578
NELKO,50.703939,-0.954942
NELSA,53.863333,-2.184797
NEMAK,52.068639,-9.7925
NEMAN,37.479489,-77.050861
NEMOE,40.658383,-74.795736
NENEM,44.051389,-3.150278
NENNO,40.196239,-74.366406
NENRI,49.230989,-1.920133
NENTE,40.690442,-75.379419
NENYI,39.366611,-74.804789
NEPGE,41.768419,-78.591983
NEPOD,52.949222,-6.174944
NEPOG,52.815056,-8.907333
NEQWU,42.190239,-78.955742
NERDY,40.98755,-79.677208
NERKO,64.217744,-22.605256
NERKU,37.4415,-1.461
NERLE,36.180361,-79.830578
NERTU,49.0,-14.0
NERVA,41.723489,-79.97825
NERVY,40.161297,-76.680319
NERYO,35.670522,-78.041394
NESDA,36.821472,-3.741722
NESDI,57.121667,-4.146756
NESDU,39.0518,-28.262669
NESOK,65.256322,-13.163117
NESSA,41.427061,-72.793536
NESSI,41.100444,-73.039244
NESTA,60.0,-4.166667
NESTO,40.194458,-79.713747
NESTT,41.359956,-71.334828
NETID,37.666458,-25.980303
NETKI,55.0,-14.0
NETLE,42.157222,-72.539167
NETUE,36.336086,-75.933431
NETUK,43.258333,-1.615556
NETVO,38.640044,-9.211397
NEUMN,40.896667,-73.641667
NEVGE,42.107072,-78.227539
NEVIL,50.0,-0.368233
NEVRI,54.068342,-6.269839
NEVUD,38.567692,-9.313608
NEVVR,39.070358,-77.991714
NEWBE,41.206775,-71.074144
NEWEL,40.921944,-75.170833
NEWMN,41.997497,-73.978033
NEWON,42.525656,-76.309675
NEWRO,36.299242,-76.178322
NEXAN,50.797578,-3.004975
NEXAT,51.938889,-6.575556
NEXEM,63.931156,-22.127611
NEXEP,43.198889,-9.499806
NEZZZ,37.512297,-76.862861
NF401,65.349117,-13.524467
NFF41,65.226539,-13.304781
NFF51,65.265719,-13.45515
NFI50,65.327294,-13.395467
NFM42,65.189122,-13.481411
NFM52,65.188717,-13.529367
NGINI,39.083511,-76.727536
NH28F,53.762639,-2.846669
NH28I,53.755614,-2.706714
NHANT,42.439789,-70.966658
NHLEN,39.230544,-77.911606
NIBDA,51.0145,-0.917078
NIBEN,40.05625,-0.26175
NIBOG,55.0,-10.0
NICAD,40.541789,-73.301564
NICOD,41.410106,-71.198442
NICSO,47.5,-52.0
NICTO,40.451342,-75.518717
NICVI,44.770231,-74.419728
NICXI,52.012889,-5.054939
NIDAE,41.198472,-73.587419
NIDGA,50.147039,-5.528069
NIDGO,50.949439,-0.768825
NIDGY,40.075275,-79.520864
NIDON,37.083472,-2.093222
NIDUQ,44.300994,-72.876733
NIELD,45.102636,-68.575272
NIFTY,60.966667,-58.0
NIGAG,46.256389,-0.27875
NIGIT,51.313044,-1.170753
NIKAL,37.644222,-5.747944
NIKKO,42.760392,-70.033764
NIKLE,38.57415,-77.152478
NIKOV,40.486111,-2.413667
NILAT,65.568683,-15.379644
NILAV,45.0,-13.416667
NILDA,38.684167,-27.009722
NILKY,36.07545,-79.081264
NILLY,36.937897,-76.277692
NILUW,43.481164,-71.721825
NIMAT,53.965028,-5.742153
NIMDE,35.011386,-79.729169
NIMEE,41.660686,-78.442811
NIMOY,42.301586,-70.920583
NINEB,54.062297,-4.128289
NINEX,58.855431,-9.5
NINIE,43.319794,-76.432606
NINSU,68.037778,-51.369722
NIPHI,44.951481,-75.140947
NIPIE,41.100753,-74.132447
NIPIT,54.452581,-8.402717
NIPLO,46.313806,-0.078417
NIPOT,63.947161,-51.916325
NIPPY,43.689744,-73.968539
NIRAK,37.245861,-7.4285
NIRAP,46.467861,-0.170083
NIRIF,52.298853,-5.567869
NIRMO,51.912303,-1.893508
NIRVY,42.438244,-77.037775
NISAE,38.366975,-77.967781
NISBI,53.358056,-0.655833
NISKA,54.25,-2.509264
NISPL,39.661564,-77.050703
NISVO,58.643158,-3.313986
NITEM,47.430278,-1.806389
NITEN,50.943169,-0.130642
NITIL,53.466667,-6.631944
NITOX,36.774722,-4.708417
NITUD,54.815261,-1.887261
NIVDE,38.27105,-76.430158
NIVIC,41.9292,-73.398681
NIVIQ,72.7925,-56.145833
NIYIP,37.159114,-77.535425
NIYIY,40.597272,-73.815178
NIZOL,64.271747,-23.362144
NJ02F,53.489586,-0.409311
NJ20F,53.671981,-0.283139
NJM01,53.642258,-0.303781
NJM02,53.504583,-0.398981
NL01A,54.280694,-3.378675
NL17F,54.238633,-3.313867
NL17I,54.287078,-3.334411
NL35F,54.045072,-3.232278
NL35I,53.995078,-3.211331
NLM01,54.068511,-3.242114
NLM02,54.052467,-3.351878
NLM03,54.188911,-3.292833
NLM04,54.176644,-3.377092
NLM05,54.108775,-3.404978
NN003,52.644083,-9.047611
NN004,52.682889,-8.965361
NN005,52.817806,-8.679
NN006,52.644333,-9.047389
NN007,52.683194,-8.965306
NN010,52.749,-8.823889
NN012,52.603917,-9.134389
NNICK,40.642578,-74.149589
NOAHA,43.727558,-79.526639
NOBAL,57.255,-2.06
NOBBI,41.423983,-73.637803
NOBCI,40.942,-75.290403
NOBVE,36.017153,-78.771061
NOCAD,53.976842,-4.986961
NOCDI,42.851953,-73.806919
NOCIY,44.438361,-69.054561
NOCYI,35.932089,-79.438056
NODGU,52.615147,-1.928147
NOENO,39.954361,-77.157422
NOGGL,39.232492,-77.527328
NOHEL,66.372925,-15.315414
NOHUB,40.869525,-76.4166
NOKAA,42.554519,-79.175667
NOKIN,53.076667,-2.882847
NOKIY,36.618158,-78.249461
NOKSO,37.083889,-8.946389
NOKTE,45.009589,-70.714536
NOKVI,48.857667,-3.854417
NOLAA,40.822019,-74.780656
NOLEY,42.585469,-70.897983
NOLIN,39.728689,-77.569364
NOLLI,44.128189,-70.146933
NOLMU,42.634278,-8.333917
NOLNU,57.113147,-7.081958
NOLRO,35.781389,-6.036111
NOLSA,42.427611,-1.907417
NOLUE,42.175556,-72.576111
NOMBE,42.997944,-71.734036
NOMSU,53.468344,-3.434386
NOMTA,64.073525,-22.605369
NONBO,64.062442,-23.052658
NONNU,36.937264,-76.492008
NONOE,45.065394,-67.360544
NONRO,65.183333,-30.0
NONSI,51.833639,-8.111056
NONTU,41.500306,-4.169
NOOXX,39.453125,-77.45225
NOPKI,54.087758,-4.435636
NOPOP,43.22455,-79.671203
NOPOT,44.2875,-77.5475
NOPRO,39.187264,-76.758769
NOPUM,47.913139,-59.490297
NOPUX,45.359275,-65.969078
NORAG,43.154572,-79.838481
NORAX,50.373244,-66.532058
NORAY,43.509389,-4.116222
NORBO,55.595933,-4.762072
NORBU,48.741694,-4.423083
NORDA,64.319125,-51.965311
NOREB,47.550122,-68.618628
NOREK,46.934508,-71.328736
NORFI,65.967522,-18.324969
NORIY,42.825078,-71.604461
NORLA,51.619122,-6.869803
NORMI,46.896111,-2.091944
NORNU,63.486167,-20.652572
NOROD,45.621667,-65.768056
NOROE,42.901739,-76.272486
NOROG,56.396931,-79.504811
NOROK,63.536933,-68.074961
NOROL,61.042675,-69.627153
NOROR,43.616117,-79.455078
NORRI,42.740119,-76.005306
NORRY,51.479753,-1.123369
NORSE,42.960522,-74.834367
NORTE,42.5,-2.5
NORTH,38.9225,-8.998333
NORTN,36.046069,-75.874464
NORUM,54.183617,-58.269333
NORUX,46.435392,-79.44785
NOSAG,56.359017,-61.618006
NOSAR,45.200608,-66.959986
NOSAV,53.621536,-73.917828
NOSDU,49.7055,-1.098917
NOSEE,41.760381,-75.934197
NOSEP,48.880444,-67.343503
NOSIC,35.725975,-78.600914
NOSIL,46.759047,-71.610072
NOSKO,40.656333,-2.816722
NOSLO,53.381589,-3.644969
NOSOV,48.389314,-68.277436
NOSUH,41.832664,-71.466642
NOSUL,45.857778,-65.909167
NOSUM,46.568867,-75.295067
NOSUT,46.360556,-73.977222
NOSUV,45.233533,-73.28515
NOTA,55.8075,-12.458333
NOTAN,70.387925,-68.694128
NOTGI,50.58615,-0.417483
NOTIK,46.258456,-60.320406
NOTIL,45.030483,-74.335331
NOTMA,38.812569,-28.056147
NOTOB,66.072719,-66.105775
NOTOD,46.334106,-79.515575
NOTOP,45.452633,-62.011914
NOTOX,48.485592,-68.354925
NOTTY,44.032581,-71.119842
NOTUB,44.681161,-63.467086
NOTUV,52.696744,-76.204219
NOVAG,46.561997,-72.635694
NOVAN,46.322222,-3.699167
NOVAV,46.0325,-72.040542
NOVBA,56.2,-3.180833
NOVCE,41.856633,-70.151469
NOVGO,62.096611,-49.805031
NOVID,46.25225,-73.222517
NOVIP,49.080922,-57.445631
NOVMA,51.036608,-0.754144
NOVMR,51.075039,-1.338414
NOVOD,46.374481,-63.160667
NOVOK,42.381597,-61.201558
NOVOM,43.014414,-79.794658
NOVON,43.876686,-76.606686
NOVOV,53.394536,-60.544589
NOVTE,39.324833,-75.449575
NOVUD,48.236308,-70.948017
NOVUN,45.209444,-72.993611
NOVUT,49.708961,-77.717319
NOVUX,45.209531,-75.681325
NOWAA,50.813333,-73.699444
NOWAE,36.377636,-78.249781
NOWAY,40.699286,-74.127856
NOXEE,37.167325,-76.932792
NOXER,43.474856,-79.535794
NOXIN,45.440872,-73.208086
NOXIR,55.397017,-60.315019
NOXOR,44.573242,-79.838653
NOXSE,41.779331,-71.741078
NOXUG,48.32805,-70.721336
NOXUT,49.926214,-74.399272
NOYAQ,43.838311,-76.307986
NOYZZ,38.913967,-77.389253
NOZHU,49.694736,-3.764578
NOZVY,41.734019,-77.167464
NPTUN,36.4384,-76.340239
NRTON,40.142983,-73.735436
NSIXX,40.916028,-77.732878
NT07F,54.996947,-1.843708
NT07I,54.969561,-1.945986
NT25F,55.079164,-1.533842
NTE05,55.07965,-1.531986
NTHRE,40.885847,-77.785467
NTM01,55.068819,-1.573061
NTM02,55.01385,-1.780344
NTMEG,41.275208,-72.481133
NTNEE,40.796622,-77.730417
NTS01,54.774808,-1.923569
NTS02,54.860467,-1.638664
NTS08,54.926092,-1.744475
NTS12,54.975144,-1.532442
NTW02,55.023128,-1.745486
NTW03,55.012492,-1.785478
NTW04,54.933561,-1.967939
NUBAN,43.775833,-79.478889
NUBAP,52.740667,-75.956475
NUBAV,43.779747,-79.509589
NUBAX,43.711667,-79.837222
NUBEB,45.839872,-66.642517
NUBIB,47.964483,-69.401039
NUBLE,43.166211,-70.716519
NUBLO,42.666111,-4.988889
NUBOD,48.717003,-67.898356
NUBRI,51.337967,-1.232219
NUBRY,42.785756,-70.855761
NUBUG,46.095175,-60.396756
NUBUL,67.407953,-64.522553
NUBUN,46.224069,-71.280811
NUCHU,51.468917,-1.676508
NUCRI,40.603975,-73.902006
NUDAD,45.062672,-64.74025
NUDAG,70.550958,-68.402289
NUDAX,45.6496,-75.333075
NUDED,43.853944,-78.651583
NUDEK,43.852842,-79.403442
NUDID,43.941128,-79.954836
NUDKE,35.771989,-78.017769
NUDOV,50.468975,-59.636681
NUDUE,41.848739,-74.309956
NUFCO,40.838289,-76.546775
NUFIR,51.181914,-1.447658
NUFXO,42.724164,-77.0588
NUGAB,45.898431,-66.580172
NUGAE,40.300372,-75.546978
NUGAK,52.671053,-72.511142
NUGAX,46.453533,-67.150831
NUGBE,36.467892,-79.139847
NUGBO,51.972767,-0.070025
NUGEM,47.219006,-72.768353
NUGGY,39.742933,-76.006169
NUGIB,48.741381,-64.957903
NUGIX,45.806928,-73.887339
NUGNT,41.377222,-79.197222
NUGOD,48.578333,-68.078136
NUGOR,46.009156,-64.585872
NUGOT,49.263222,-57.307847
NUGRA,53.029564,-2.303756
NUGUL,44.398042,-79.275717
NUGUM,45.799553,-66.798908
NUGUT,43.723156,-79.330219
NUGVA,45.263444,-2.396306
NUKRI,63.809817,-51.310567
NULGU,50.871278,-1.994169
NULLY,37.855467,-76.962397
NUMBE,39.551133,-77.224222
NUMEG,40.231708,-74.844944
NUMMY,38.783861,-77.159442
NUMPI,54.144492,-5.593406
NUNBA,63.969511,-51.601772
NUNCE,40.106758,-76.394136
NUNKA,37.013056,-1.808611
NUNKE,41.761675,-69.895208
NUNOE,44.409842,-72.725686
NUNZO,42.030889,-71.203711
NUPBI,36.3917,-79.398922
NUPIY,44.703139,-73.498483
NURVI,43.292639,-3.316972
NUSGO,40.405556,-2.158333
NUSIY,42.818694,-73.703569
NUSMA,36.832639,-2.612361
NUTBA,52.646944,-0.916667
NUTBY,45.687536,-63.246694
NUTIY,36.945411,-76.550067
NUTMU,49.990631,-5.601122
NUTPY,38.411194,-75.443822
NUTTN,41.972069,-72.765572
NUTZE,35.844564,-77.682422
NUUKM,42.831789,-71.927906
NUUMN,36.164939,-79.394083
NUVAF,52.787872,-0.762653
NUVME,37.253556,-78.485775
NUVNU,47.296,-0.730306
NUVZA,42.813569,-70.97415
NUWEP,51.237028,-1.397361
NUXUW,40.866983,-78.076033
NUYIN,44.211514,-72.033228
NUZWO,52.820344,-0.566944
NVS30,40.868481,-4.219464
NWHVN,41.262319,-72.885183
NWTON,40.995886,-74.869225
NYACK,41.124781,-73.987072
NYGAR,68.232222,-52.311389
NYGEL,35.489619,-79.408133
NYJET,40.731506,-73.752864
OAKEN,44.218692,-72.576831
OAKGV,35.033611,-77.249722
OAKIL,42.440828,-74.430092
OAKVL,43.255556,-79.764167
OBAHE,40.186414,-74.813275
OBAKA,36.640833,-3.438333
OBANY,39.028167,-74.797011
OBATO,48.066944,-0.25
OBCEL,55.148167,-8.2735
OBEKE,39.824017,-75.478028
OBEPE,37.906397,-79.222511
OBERE,36.71465,-76.789628
OBERG,37.602464,-77.322475
OBESA,36.657222,-14.245833
OBETO,43.47625,-4.333333
OBIBO,39.671389,-2.795556
OBIGE,36.931306,-4.903361
OBILY,43.179539,-77.801894
OBIMO,48.609056,-3.800111
OBINU,53.333806,-5.825333
OBIWN,40.581056,-75.269289
OBJEQ,46.803889,-2.400278
OBKOE,46.615022,-68.021081
OBLAC,36.839056,-4.577167
OBLOC,44.676806,-0.152917
OBMUB,47.44885,-79.187886
OBNAT,46.261103,-63.009967
OBNEP,45.061047,-79.328417
OBNIL,54.848803,-59.853139
OBNIP,71.351589,-79.954561
OBNOD,47.308389,-68.322947
OBNOG,46.973506,-65.592519
OBNOM,44.680194,-63.567011
OBNUB,46.665592,-66.684589
OBNUV,45.483853,-73.896083
OBOLO,36.531389,-8.1325
OBOTI,42.118667,-8.487167
OBOXA,54.176542,-1.905592
OBRAB,44.068989,-77.795053
OBRAT,51.297636,-58.680078
OBRAV,49.284542,-66.697
OBRET,47.0,-74.408056
OBRIE,44.428736,-73.143619
OBRIM,44.75895,-79.993056
OBRIR,46.760664,-71.082456
OBRON,45.9546,-73.266783
OBRUD,43.923983,-60.169933
OBRUM,44.404325,-76.461842
OBSAG,58.072425,-68.458564
OBSAT,51.333333,-69.5
OBSEB,45.402061,-76.585928
OBSIP,55.147906,-58.902111
OBSOM,48.447989,-64.365903
OBSUE,37.1729,-78.0866
OBSUM,62.439069,-77.871517
OBTAL,43.626756,-79.403033
OBTAX,45.694722,-73.268333
OBTEK,46.790278,-71.283333
OBTOP,46.193572,-79.493511
OBTUR,43.606239,-79.092492
OBUBA,57.777892,-7.555289
OBUBE,41.393178,-69.878056
OBUDA,39.113611,-31.032778
OBUNI,53.911111,-2.7425
OBVAN,49.088419,-68.575458
OBVED,46.172567,-70.601242
OBVEG,44.479944,-79.690089
OBVEK,43.514547,-79.548592
OBVEL,43.649017,-79.301525
OBVIG,49.635683,-54.496786
OBVOP,55.907661,-61.046503
OBVOV,45.385189,-63.164828
OBVUP,46.343247,-59.951686
OBWON,39.198525,-76.534678
OBZAM,44.684444,-0.362194
OCAGO,43.859797,-69.165497
OCAPI,36.873944,-78.511583
OCASA,42.11595,-77.382392
OCASI,43.487664,-71.024144
OCCAM,36.030953,-78.978033
OCCEZ,40.878517,-75.52475
OCCIE,42.316122,-76.201822
OCEKO,35.85685,-79.286367
OCESA,44.670778,-66.952039
OCGOG,53.88225,-8.177806
OCHOA,44.234611,-75.650439
OCHOC,35.402336,-79.361153
OCHRE,35.860458,-78.659592
OCIVA,44.558414,-72.815264
OCJUB,52.6407,-0.796578
OCK28,50.840042,-0.395828
OCPUC,40.831753,-77.3947
OCSID,44.698639,-0.71475
OCSIP,36.137486,-76.004292
OCTAV,41.042011,-72.831039
OCTEN,41.251389,-78.635278
OCUKI,36.492167,-4.399694
ODAKI,38.5045,-26.823083
ODALE,40.934525,-73.476675
ODANU,49.916667,-12.5
ODAWG,37.119892,-76.034214
ODBAK,44.270667,-77.330333
ODBOV,56.292233,-61.733228
ODDUJ,37.273617,-78.332308
ODEBY,42.407986,-75.189483
ODEMI,37.4975,-8.383889
ODESA,39.491389,-75.828992
ODEVA,61.903889,-6.603889
ODFET,52.496336,-0.781672
ODGAL,53.056756,-66.471956
ODGOB,50.185722,-60.955072
ODGOE,36.449639,-76.272178
ODGOX,44.152369,-77.471661
ODGUE,39.003,-79.162228
ODGUR,45.467189,-73.484903
ODHUZ,53.219842,-4.181303
ODIGI,55.195556,-3.4275
ODIKE,44.668486,-69.093181
ODIME,35.862058,-77.676364
ODIMI,48.698694,-2.696472
ODISY,36.091442,-77.731217
ODKAP,50.883881,-66.059161
ODKEM,61.558358,-73.636094
ODKEN,52.852317,-72.058122
ODKIK,44.491875,-79.423411
ODKIL,44.367169,-79.054933
ODKOB,46.514836,-79.597019
ODKOG,47.545892,-52.650556
ODKUD,53.138894,-66.846128
ODLEG,51.490375,-0.121267
ODLIX,38.678922,-9.317083
ODLOE,41.034075,-77.999492
ODLUK,35.9,-5.666667
ODOLE,41.520806,-70.810917
ODOMY,41.728458,-71.044864
ODOVE,44.081764,-68.810806
ODPAK,38.128333,-7.926667
ODPEX,59.409906,-9.5
ODPIX,53.001389,-1.265278
ODPOJ,41.721333,-77.623986
ODREP,50.0,-1.502072
ODSAE,38.970219,-77.860594
ODWAD,51.824628,-0.655397
OFCER,54.248389,-8.304278
OFCOT,57.048186,-2.792719
OFFEC,40.816492,-74.114717
OFFER,40.670092,-74.840733
OFICE,38.547986,-76.726208
OFJAD,53.180194,-0.307322
OFMOF,54.268342,-8.420217
OFPAC,40.396389,-8.582222
OFSHR,39.669792,-75.065344
OFSOX,52.029217,-5.19545
OFTHE,42.800936,-71.445217
OGASU,58.613231,-3.487678
OGATE,38.058075,-77.517958
OGATH,44.641547,-68.484217
OGDAN,46.013306,-59.859558
OGDUM,54.262833,-8.437917
OGERO,39.801667,-6.400556
OGESY,40.737125,-77.436564
OGFIG,41.87015,-71.068442
OGHAM,39.008158,-74.686725
OGHUF,39.670689,-75.884433
OGIGE,43.527778,-72.448611
OGIPE,43.049406,-72.178417
OGIVE,44.701775,-75.353039
OGIVI,65.244664,-52.409817
OGLOT,47.275556,-1.383056
OGMOR,65.476083,-19.232233
OGNQT,43.246678,-70.638189
OGONO,52.923639,-8.449306
OGOSH,35.987381,-78.430925
OGPUV,51.473031,-3.586681
OGRAE,35.745669,-79.185475
OGRIM,51.684461,-1.755
OGROH,36.483333,-4.910556
OGSOF,36.795061,-78.271947
OGTAW,52.801975,-2.920108
OGTEE,41.425158,-72.524956
OGTOE,37.158061,-76.749886
OGTUG,53.67,-5.147222
OGURE,40.129703,-74.416122
OHEWY,41.141167,-78.596333
OHPEA,35.857528,-75.651331
OHRYN,39.1995,-71.5697
OHSUY,41.539656,-73.878017
OISTR,46.5411,-64.541614
OJAAY,38.292631,-77.156289
OJDOH,40.590047,-77.757383
OJFOB,37.1086,-79.071647
OJGAL,36.290289,-76.484208
OJIJE,40.083744,-76.481061
OJIVO,42.802836,-77.177967
OJONE,40.575119,-73.508578
OJREY,40.808108,-76.857456
OJUCU,41.704336,-70.833983
OKARI,36.448611,-8.159167
OKBEW,42.845517,-74.046414
OKDET,59.786336,-1.631628
OKDID,51.663986,-1.531411
OKEDO,53.4245,-6.053889
OKHOH,53.086086,-0.829667
OKILE,38.705689,-77.502953
OKIPY,44.897994,-69.186119
OKKOE,38.492086,-75.367083
OKLOW,36.555003,-78.586633
OKLYN,40.465656,-73.539933
OKNIB,38.702222,-9.178611
OKNUE,42.813797,-73.9118
OKOHO,41.530772,-70.631717
OKOKE,46.825983,-68.001053
OKOKU,43.558147,-79.314372
OKOLU,45.931697,-71.435144
OKONU,37.305908,-71.965058
OKOPO,45.725453,-72.960972
OKOXI,46.547281,-66.640544
OKPAL,56.8225,-2.076389
OKPIK,62.111903,-75.684556
OKRAE,38.959042,-77.542436
OKSAW,51.704253,-1.685706
OKTAD,51.817908,-2.546194
OKTOE,35.607247,-78.084217
OKUMO,44.330569,-78.688044
OKUNU,68.828056,-51.045
OKURY,37.369131,-77.205703
OKUTI,43.475019,-79.893483
OKWAK,53.987333,-8.844361
OKZIF,36.022083,-79.857714
OLABA,44.476389,-76.203333
OLABO,47.359861,-61.506961
OLABU,52.009233,-65.963089
OLAJO,38.405214,-78.619783
OLAKI,45.883458,-73.885625
OLAKO,43.536742,-79.803447
OLALE,37.632028,-4.58475
OLALU,47.255833,-0.893028
OLAMO,43.266389,-79.885833
OLAND,38.515719,-75.177478
OLANO,43.610181,-79.473497
OLAPO,53.780278,-7.294611
OLASI,46.329708,-74.937064
OLAVO,47.040464,-72.167208
OLBAY,39.420367,-76.735489
OLBOD,38.144022,-10.671039
OLDEK,38.315556,-28.439167
OLDMN,42.803081,-71.513167
OLEBA,47.156944,-1.848056
OLEDO,50.425881,-59.733153
OLEKO,55.95245,-61.373872
OLEPA,46.016081,-64.928047
OLERO,45.969722,-1.150278
OLESO,51.282428,-56.304706
OLESU,48.197347,-63.256433
OLFIR,44.442647,-69.486667
OLGAE,42.505872,-75.527808
OLGAR,39.183333,-7.936389
OLGON,53.5,-14.0
OLGUD,50.732297,-1.522708
OLIGA,49.168789,-55.284064
OLIGO,45.489792,-76.249981
OLIPA,43.857606,-79.396517
OLIVO,37.261142,-5.996358
OLIVR,38.887397,-77.88945
OLIXO,55.304939,-5.374675
OLKEE,46.879992,-67.815422
OLKUK,64.07,-52.013056
OLLIV,42.563269,-71.774339
OLMET,43.339611,-3.275833
OLNEY,52.127839,-0.734256
OLNIT,58.273017,-2.964444
OLOBU,44.748378,-63.785344
OLOKA,48.840361,-68.348725
OLOKE,42.340139,-73.535628
OLOLO,47.051833,-1.676833
OLOMI,62.885986,-70.281353
OLONO,52.723083,-6.779
OLOVO,44.297261,-76.609561
OLOVU,43.912086,-79.18185
OLPOP,54.092222,-2.535556
OLUBE,35.646242,-79.171078
OLUCE,36.489175,-76.736064
OLUDA,44.649408,-66.869653
OLUMI,43.37075,-3.083667
OLUPA,49.9106,-74.412336
OLUXA,46.440364,-72.602022
OM23,45.705667,-0.229417
OMADU,46.681458,-71.709428
OMALI,45.512231,-71.333611
OMALO,43.833244,-79.366728
OMALU,48.126189,-66.617478
OMAPA,43.543897,-79.485811
OMASO,55.630092,-60.125081
OMATI,50.215592,-66.615636
OMAXU,48.196158,-79.149092
OMDEE,42.981031,-71.476667
OMDOW,44.008392,-69.630042
OMEGI,45.793333,-75.091389
OMEKI,45.573892,-73.616947
OMESI,42.276389,-5.772222
OMEXO,39.348889,-8.993056
OMFAY,41.761706,-78.884617
OMFOH,35.284767,-78.962264
OMILA,45.031439,-64.650728
OMILU,42.737222,-3.780556
OMISE,40.655803,-79.401072
OMIVO,63.733447,-68.547919
OMIYO,39.141872,-79.292536
OMLON,53.278414,-65.0
OMLOX,46.980322,-67.722386
OMLUM,56.049825,-61.441689
OMLUR,45.256775,-65.933575
OMNEW,47.256125,-68.589333
OMNUD,36.382153,-77.173689
OMOBI,37.890556,-24.8125
OMOKO,48.838972,-12.0
OMOKU,45.183533,-67.180817
OMOLA,45.9023,-66.319519
OMOLI,49.579436,-74.725908
OMOMI,57.189225,-7.704097
OMORE,38.671561,-79.646536
OMOTA,49.112789,-54.383114
OMOTI,45.748844,-74.178967
OMPAB,44.792803,-66.552158
OMPAP,45.877686,-66.840281
OMPAX,51.378211,-56.205481
OMPEB,71.490111,-79.667772
OMPEE,44.3395,-72.748333
OMPEL,44.731764,-75.673997
OMPIR,51.651572,-57.161614
OMPOG,48.516667,-66.333333
OMPUZ,52.908261,-0.822811
OMRAB,45.150008,-73.352781
OMREN,46.012164,-64.681722
OMRID,45.936383,-64.520336
OMRIE,37.186539,-76.026519
OMRUM,47.80625,-52.820519
OMSAK,46.468853,-64.886428
OMSAN,44.185344,-76.85905
OMSAP,43.884219,-66.163842
OMSAR,46.608839,-63.660628
OMSAT,47.0,-52.0
OMSEG,46.273889,-60.046672
OMSOP,45.622647,-74.089672
OMSOR,48.316358,-53.825358
OMSUT,49.162911,-57.468169
OMTAL,45.36655,-73.860492
OMTAP,56.0,-73.0
OMTEB,45.848881,-77.242883
OMTET,51.395033,-55.977328
OMTEX,43.698572,-79.057528
OMTID,63.686967,-68.141392
OMTIG,70.348817,-69.061769
OMTIP,43.902433,-79.759683
OMTIT,45.3006,-75.842617
OMTIV,44.476289,-65.875214
OMTOB,45.31705,-67.573883
OMTOK,43.742089,-79.565283
OMTOL,51.083333,-71.833333
OMTUN,45.378203,-75.9852
OMUFE,41.647786,-70.659906
OMVAL,45.588878,-73.403472
OMVAR,46.030556,-71.246944
OMVAX,46.021808,-65.024514
OMVEV,46.033119,-65.786017
OMVIX,49.391828,-57.286003
OMVOZ,42.393272,-70.991361
OMYOX,44.938725,-68.501336
ONAFE,38.3353,-76.666358
ONBAB,45.482014,-75.601278
ONBAT,45.467231,-75.611586
ONBEL,50.177178,-66.440314
ONBOB,47.779192,-70.379053
ONBOT,50.255389,-60.554978
ONBOV,46.244514,-62.865931
ONCET,42.859492,-78.835547
ONDAB,54.739558,-66.737842
ONDAP,47.553661,-52.483056
ONDEC,42.546619,-72.065753
ONDEP,47.413256,-68.364794
ONDIR,61.616272,-72.025019
ONDOB,45.693611,-76.4375
ONDUG,49.082783,-77.093078
ONDUR,44.372711,-79.963775
ONDUT,43.696172,-79.572356
ONEIF,42.610339,-71.17445
ONGAT,63.700753,-68.432786
ONGEE,43.00205,-71.357197
ONGER,56.225283,-62.403722
ONGIL,48.098794,-79.162756
ONGOX,43.859367,-79.861872
ONGUX,45.194269,-65.892947
ONIKE,37.323161,-77.344381
ONOKY,35.301844,-75.537431
ONOXY,41.448514,-70.698447
ONRAE,41.999572,-70.573669
ONTAE,42.750819,-71.447347
ONTEW,42.042456,-72.590119
ONUBA,37.246722,-6.76
ONUSE,52.923458,-2.580203
ONWER,53.450322,-4.305647
OOD46,38.868675,-75.440186
OONA,42.922961,-79.315236
OOSHN,42.601511,-70.231214
OOURR,38.732803,-77.827639
OPAAH,40.744397,-74.131733
OPAAL,38.622839,-77.751394
OPAGE,44.423911,-71.721503
OPDEQ,42.925378,-78.70435
OPDIE,44.279458,-74.004003
OPERA,39.62275,-0.778917
OPIPE,45.614764,-69.885697
OPOHI,37.911517,-79.378844
OPSIE,38.522078,-76.777319
OPTUE,38.068419,-78.239383
OPUKE,37.564275,-77.361767
OPUXY,35.858861,-79.388856
OPUYU,38.88025,-77.091297
OQ04F,53.1846,-4.468683
OQ04I,53.118375,-4.552481
OQ22F,53.333797,-4.27915
OQ22I,53.39995,-4.194778
OQBOK,35.629728,-79.079094
OQDEK,42.364933,-70.961022
OQM01,53.198897,-4.450592
OQM02,53.319983,-4.296769
OQM03,53.370344,-4.407444
ORA33,35.809747,-0.019278
ORACL,36.467106,-78.870778
ORANE,39.929167,-74.930125
ORCHA,40.915406,-72.312122
ORCHD,43.420997,-70.354719
ORDIE,43.002839,-71.475719
ORDMO,41.388717,-76.428525
ORDUH,36.656419,-79.307533
ORENG,35.944111,-78.861342
ORETE,38.842256,-75.884369
ORFAN,40.706167,-74.081414
ORFET,38.682778,-8.910278
ORFOD,54.11,-9.096833
ORIOL,39.098067,-76.580978
ORIPE,36.991944,-5.434444
ORIST,50.0,-1.845
ORKOE,44.958889,-70.843467
ORLAC,35.814383,-78.57245
ORLOE,38.829956,-75.676678
ORMER,49.601111,-2.858056
ORMEY,38.155925,-78.443958
ORMIW,41.599369,-70.419861
ORNGE,41.539108,-74.168631
ORONO,38.415961,-76.217167
OROSE,44.960164,-69.434408
ORPEE,35.453361,-79.882167
ORPIC,38.587222,-28.111944
ORROH,54.435936,-1.802853
ORRRR,42.424578,-70.753733
ORSON,41.801242,-75.390653
ORSUM,57.052075,-5.294722
ORTAC,49.999172,-2.005006
ORTAV,59.5,-10.0
ORTEZ,43.365556,-0.716667
ORTOM,51.270806,-8.299361
ORTON,41.892656,-71.247078
ORTOP,36.026667,-7.383333
ORTUG,38.403972,-8.996081
ORUSE,42.2395,-72.498772
ORVAL,49.033889,-1.825278
ORVED,39.383333,-7.651944
ORVEN,53.664861,-6.191611
ORVUL,55.177367,-4.168617
ORZEB,51.407183,-2.464925
OS04F,52.744228,-2.755858
OS04I,52.706333,-2.8176
OS18F,52.870086,-2.668183
OS18I,52.923389,-2.668356
OS22F,52.846325,-2.588714
OS36F,52.722156,-2.667711
OS36I,52.663858,-2.667525
OSABE,38.091219,-78.229675
OSAKE,40.088014,-76.633458
OSAMY,40.162789,-79.978625
OSBIR,50.884853,-2.400711
OSBON,61.0,-5.0
OSBOX,56.806389,-12.801667
OSDAM,35.345833,-6.701111
OSECU,40.104844,-76.532378
OSENE,36.710056,-4.051972
OSGAR,53.049417,-7.270222
OSGEK,67.024167,-54.501389
OSGET,36.998833,-4.800167
OSGOT,43.625,-1.582472
OSHUN,39.537667,-75.168769
OSICE,43.607306,-72.300914
OSIYE,42.668686,-74.874897
OSKOT,52.341656,-2.058408
OSKUM,63.712222,-20.442778
OSLAD,35.966667,-8.314167
OSLEL,57.482911,-1.532797
OSLEP,37.165417,-7.191833
OSLEX,53.3655,-6.695694
OSLUK,52.646478,-0.293642
OSM01,52.834036,-2.608894
OSM02,52.886822,-2.696733
OSM03,52.899461,-2.818836
OSM04,52.852069,-2.896167
OSM05,52.743581,-2.667781
OSM06,52.743653,-2.579992
OSM07,52.743372,-2.791231
OSM08,52.796122,-2.87895
OSM09,52.972897,-2.880375
OSM12,52.843667,-2.6681
OSM13,52.843739,-2.580108
OSM14,52.865311,-2.668169
OSM15,52.900533,-2.726669
OSM16,52.900353,-2.814772
OSM17,52.857094,-2.915881
OSM18,52.760086,-2.729964
OSM19,52.724556,-2.670914
OSMAD,61.421542,-45.236058
OSMEG,55.140556,-4.100833
OSMOB,44.649194,-0.338194
OSMOE,41.720633,-78.365508
OSNAL,37.063806,-5.021667
OSNAP,53.420061,-1.905944
OSNOE,39.1141,-75.465683
OSNUG,50.893406,-2.003875
OSPEE,43.520719,-71.591397
OSPOL,50.15,-0.185511
OSSAR,40.245928,-79.717483
OSSEK,41.431561,-74.492736
OSSEP,52.054811,-2.805792
OSSER,41.037072,-71.203414
OSSGO,43.203044,-76.198703
OSTED,62.783333,-42.0
OSTIX,41.504444,-3.1
OSTMN,38.906842,-77.365111
OSUGE,40.992947,-74.701108
OSUSE,40.813164,-74.087878
OSUTY,36.755611,-76.10915
OSVAN,38.116722,-0.563417
OSVEG,43.305472,-0.108972
OSVIB,56.450375,-2.572989
OSWEZ,52.808964,-3.154186
OSWIL,66.121944,-51.525
OSYOB,43.550281,-76.289003
OTAKU,63.116667,-68.866667
OTAMI,56.398469,-61.986553
OTANO,45.422911,-62.711456
OTAVO,51.510394,-57.129092
OTAXI,44.638103,-67.035628
OTBAE,38.727872,-75.3146
OTBIT,66.181111,-52.132222
OTBOT,50.605244,-3.687128
OTBUN,55.280583,-2.433333
OTDOZ,40.173792,-74.026822
OTELU,58.118922,-68.5599
OTEPO,43.808858,-79.795364
OTETI,46.464031,-63.0856
OTETO,47.640181,-65.6276
OTETY,36.488222,-75.938869
OTEVY,40.100922,-76.851722
OTGOE,44.864661,-73.592789
OTHID,42.133461,-75.549619
OTIBI,53.731181,-73.800314
OTINE,37.271231,-79.388117
OTIRU,45.310614,-76.130667
OTLOV,47.847639,-0.688333
OTLUB,38.2675,-7.744167
OTLUN,48.769033,-64.568219
OTMET,50.681961,-2.514825
OTMID,53.72845,-73.348178
OTMIE,35.541406,-75.484406
OTMOB,49.097658,-77.289814
OTMUP,48.465572,-78.060969
OTNEK,48.574144,-72.32795
OTNER,53.2875,-6.3075
OTNOB,51.421697,-55.812397
OTNOD,67.758519,-64.131517
OTNUB,43.931892,-59.864622
OTOBU,45.927586,-66.298575
OTOFE,48.93875,-2.488417
OTOLA,45.467708,-73.494511
OTOLE,42.9496,-73.851603
OTONA,45.616667,-77.833333
OTOVU,49.817442,-67.994069
OTOWN,39.879883,-79.786425
OTOXI,46.101592,-60.0162
OTPAN,52.230789,-78.517567
OTPEE,36.937444,-76.310478
OTPEK,45.023992,-64.807447
OTPEP,46.365931,-63.223333
OTPIF,41.439419,-74.044961
OTPOB,46.238211,-60.067633
OTPOK,43.015025,-79.610525
OTPUB,46.255011,-60.167103
OTPUT,46.871164,-71.281364
OTREG,41.273056,-8.687778
OTROX,43.204022,-79.672703
OTRUT,53.656172,-73.022392
OTSAB,50.363217,-63.360222
OTSAP,67.538022,-64.046083
OTSEP,51.714036,-76.006403
OTSID,51.172928,-0.230836
OTSIN,43.018789,-79.293617
OTSOX,45.926525,-66.627797
OTSUD,44.775069,-63.483822
OTSUE,38.914342,-77.390525
OTSUK,45.467697,-65.898558
OTTTO,38.854392,-78.205558
OTTTR,38.334278,-77.799053
OTUCA,40.589978,-77.757489
OTUDO,46.026797,-64.583106
OTUPO,48.494519,-70.923894
OTUSI,45.408036,-66.003183
OTVAB,46.187767,-64.774408
OTVIM,49.838294,-74.472697
OTVUK,53.656453,-77.827539
OTVUV,44.976653,-63.273761
OTYIJ,44.458292,-73.149839
OU504,47.051833,-0.897722
OUTLA,37.345967,-75.998356
OUTLT,40.484353,-76.196011
OUTTE,41.078189,-73.51105
OUTTT,41.601781,-71.8471
OV01F,53.158656,-4.556064
OV01I,53.075953,-4.571253
OV13F,53.308653,-4.654036
OV13I,53.362544,-4.759944
OV19F,53.341567,-4.522325
OV19I,53.424264,-4.507006
OV31F,53.18525,-4.412481
OV31I,53.131239,-4.307175
OV401,48.079861,-0.798806
OV722,47.985639,-0.69025
OVAAL,38.596478,-76.748078
OVAHE,36.697739,-79.695194
OVAPU,46.476956,-63.204831
OVARA,56.355408,-76.403031
OVARI,58.139747,-68.522119
OVAXO,45.253056,-73.229444
OVAYO,38.695483,-76.17625
OVBAV,47.899678,-67.290825
OVBEB,45.84375,-66.443522
OVBER,48.960456,-76.742753
OVBOM,59.109656,-69.531875
OVDET,46.064167,-60.313
OVDOV,52.316422,-1.595833
OVEBU,46.066958,-60.025297
OVEDA,61.348889,-45.765278
OVEGU,48.661203,-68.304606
OVEXA,44.418733,-65.948983
OVEYA,41.931647,-74.831789
OVGAD,48.612697,-68.330717
OVGAG,48.943117,-55.610406
OVIEE,39.742386,-77.651025
OVILI,45.811947,-72.991131
OVILO,53.239842,-60.574944
OVILY,38.013753,-77.933261
OVISA,46.038383,-64.508244
OVISI,62.257097,-75.647306
OVITI,59.993042,-77.260511
OVIXI,47.005794,-65.456806
OVJOC,52.879608,-0.658036
OVM01,53.199806,-4.44085
OVM02,53.136497,-4.530706
OVM03,53.190406,-4.636164
OVM04,53.294364,-4.625944
OVM05,53.230917,-4.715719
OVM06,53.326208,-4.525169
OVM07,53.335292,-4.663328
OVM08,53.174842,-4.553089
OVM09,53.183897,-4.690767
OVMUY,37.18285,-78.970344
OVOBE,36.731833,-78.056736
OVOMI,46.259739,-62.960506
OVOPA,50.114994,-61.568456
OVOSU,43.940236,-77.648406
OVOTO,58.244972,-68.162928
OVOZO,40.5733,-76.107061
OVUBI,48.786306,-64.31605
OVUGI,43.530575,-79.584978
OVUKI,49.814458,-77.888169
OVUKO,59.437231,-69.355006
OVUMU,48.557997,-67.930722
OVUNI,48.306264,-78.526864
OVUPU,71.185981,-78.901911
OVURA,47.212808,-72.890258
OVUVE,35.4195,-79.832725
OVUVI,45.713392,-73.594842
OVXEQ,41.267011,-75.905386
OVZOG,50.851756,-7.258269
OW410,45.267881,-75.572369
OW440,45.048853,-75.154461
OW450,45.366761,-75.762986
OW459,45.624864,-76.266747
OW500,45.358411,-75.571044
OW504,45.277292,-75.751358
OW508,45.088808,-76.165964
OW514,45.2422,-75.522978
OW518,45.248528,-75.463606
OW526,45.312119,-75.474439
OW540,45.5477,-75.145808
OW564,45.169161,-75.561333
OW604,45.383758,-75.51445
OW616,45.371425,-75.45305
OW620,45.317692,-75.473608
OW648,45.461094,-75.55115
OWBIE,40.335308,-74.510211
OWEGO,42.117211,-76.262792
OWENZ,39.823356,-72.830528
OWLET,42.309003,-71.6113
OWLHD,44.807778,-73.347539
OWWEN,35.359031,-79.233911
OWZOX,52.974814,-0.177783
OXABU,45.852106,-66.594856
OXACA,37.95,-6.0
OXADA,48.775908,-68.011136
OXADO,51.048475,-58.548811
OXARO,46.717856,-75.403319
OXASA,46.363825,-79.424233
OXASE,43.653578,-73.291303
OXBOL,52.668864,-2.755267
OXCUD,51.906397,-2.818364
OXERA,43.236111,-2.753056
OXFIC,42.837142,-73.808597
OXFIN,38.574544,-9.300492
OXFOR,42.367725,-75.528897
OXFRD,36.420283,-78.588972
OXHEN,54.861917,-8.458639
OXIDA,47.894722,-3.566667
OXLOW,51.031889,-2.0
OXMAN,42.110556,-79.366111
OXONN,38.765942,-77.027394
OXPOH,53.40075,-5.899778
OXSAG,52.942236,-0.8688
OYADU,42.28145,-75.111875
OYAVA,38.933142,-76.868267
OYISE,36.430014,-78.423733
OYIVE,42.542164,-71.216228
OYNEM,42.261808,-79.013261
OYOCE,36.033522,-75.666336
OYPEZ,41.540422,-70.793372
OYSTA,49.1,-2.523333
OYUCA,41.987617,-76.149767
OYUDI,35.927936,-75.658542
OYUVA,40.743256,-73.172097
OYUYI,40.578331,-73.801342
OYVAY,39.017661,-75.441131
OZAFY,39.232303,-75.541992
OZAZU,36.934167,-4.829444
OZBOC,52.256572,-2.1846
OZHOG,38.66385,-8.741117
OZIGY,39.244344,-75.490103
OZLUP,53.425861,-4.669639
OZNOH,48.459083,-2.525333
OZOPE,35.8391,-79.095333
OZRAT,53.809725,-4.825517
OZUBE,35.875569,-75.73765
OZVOZ,51.673908,-2.199036
OZWAP,53.067869,-4.396767
OZZIL,51.639261,-2.430325
OZZOT,51.674703,-0.164703
PA09F,58.953806,-3.075356
PA09I,58.950725,-3.203928
PA27F,58.961292,-2.757889
PAACK,35.92785,-77.258608
PAARK,42.344122,-70.999831
PAATI,44.547517,-67.9161
PACHU,40.660164,-73.973983
PACKE,38.931781,-77.241836
PACSE,51.374106,-3.114083
PADGE,36.649414,-76.556239
PADOH,38.945964,-78.960517
PADRE,39.937964,-76.055175
PAGED,40.503842,-74.792506
PAGER,43.423789,-76.158428
PAGNE,42.002419,-72.604183
PAISN,41.8396,-72.117375
PAJET,38.467814,-75.050153
PAKBE,38.664339,-78.694422
PAKOY,44.325061,-72.9153
PAKSE,37.247511,-76.790492
PAKTE,43.812364,-72.573131
PALEO,39.027994,-76.372725
PALIO,40.262222,-3.048333
PALOE,38.246436,-76.339731
PALOH,37.267222,-4.581778
PALVE,40.556972,-73.940194
PAM01,58.961742,-2.736492
PAM02,59.044783,-2.743811
PAM03,59.040914,-2.904947
PAM04,58.954192,-3.059861
PAM05,58.871161,-3.052611
PAM06,58.874817,-2.892181
PAMLA,42.136428,-71.712153
PAMRE,40.102411,-74.246131
PANLE,37.321536,-76.443292
PANNE,41.177811,-75.476469
PANZE,39.675994,-74.168181
PAOLI,39.975636,-75.534372
PARAV,40.9475,-11.856667
PARCH,41.099228,-72.120739
PARDO,37.087222,-6.305833
PARJR,39.742456,-75.364858
PARKA,39.0,-5.149889
PARKE,40.683183,-75.076478
PARKY,35.011481,-79.428953
PAROZ,64.345658,-51.819317
PARSO,43.675208,-70.775078
PARTE,37.110906,-79.806142
PARUI,36.619556,-6.208472
PATCI,38.6615,-77.109039
PATEE,43.83375,-75.693425
PATMC,38.016406,-72.149472
PATME,40.505981,-79.497164
PATRN,40.941222,-74.150922
PATTA,45.982233,-69.596197
PATTI,41.024531,-74.737175
PATWY,39.314892,-77.540358
PAUKI,38.123883,-78.453531
PAULI,41.469778,-70.522614
PAULO,45.253003,-63.335458
PAVLO,50.934658,-5.895633
PAWLN,41.769864,-73.600733
PAYCO,39.795231,-76.592603
PAYEN,36.870222,-78.194933
PAYGE,43.014022,-74.253544
PAYIK,44.363319,-71.662508
PAYIV,42.111431,-77.756753
PAYMI,40.859003,-74.039539
PAZTA,40.841022,-73.1245
PB09F,59.868733,-1.515864
PB15F,59.944694,-1.393467
PB27F,59.893931,-1.071378
PB27I,59.900531,-0.954169
PBERG,44.701736,-73.522828
PBM01,59.890417,-1.134353
PBM02,59.809475,-1.116203
PBM03,59.800242,-1.276842
PBM04,59.871064,-1.478197
PBM05,59.790106,-1.460375
PBM06,59.8002,-1.277519
PBM07,59.815081,-1.202094
PBM08,59.766467,-1.331767
PBM09,59.831833,-1.428211
PC13F,58.513706,-3.232619
PC13I,58.563531,-3.359967
PC31F,58.403986,-2.954583
PC31I,58.358786,-2.840986
PCFUL,42.346047,-70.691758
PCHEN,39.208792,-76.788506
PCM01,58.427147,-3.013006
PCM02,58.490633,-3.173881
PDT30,40.599661,-2.891953
PDT49,40.262258,-2.282764
PDT53,39.635822,-4.170589
PEAAK,43.650561,-70.101019
PEAAY,36.824956,-76.267025
PEAKE,41.570797,-70.408781
PEARC,39.121875,-77.576586
PEASE,43.084475,-70.831972
PEATT,43.636172,-70.183628
PEAVY,36.356925,-78.611597
PEBBA,65.404228,-13.320469
PECIB,42.923922,-78.623897
PECIT,35.764283,-78.920983
PEDIG,52.746553,-1.719436
PEDKE,43.384311,-72.297253
PEDRO,38.847778,-2.158056
PEEBO,40.652558,-73.86415
PEEDR,41.424778,-78.634494
PEEGE,38.970656,-77.058997
PEEJA,38.408014,-77.331114
PEENK,45.650392,-69.101442
PEETE,40.476508,-79.882133
PEETT,36.445814,-78.571158
PEETZ,40.131539,-74.466275
PEFOC,36.784161,-76.561556
PEGBY,38.07865,-77.201056
PEGDE,40.460547,-76.343861
PEGZA,51.625153,-3.102639
PEKLI,48.521925,-58.649006
PEKLO,45.272519,-73.822594
PEKMA,45.656117,-61.232717
PEKME,38.908667,-75.641361
PEKMI,61.566967,-71.523564
PEKMO,43.677661,-79.515344
PEKNN,35.211489,-79.872672
PEKOK,53.127583,-5.566889
PEKOP,35.833333,-3.440833
PEKOV,39.361389,-9.389167
PEKRO,53.156389,-64.1025
PEKRU,43.881825,-66.018336
PEKVA,43.581875,-79.54545
PEKVO,47.0,-76.9
PELAN,42.755556,-71.329836
PELBA,49.756017,-64.558197
PELBI,45.937389,-66.608367
PELDI,49.057508,-57.458219
PELDO,54.657211,-66.653525
PELEE,52.916667,-80.0
PELGU,49.839031,-64.535689
PELIG,53.199583,-7.333333
PELMI,43.612572,-79.474503
PELNA,58.877747,-66.105014
PELOM,49.445139,-2.209081
PELPA,43.085003,-79.362658
PELSI,58.083333,-67.0
PELSU,46.885556,-76.58
PELTU,52.1,-55.166667
PEMA2,57.420428,-4.311472
PEMBI,60.923336,-69.310378
PEMBU,45.822131,-73.804786
PEMGA,61.695067,-72.298247
PEMGU,45.696297,-74.516881
PEMGY,43.273056,-72.322736
PEMKI,44.150333,-77.261167
PEMLI,56.306072,-62.209983
PEMLO,44.591906,-63.352517
PEMLU,50.783333,-80.0
PEMOB,52.143825,-5.161425
PEMTA,61.672733,-73.151356
PENBI,58.593892,-65.748692
PENDA,46.223742,-74.829828
PENGO,43.594578,-79.872506
PENIL,53.615964,-3.663533
PENLA,43.960675,-65.921356
PENLO,48.235422,-71.2813
PENNA,41.802131,-72.866258
PENRO,53.201514,-60.114503
PENSA,48.429711,-71.038547
PENSY,39.907214,-76.182539
PENTU,46.562222,-71.721667
PENUM,63.548606,-20.601614
PENVE,40.062175,-78.969697
PENWU,51.775164,-4.586256
PENYT,39.231128,-68.499375
PEOPL,42.266039,-70.746239
PEPAL,48.550556,-0.25
PEPDE,41.877806,-70.440589
PEPDU,67.318056,-64.160161
PEPEG,54.018469,-4.518139
PEPER,41.084942,-72.899778
PEPET,45.084167,-3.867222
PEPGU,58.674342,-65.915575
PEPKI,59.733333,-61.616667
PEPLE,40.920786,-74.957647
PEPMI,58.560567,-70.263075
PEPMU,48.968125,-54.246594
PEPNA,44.791992,-63.396836
PEPOD,54.271197,-5.569239
PEPON,48.35,-0.25
PEPRA,44.937222,-56.231667
PEPTA,44.793392,-63.455481
PEPTU,44.969542,-64.640825
PEPUL,52.2675,-1.887325
PEPVI,55.083558,-59.707514
PEPZE,52.629617,-3.331383
PERBO,55.089794,-77.719683
PERCH,49.129167,-1.937222
PERDA,51.729061,-65.586919
PEREA,41.1393,-79.886339
PERGI,44.865414,-77.931706
PERGU,60.1959,-69.942044
PERKN,37.653314,-77.824669
PERLO,43.635833,-79.478056
PERLU,47.290147,-54.046161
PERNO,43.854,-77.257
PERNU,46.285644,-62.805333
PERPI,47.645289,-70.525847
PERSU,52.599681,-56.271189
PERTA,48.024381,-65.996731
PERTH,44.557672,-76.704853
PERUP,51.709431,-2.942333
PERUR,65.4409,-18.959397
PESAC,46.548978,-72.186919
PESDO,47.696833,-53.006747
PESEX,38.592339,-9.236858
PESIC,46.699222,-67.965658
PESIT,52.399056,-5.756667
PESKI,45.282783,-75.817839
PESKY,38.987553,-75.260383
PESMA,61.169419,-69.927725
PESME,40.786967,-74.187706
PESNA,52.552542,-55.720344
PESNI,51.086306,-58.625581
PESNU,44.979842,-63.436022
PESPI,45.893325,-77.275636
PESPU,43.95935,-77.794431
PESRU,52.426172,-56.068672
PESTU,55.235058,-77.7914
PESUL,40.881944,-8.115
PESVA,51.671833,-76.2425
PETAE,43.023889,-71.956133
PETEF,38.9809,-79.034722
PETEJ,41.399142,-70.826294
PETEK,42.678889,-12.0
PETER,42.205258,-74.530625
PETGA,55.140014,-77.996375
PETGE,42.218831,-72.700994
PETGI,45.18825,-79.787686
PETLU,45.513483,-75.844819
PETNO,50.0,-71.5
PETOX,57.559167,-1.817222
PETPO,46.336675,-71.105811
PETPU,54.187078,-58.099225
PETUD,37.498564,-25.805531
PETUX,62.733333,-19.116667
PETVA,49.324467,-57.3832
PETVO,43.341353,-79.623858
PEVAB,61.925475,-7.485342
PEVAN,55.783333,-11.333333
PEVAP,35.246944,-14.818333
PEVAR,66.699167,-46.939722
PEVAX,65.3623,-19.43195
PEVBU,46.353478,-66.997164
PEVDO,48.450486,-71.018928
PEVGU,43.761511,-79.879331
PEVLI,54.778642,-59.930517
PEVMU,46.380408,-63.117053
PEVNI,44.642222,-77.755
PEVNO,43.887992,-66.357286
PEVPI,46.266992,-60.128622
PEVRO,44.876928,-65.238153
PEVTO,48.477728,-68.502944
PEWBI,51.314169,-5.029522
PEWFE,36.415514,-79.812078
PEXIL,65.403889,-18.051111
PEXOD,45.317778,-3.017222
PEYSI,44.354914,-69.810872
PEZSY,38.644242,-77.427319
PFAIR,38.427947,-75.281797
PFRED,41.665833,-71.884167
PFS30,55.527478,-3.761836
PGODA,40.429378,-76.076933
PHATT,39.574864,-77.356083
PHERB,39.087253,-76.743281
PHIGG,44.054339,-69.395283
PHILA,40.023486,-75.462494
PHILB,39.282636,-77.519786
PHILL,40.195394,-78.392933
PHITZ,36.270575,-75.878703
PHLBO,40.830386,-74.560189
PHNTM,35.239692,-78.361478
PHONY,42.017581,-70.344153
PHOOW,38.471917,-79.627708
PI12F,55.727267,-6.38975
PI12I,55.755425,-6.473281
PI30F,55.636569,-6.121325
PI30I,55.608375,-6.038089
PIBKA,44.516847,-78.952608
PIBLA,71.116319,-78.681761
PIBLU,56.553025,-79.608569
PIBMI,45.507917,-65.857478
PIBNI,46.669142,-71.754408
PIBOI,44.373531,-68.959022
PIBPI,42.429128,-79.199378
PIBRO,60.818692,-78.148578
PIBSA,45.197056,-73.419539
PIBTA,48.714642,-70.996667
PIBTE,35.530247,-79.915883
PICAR,40.762656,-72.749517
PIDGO,53.614558,-57.411125
PIDKA,44.479119,-79.70795
PIDKO,45.442614,-74.830956
PIDMA,50.368494,-59.861072
PIDMO,46.566011,-66.345233
PIDPO,47.696494,-52.615197
PIDRI,45.338125,-73.517875
PIDSO,60.466667,-58.0
PIDTO,40.613772,-73.792028
PIDVE,39.646728,-74.633742
PIERR,45.03705,-67.255072
PIFER,39.957233,-77.030392
PIGDI,47.055683,-65.245467
PIGET,55.833333,-12.5
PIGLA,54.333333,-80.0
PIGLI,49.168817,-54.668425
PIGLO,43.639936,-79.574294
PIGMI,47.489161,-72.797772
PIGNA,45.753056,-74.155
PIGOR,39.467222,-13.821389
PIGOT,52.495158,-1.068633
PIGSO,43.616431,-79.840961
PIGTA,47.707967,-52.753856
PIGTU,70.360014,-68.747611
PIHIV,42.206861,-73.674692
PIJAY,40.565597,-74.038008
PIKBA,50.155153,-61.686133
PIKIL,56.0,-15.0
PIKIV,49.392806,-0.625806
PIKIX,38.7775,-28.533889
PIKKE,40.090892,-75.870031
PIKLI,47.301792,-61.594783
PIKMA,43.846106,-79.353208
PIKMO,53.8163,-72.787447
PIKNA,50.866667,-59.25
PIKNO,64.124269,-76.209194
PIKPU,44.433333,-79.95
PIKSA,43.128922,-79.073214
PIKSI,49.040244,-57.662864
PIKUP,49.059611,-0.206083
PIKVO,46.836069,-71.470661
PILBA,51.560406,-76.379908
PILGA,54.995644,-59.450028
PILGI,46.177078,-65.776892
PILIP,50.334167,-1.007222
PILKI,43.801425,-79.8039
PILKU,46.219944,-63.140825
PILMU,51.024025,-58.743325
PILNI,43.660269,-79.777575
PILOE,37.159083,-77.2329
PILPO,43.806625,-79.581825
PILPU,45.502661,-76.151753
PIM01,55.625597,-6.089122
PIM02,55.548469,-6.170422
PIM03,55.718028,-6.362339
PIM04,55.638056,-6.446878
PIMUE,40.704606,-75.087067
PIMUR,37.291389,-6.518333
PINAR,40.980306,-2.599167
PINEK,41.851111,-8.597778
PINET,41.245889,-72.118658
PINEY,39.0949,-77.052803
PINIC,39.537903,-79.617103
PINNA,40.608497,-75.836711
PINOX,40.290556,-7.109167
PINT8,46.445803,-70.05035
PINTE,46.445803,-70.05035
PIPAR,56.116667,-3.201594
PIPEE,42.368561,-76.293664
PIPEM,58.156264,-3.738572
PIPHU,38.101806,-4.3875
PIPIN,52.610017,-0.941678
PIPOR,43.009167,-1.108056
PIPPO,44.749164,-71.206914
PIPSE,43.338661,-72.520778
PIPYO,44.075147,-73.062486
PIQFU,46.127639,-1.209583
PIR01,44.2,-3.583333
PIR02,42.799167,-0.570556
PIRCE,40.691736,-73.043311
PIREN,36.833333,-7.383333
PIRTE,44.3377,-75.729967
PISTE,41.283786,-75.76975
PITAX,45.0,-12.0
PITCH,42.676928,-75.747106
PITOT,56.510247,-79.382653
PITRE,46.569914,-68.004419
PITUL,42.700889,-2.193444
PITWU,42.423789,-73.302422
PIVON,42.503944,-8.552472
PIXIB,54.076389,-8.837028
PIXUM,63.358206,-20.872761
PIXUP,52.030833,-1.111111
PIYIN,40.776597,-74.498983
PIYNE,35.406978,-79.158006
PIYOR,43.832669,-69.008697
PIZCU,36.709444,-4.176333
PIZQA,43.628556,-5.733917
PIZSA,53.478972,-5.809333
PJAAE,38.530933,-78.65565
PK12F,55.566989,-4.7618
PK12I,55.602281,-4.864833
PK20F,55.584903,-4.512433
PK30F,55.423486,-4.347306
PKCHP,38.573994,-75.136139
PKE01,55.363492,-4.168233
PKE02,55.457108,-4.443792
PKE03,55.415881,-4.317544
PKE04,55.390953,-4.241539
PKE05,55.365978,-4.165617
PKM01,55.549094,-4.709722
PKM02,55.499156,-4.763092
PKM03,55.410819,-4.647336
PKS01,55.382533,-4.3624
PKS02,55.339053,-4.315117
PKS03,55.392189,-4.560322
PKS40,55.251603,-4.451303
PKW01,55.525872,-4.642317
PKW02,55.463167,-4.744453
PKW03,55.428711,-4.753544
PKW04,55.477942,-4.785717
PLANA,39.890556,-0.326389
PLATH,44.684961,-73.522614
PLAZZ,42.873947,-78.816661
PLDGE,39.164258,-78.366311
PLEAZ,41.137422,-79.001989
PLEEZ,40.127642,-79.605389
PLGRM,42.387622,-70.855497
PLICA,42.882683,-78.839633
PLOOP,39.039944,-76.142197
PLOTT,44.554983,-72.200731
PLUME,40.118519,-73.285564
PLUMO,37.145367,-76.120764
PLVIA,38.901197,-77.036303
PLYMM,42.043747,-70.426914
PN09F,56.453478,-3.267544
PN27F,56.451503,-2.816853
PN27I,56.450931,-2.693117
PNARD,42.831644,-71.927878
PNGWN,39.657519,-75.511608
PNM01,56.451881,-2.932647
PNM02,56.539139,-2.804644
PNM03,56.591561,-2.921542
PNM04,56.453269,-3.230719
PNM05,56.580469,-3.229844
PNM06,56.580014,-3.070247
POBAH,41.597167,-71.412167
POBDE,38.635589,-78.949425
POBIC,35.915242,-78.7348
POCAB,36.788642,-77.5701
POCET,39.979039,-74.332667
POCZI,43.028883,-77.919667
PODAR,61.5,-14.966667
PODBE,43.863508,-73.413953
PODEL,37.617061,-25.699597
PODOG,41.312,-4.440278
PODUX,42.901028,-1.881528
POESY,44.246447,-72.623094
POGEA,40.134053,-78.594617
POGUV,53.339722,-6.192222
POHEH,53.812417,-8.785333
POHIC,38.969558,-79.927708
POHIK,38.624847,-76.777947
POHKI,43.921778,-0.195639
POKEY,39.775214,-75.258047
POKIY,38.391311,-77.4512
POKOE,41.318203,-77.124167
POKUE,44.575733,-69.314381
POL28,53.279947,-2.177486
POL32,53.475028,-2.876281
POL33,53.197111,-2.190569
POL34,53.280422,-2.647967
POL44,53.209147,-2.941881
POL50,53.135789,-3.054611
POLCI,37.061111,-1.739444
POLCU,40.079731,-76.433183
POLKK,38.814522,-77.376444
POLLA,38.935722,-76.580517
POLTY,45.899175,-75.811033
POMAJ,40.918575,-77.494528
POMAX,51.527119,-2.081228
POMPY,42.93,-75.969472
POMUF,40.229103,-75.687928
PONCT,42.746897,-73.813353
PONDE,40.003833,-74.727217
PONEN,41.353889,-0.547611
PONSY,35.969128,-79.600336
POOCH,38.455156,-77.675433
POOLE,39.116106,-77.429903
POORK,36.569817,-77.589275
POPOW,41.526681,-73.962728
POPPI,41.954942,-72.76475
POPPN,39.6493,-72.1933
POPPP,42.823131,-71.919783
POPUL,43.948611,-2.840278
PORGY,56.316667,-58.083333
POROE,44.22445,-72.774039
PORSU,62.636667,-42.995833
PORTA,39.33,-7.3025
PORTI,46.5,-52.0
PORTT,40.590806,-74.29395
POSER,40.328239,-79.336278
POTIC,44.703947,-75.340697
POTON,52.084533,-0.427161
POTVN,39.0954,-68.7309
POWLL,38.408956,-77.336375
POWTN,37.508292,-77.9491
POYIB,42.455667,-79.331031
POZOF,47.0625,-4.265278
PP05N,42.853111,-1.706944
PP06N,42.860167,-1.712111
PP11N,42.944,-1.773472
PP400,42.6455,-1.695667
PP401,42.649667,-1.763194
PP402,42.657222,-1.887
PP403,42.768306,-1.917528
PP404,42.821833,-1.894167
PP405,42.655167,-1.899806
PP500,42.685667,-1.745056
PP501,42.650167,-1.812
PP502,42.60025,-1.816444
PP505,42.54675,-1.749389
PP510,42.596778,-1.748806
PP515,42.639917,-1.71025
PP520,42.688,-1.667194
PP550,42.823167,-1.545694
PP602,42.881111,-1.892778
PP603,42.889972,-1.888222
PP604,42.931028,-1.842111
PP610,42.987222,-1.664444
PP620,42.747806,-1.630139
PP621,42.741361,-1.625444
PP630,42.62575,-1.740111
PP640,42.6975,-1.859722
PP710,42.921389,-1.616111
PPICE,41.893164,-69.880417
PPN35,42.210725,-2.051539
PPORT,43.089886,-70.991411
PR15F,57.086767,-7.543261
PR15I,57.125978,-7.604775
PR25F,57.058414,-7.308017
PR25I,57.07935,-7.221533
PR541,41.061011,-8.632356
PR542,41.093897,-8.640931
PR543,41.233886,-8.677536
PR544,41.315678,-8.698997
PR611,41.498781,-8.883722
PR612,41.537558,-8.622525
PR613,41.404772,-8.857911
PR614,41.443594,-8.597103
PR615,41.290267,-8.827569
PR616,41.329092,-8.567219
PR618,41.118319,-8.296633
PR631,41.165303,-8.794569
PR633,41.058603,-8.766219
PR634,41.097428,-8.506786
PR635,40.964586,-8.741319
PR636,41.003356,-8.482242
PR637,41.703983,-8.164442
PR638,41.582728,-8.523517
PR640,41.598075,-8.588831
PR641,41.600483,-8.771667
PR643,41.747467,-8.235692
PR646,41.015431,-8.407531
PR650,41.550383,-8.441872
PR653,40.925,-8.570869
PR655,41.423203,-8.292675
PR656,41.411975,-8.285542
PR658,41.186014,-8.261339
PR660,41.1057,-8.305883
PR662,40.965053,-8.518436
PR664,41.001469,-8.431644
PR665,40.942417,-8.629358
PR674,41.606464,-8.681422
PR741,41.453003,-8.735161
PR742,41.384278,-8.717044
PR743,41.371458,-8.713669
PR744,41.211589,-8.671669
PRADO,40.1475,-2.010333
PRANK,35.240947,-76.941261
PRAWN,57.203333,-59.18
PREAK,37.997158,-78.088453
PRENO,41.065547,-73.31405
PRENT,45.656311,-68.065961
PREPI,39.811406,-73.261306
PRESY,40.481933,-79.955978
PREZZ,38.590422,-76.86995
PRICE,39.090639,-75.850325
PRILL,38.325331,-76.463067
PRIMM,42.890428,-76.114514
PRIVO,40.082936,-77.748892
PRLJM,40.0,-71.816667
PRM01,56.978564,-7.373906
PRM02,57.010956,-7.304383
PRM03,57.057506,-7.438206
PRNCE,41.973542,-74.470069
PRNCZ,38.62725,-76.085611
PROSE,37.466636,-79.727069
PROUD,40.629792,-73.999756
PROUT,44.271306,-70.270889
PROVI,41.723739,-71.431714
PRSTN,35.993228,-78.655022
PRSTY,39.412881,-74.466553
PRT32,40.739425,-8.675586
PRTZL,40.072269,-77.106711
PRUZK,40.786675,-73.887694
PRYRR,40.790217,-74.071081
PSALM,36.669633,-76.489536
PSOAI,38.302394,-75.12865
PSOUT,39.835039,-74.932544
PSYKO,40.143611,-79.153611
PT351,61.866628,-49.430819
PT353,61.925017,-49.525106
PT411,39.027594,-8.975928
PT421,38.455347,-9.309775
PT422,38.516922,-9.277039
PT544,38.843378,-9.102739
PT551,38.997347,-9.019956
PT552,38.966433,-9.0366
PT554,38.715361,-9.171136
PT701,38.682119,-9.340022
PT702,38.849919,-9.196917
PT703,38.561294,-9.238989
PT704,38.598144,-9.083903
PT705,38.874978,-8.969983
PT706,39.101806,-8.649667
PT712,39.045431,-9.672644
PT713,38.773883,-9.773639
PT714,38.688331,-9.763775
PT715,38.486131,-9.656142
PT716,38.316664,-9.393089
PT717,38.287844,-9.2857
PT718,38.280056,-9.030939
PT751,39.167567,-8.737294
PT753,39.061589,-8.609258
PT754,38.850233,-8.953258
PT755,38.420678,-9.182789
PT757,38.895153,-8.584828
PT758,38.697808,-8.584611
PT759,39.0196,-9.083256
PT764,39.026994,-9.245206
PT801,38.884967,-9.080378
PT802,38.867928,-8.595739
PT803,38.568172,-8.633894
PT804,38.568236,-9.235458
PT805,38.547325,-8.564742
PT808,39.686619,-8.350303
PT810,39.758353,-8.513492
PT811,38.931233,-8.269744
PT812,39.398158,-8.796156
PT813,39.106664,-8.231472
PT814,39.399447,-9.441422
PT816,39.316008,-9.440897
PT818,39.142406,-9.439811
PT822,39.583492,-8.524942
PT824,39.314414,-8.735831
PT826,39.000992,-9.093119
PT828,38.723706,-9.241256
PT830,39.315744,-9.088361
PT832,39.39925,-9.118786
PT833,38.178781,-9.102592
PT840,38.361992,-9.114475
PT841,38.491725,-9.549339
PT842,38.343303,-9.236172
PT843,38.405133,-9.475778
PT850,39.059106,-8.740447
PT851,39.211806,-9.167314
PT852,39.140692,-8.809264
PT853,39.231714,-9.035911
PTAKI,42.650086,-76.601325
PTOMC,39.071672,-77.683436
PTRIK,42.527289,-70.820633
PTW18,40.420386,-75.859056
PU05F,56.440664,-6.982789
PU05I,56.401014,-7.059692
PU23F,56.557428,-6.755558
PU23I,56.597022,-6.678247
PUBLA,37.25,-5.355556
PUCBY,42.094689,-73.650242
PUCKY,40.906739,-74.120856
PUDGY,42.327367,-72.434514
PUDJJ,42.480161,-70.296856
PUDYE,43.172336,-70.900553
PUFAX,52.314447,-1.345056
PUFFE,38.910833,-76.870947
PUFUZ,42.505583,-3.342917
PUGEE,39.047781,-76.598608
PUGLE,38.893506,-77.819017
PUGRE,44.355408,-74.294494
PUJKE,38.315692,-75.465003
PUJMI,45.120769,-75.831669
PULDY,37.131042,-77.644394
PULLO,43.649097,-73.520783
PUM01,56.534314,-6.800697
PUM02,56.576936,-6.872492
PUM03,56.458108,-6.948989
PUM04,56.506817,-7.030889
PUMCY,44.897122,-76.200611
PUMIF,45.038003,-75.968769
PUNAZ,43.7375,-72.643167
PUNCO,41.363789,-79.259569
PUNGO,35.610553,-76.450919
PUNKN,38.974997,-77.166431
PUNLE,40.980628,-76.687053
PUPOV,45.573331,-72.338375
PUPPY,43.05735,-75.29425
PUPUM,47.243308,-67.891986
PUPUN,50.370394,-66.021592
PURBL,42.962367,-71.677381
PURED,45.203922,-64.753725
PUREL,48.333842,-71.145392
PUREM,56.357839,-61.935019
PUREN,50.024961,-79.829894
PURIB,50.261208,-66.421786
PURIL,48.759356,-64.707025
PURME,35.800044,-78.876972
PUSAP,44.511247,-65.830333
PUSEL,56.536122,-76.51825
PUSIC,42.038753,-77.750875
PUSOD,45.501389,-71.494167
PUSOG,48.557164,-71.280953
PUSUB,53.731614,-73.798031
PUSUK,43.951678,-77.810761
PUSUV,50.042394,-79.843647
PUTAD,46.211586,-79.376372
PUTNM,41.955458,-71.8441
PUTOM,43.780703,-66.008261
PUTON,43.708889,-79.035
PUTRE,43.143775,-71.365192
PUTUD,44.328308,-76.397192
PUTUX,44.793294,-79.379036
PUURL,39.920331,-74.789167
PUVAD,52.760206,-72.181497
PUVIE,44.784025,-69.571636
PUVIM,49.656389,-74.7691
PUVIP,50.043036,-79.657833
PUVIR,43.775703,-65.814233
PUVOK,54.814492,-66.754894
PUVUL,53.595139,-77.584472
PUWCU,45.484789,-75.508967
PUWFI,44.984864,-70.647983
PUXAT,61.1925,-69.7599
PUXAV,45.182903,-74.728103
PUXAX,62.798497,-69.73855
PUXEE,36.043325,-79.652208
PUXER,45.4,-72.854444
PUXET,49.15515,-77.198039
PUXOL,50.027294,-79.633519
PUXOM,50.040561,-79.654725
PUXOP,45.944722,-66.44
PUXOR,43.857158,-78.663031
PUYIK,39.366161,-76.465639
PUYVI,45.511161,-75.621083
PYCAT,40.446275,-77.289261
PYPRR,42.544231,-76.521208
PYR15,43.467772,-0.093567
PYSTN,37.088828,-75.889497
PYTHN,39.301936,-75.566572
PYTON,39.710558,-78.302831
PZULU,40.620942,-73.395575
QADED,41.442469,-74.047325
QEBZA,43.177375,-77.663031
QEQAJ,41.814869,-72.693864
QEZAZ,42.374781,-73.687211
QIFET,42.955731,-73.700269
QINCY,35.366667,-64.466667
QIQZI,42.997817,-74.39835
QITEJ,44.531003,-72.617275
QIYFE,44.954011,-70.60855
QIZOH,53.595389,-9.281444
QN9,58.3,-5.166667
QOLPI,39.561011,-77.404292
QOSNU,42.908558,-71.980897
QQ1,55.433333,-5.708333
QTIPP,41.646808,-74.914764
QUALE,40.08275,-76.234442
QUARM,40.829225,-79.077628
QUART,37.523653,-77.714803
QUARY,40.241572,-79.380786
QUENE,40.683517,-73.683078
QUILT,37.445569,-77.122361
QUINC,42.012036,-70.752658
QUINE,42.818697,-76.770719
QUINZ,42.7732,-73.050144
QUMAT,36.780272,-76.081483
QUSHI,53.108139,-1.774836
QWEST,39.807597,-75.559169
RAAKK,42.399722,-78.910833
RAALF,41.297744,-72.786156
RAANE,35.156103,-79.69275
RAATO,40.423919,-74.259978
RAAYY,39.207189,-76.393636
RABAD,48.561383,-71.305261
RABBY,40.8656,-73.946819
RABCA,35.737603,-6.085014
RABIE,36.740225,-76.104808
RABIK,45.298889,-72.610278
RABIX,43.646011,-79.316214
RABKY,44.833872,-76.124333
RABOG,45.759675,-74.615317
RABPO,41.807894,-72.705894
RABTY,45.057275,-75.7555
RABVE,38.932367,-75.382044
RACEY,41.416931,-73.193919
RACKI,41.012167,-75.576958
RACOL,37.197333,-76.711086
RACOP,38.455286,-77.907564
RACOT,37.223344,-76.471281
RADAM,39.443944,-74.599925
RADEN,45.931944,-76.026389
RADGE,38.942328,-77.491192
RADIA,37.604542,-79.338014
RADIE,35.618547,-77.432931
RADIL,49.965611,-74.512925
RADUL,53.50365,-60.233303
RADUN,59.966667,-58.0
RADUX,62.742778,-69.583703
RAEGN,45.281714,-68.461517
RAFGO,63.257614,-20.209353
RAFIN,44.883333,-51.804722
RAFNO,45.425753,-75.877339
RAFOL,37.949444,-0.016944
RAGCO,37.300275,-77.195111
RAGEB,48.068953,-65.159103
RAGER,41.568311,-74.912822
RAGGY,39.325658,-77.469319
RAGID,44.041944,-78.805
RAGIX,43.540819,-78.94665
RAGUP,46.712697,-71.6763
RAHEL,40.684333,-73.954089
RAIMY,38.21,-76.994722
RAINN,39.452753,-74.217544
RAIOH,40.781225,-73.993125
RAJAX,62.3925,-50.041944
RAKAM,44.020847,-76.495597
RAKBY,45.414428,-75.445619
RAKET,41.677756,-72.117011
RAKOD,39.780833,-6.628611
RAKUM,53.930417,-8.64625
RAKUP,61.0,-6.5
RALIX,46.940278,-1.038889
RALOC,37.126858,-77.57285
RALOV,63.882997,-24.867733
RALPY,44.980169,-76.064178
RAMAY,38.960714,-78.216392
RAMBO,41.801292,-72.436553
RAMEE,40.072044,-74.292511
RAMIG,72.070375,-22.575419
RAMOF,44.888144,-76.035097
RAMON,41.009167,-0.285278
RAMOX,53.6602,-4.839558
RANAY,35.447683,-77.806975
RANGY,44.803403,-70.681103
RANJR,38.467492,-79.038911
RANRE,39.440447,-75.730061
RANSM,39.65695,-75.477139
RAPAX,61.5,-18.383333
RAPTR,37.168056,-75.5
RAPUM,54.921744,-1.8828
RAQAR,53.443361,-6.683667
RARTE,44.934256,-70.583333
RARUR,39.665556,-8.492778
RASHE,40.676678,-77.64415
RASKY,36.938556,-76.312575
RASLE,44.246283,-72.789286
RATEE,40.685225,-74.898936
RATKA,49.5,-8.0
RATSU,61.0,-10.0
RATTA,38.813925,-76.610531
RATTY,35.733553,-78.958758
RATUF,46.213889,-3.6775
RAUKY,39.710444,-76.463161
RAV39,40.8887,-77.339931
RAVBA,66.316667,-46.283333
RAVDI,59.499239,-1.378383
RAVHE,53.873861,-9.124667
RAVIG,49.341111,-1.385556
RAVLA,63.8568,-21.615722
RAVNN,38.778628,-76.577564
RAWNE,47.084039,-68.148525
RAYAA,39.823814,-76.358383
RAYEE,39.069689,-77.358372
RAYMY,43.060247,-71.111711
RAYNM,41.893136,-70.973269
RAYZE,39.216503,-77.4709
RAZER,39.356208,-76.009642
RAZID,36.465667,-4.207583
RAZPO,65.923056,-52.401111
RAZUD,47.6325,-3.649722
RAZZA,39.2378,-77.295817
RAZZR,44.221253,-69.586736
RAZZZ,39.146972,-78.196542
RB001,48.598056,-4.518611
RB003,48.4265,-4.512722
RB004,48.628278,-4.373056
RB005,48.508611,-4.448833
RB006,48.2745,-4.111722
RB007,48.260194,-4.129556
RB403,48.382028,-3.727139
RB407,48.46825,-3.945639
RB409,48.321556,-4.014806
RB410,48.346333,-3.898389
RB500,48.52675,-4.535417
RB502,48.415,-4.795
RB504,48.486611,-4.711972
RB506,48.40625,-4.7095
RB510,48.457833,-4.374333
RBELA,42.832775,-70.954989
RBO28,40.785117,-2.643097
RBO33,40.7714,-2.526011
RBO36,40.357478,-3.670067
RBO39,40.308453,-3.711478
RBUDD,41.422142,-70.320122
RBV23,40.28755,-74.983139
RC410,49.654944,-1.509083
RC412,49.737111,-1.351083
RCHIE,37.584994,-72.395856
RCHLE,38.896542,-77.460397
RD504,48.355972,-1.879583
RD510,48.693444,-2.107917
RD512,48.709222,-1.971611
RD514,48.762111,-2.126111
RD516,48.825194,-1.840361
RD710,48.563611,-2.073583
RD712,48.625583,-2.240944
RDHOK,42.493361,-71.055817
RDUKE,42.330992,-70.959908
REACT,39.563306,-74.171383
READE,37.282092,-78.328844
REBBL,41.882675,-76.932794
REBKU,69.447333,-50.635736
REBLL,38.845219,-77.885758
RECPY,45.003314,-75.845033
RECUF,38.831767,-78.355144
REDEO,43.641181,-70.256772
REDEY,39.447181,-73.807486
REDME,41.535772,-73.620892
REDNG,37.712961,-78.230544
REDSO,37.647953,-25.795369
REDSU,65.723611,-52.604444
REDSX,41.922628,-70.234936
REDTO,39.548642,-76.110081
REEDO,44.703333,-75.981667
REEFI,39.794383,-76.180647
REEFO,40.542931,-73.828889
REENE,40.766758,-72.798564
REESY,39.757761,-75.868636
REFQI,51.479486,-1.467869
REFUM,65.841592,-18.127942
REGEE,36.935633,-76.381081
REGGI,44.465708,-72.762872
REGHI,48.0,-8.0
REGLA,38.855278,-26.138889
REGLE,40.403428,-74.995489
REGSE,42.4704,-77.715736
REHKY,45.544667,-75.437511
REIDE,36.314853,-79.56835
REJAK,62.005697,-7.363725
REKAE,41.138708,-77.416233
REKKN,39.111003,-77.472422
REKLO,51.829572,-1.878886
REKNO,64.664364,-21.286453
REKVA,64.441667,-20.821111
RELEE,37.815606,-79.399758
RELIC,46.0,-52.0
RELKU,38.416922,-9.460778
RELMO,55.636656,-4.965625
RELNY,40.058833,-75.4305
RELPY,35.212694,-79.791322
RELVA,41.852778,-8.5975
REMDG,42.803089,-70.497233
REMIE,44.005761,-75.741572
REMLO,49.42775,-2.867069
REMMY,39.193853,-77.033247
REMSI,53.960225,-3.8255
REMTY,44.9746,-75.892561
RENCH,41.622117,-71.498297
RENDU,63.767603,-22.830794
RENNY,48.413333,-61.816667
RENUE,40.518533,-74.094089
REPIE,42.281067,-76.038247
REPLY,45.638706,-70.437428
REPOY,41.823,-71.033567
REPRE,40.465508,-73.907492
REPSO,43.469639,-6.353528
REPTE,40.476908,-78.660386
RERAT,43.67725,-79.989694
REREN,53.017328,-78.769042
RERKA,52.468444,-9.106667
RERSE,37.72615,-75.718717
RERXE,44.993731,-75.679528
RERZY,45.477417,-75.804136
RESAT,48.7878,-72.588558
RESCU,41.658503,-70.071375
RESNO,55.0,-15.0
RESOM,48.140881,-77.654211
RESQU,37.479408,-71.447167
RESTE,36.463639,-77.484119
RESTU,37.907556,-1.557583
RESUG,54.176369,-58.592983
RESVA,43.421583,-3.443167
RETAD,58.088092,-68.282961
RETAX,43.501783,-79.853869
RETBA,39.443611,-0.908889
RETEG,45.639147,-74.378219
RETEN,43.0,-13.0
RETIB,56.635861,-61.641306
RETIP,46.890278,-71.923611
RETIT,45.904553,-70.792372
RETMO,41.227797,-9.013808
RETNI,70.44515,-22.278844
RETOV,55.025522,-59.394664
RETSI,52.511783,-2.875814
RETUN,51.278983,-58.713486
RETUR,65.538611,-17.624722
REULE,39.444819,-75.659869
REVAL,45.461467,-75.659436
REVEG,47.038339,-65.319181
REVEN,45.552706,-70.700528
REVER,42.440967,-70.961475
REVGE,38.89985,-77.070622
REVIK,46.895556,-67.7675
REVIM,45.356419,-75.033389
REVLE,44.374331,-73.44965
REVNU,54.466667,-10.116667
REVOE,38.91595,-76.712303
REVOV,43.618792,-79.723303
REVTU,49.597222,-1.725556
REXAM,53.066667,-3.160336
REXAP,55.912078,-61.191264
REXEE,38.69075,-77.022358
REXEN,45.244275,-73.352969
REXEP,53.165589,-60.743986
REXIM,49.359167,-57.150333
REXIP,45.659722,-72.617222
REXUE,36.16935,-75.9426
REXUK,54.5319,-71.299294
REXXY,42.011064,-77.409714
REZDI,43.607789,-71.301953
REZIN,47.727222,-78.231667
RFLAT,38.200289,-78.800053
RGIII,38.966817,-77.146772
RH401,47.773111,-3.814722
RH402,47.59925,-3.729028
RH403,47.771889,-3.388778
RH414,48.058361,-3.440639
RH415,48.035306,-3.321306
RH417,47.866583,-3.523694
RH423,48.148417,-3.349167
RH424,47.933028,-3.056306
RH425,47.853889,-3.017778
RH427,47.854861,-3.409167
RH428,47.731194,-3.571611
RHINA,41.165561,-71.692794
RHODE,38.255067,-79.379036
RI104,46.693056,-1.663
RI112,46.693444,-1.317333
RI114,46.807472,-1.382361
RI116,46.784028,-1.605333
RI212,46.711,-1.443611
RIBEL,54.016111,-2.289656
RIBEV,46.182219,-65.753836
RICEC,42.384578,-73.411975
RICED,40.611969,-72.692183
RICHY,51.464761,-0.126181
RICKB,40.088361,-78.918717
RICKE,39.474781,-77.308608
RICKF,39.946667,-76.228508
RIDAN,55.07145,-58.844958
RIDAV,40.53525,-5.808278
RIDDN,36.789219,-77.763969
RIDGY,38.942975,-75.789814
RIDNG,39.732244,-75.120239
RIDOB,44.905597,-65.254258
RIDOD,43.498597,-79.390767
RIDRE,42.997261,-71.113019
RIDUT,46.619203,-71.433742
RIEBA,43.885672,-75.932825
RIECE,39.27405,-77.470078
RIETA,40.589717,-74.409058
RIFLE,40.69005,-72.581914
RIGHU,45.612836,-75.535881
RIGID,44.588758,-73.742797
RIGLE,42.817547,-72.000375
RIGLY,40.524617,-73.498358
RIGNZ,39.158964,-77.306639
RIGUN,58.294153,-78.205389
RIGYO,39.966886,-74.848175
RIIKE,44.478556,-74.117444
RIISE,39.00935,-76.661425
RIKAH,42.551397,-71.418675
RIKAL,51.8,-54.533333
RIKEM,43.441944,-79.13
RIKIB,48.975161,-54.689325
RIKLO,46.803639,-1.599667
RIKME,38.641864,-76.18875
RIKOX,54.823231,-60.052072
RIKUG,63.968022,-24.0053
RIKUL,53.057722,-8.345778
RILAV,46.751111,-1.738361
RILED,52.5,-14.0
RILGU,57.019506,-7.115606
RILIE,43.0247,-76.078306
RILKO,40.978917,-3.796833
RILLO,37.017811,-76.1655
RILOC,42.27345,-72.014931
RILON,43.925,-1.01
RIMBA,42.052889,-74.657683
RIMEV,56.347381,-7.018897
RIMOL,57.542625,-4.041542
RIMON,47.507222,-2.185833
RIMTO,53.717569,-1.432994
RIMTU,43.3225,-8.366944
RIMUE,37.855692,-75.527606
RIMUM,63.075833,-21.689444
RIMUP,50.863633,-0.727531
RIMVU,53.753094,-5.140189
RINDI,37.105556,-0.063611
RINED,46.641528,-1.716389
RINGA,54.398456,-5.571017
RINNG,40.848356,-73.950344
RINOE,38.985222,-77.176833
RINOR,39.210372,-8.791017
RINSO,48.027222,-1.435833
RINTH,45.018675,-69.098792
RINUM,60.885542,-45.904047
RIPEE,39.939486,-79.876269
RIPEL,42.283056,-10.816111
RIPIL,50.718178,-0.370503
RIPIT,42.379944,-70.875892
RIPKN,39.168244,-76.337258
RIPNO,54.942222,-3.7375
RIPRA,36.0,-5.4
RIPUX,39.246667,-0.439722
RIRAE,40.904356,-75.296664
RIRXI,41.631825,-70.246456
RISAP,53.440944,-6.637
RISDU,57.608728,-1.806606
RISIN,51.694181,-1.441011
RISLA,53.030942,-2.886747
RISPO,37.299714,-2.290028
RISPU,45.858917,-0.321361
RISSO,35.807383,-78.700061
RISSY,40.397825,-73.587164
RISUD,47.770972,-1.696722
RISVE,38.243722,-77.286372
RITCH,42.632928,-77.248453
RITEE,42.679469,-78.8078
RITIE,35.278117,-78.20555
RITON,39.728375,-79.932217
RITOR,46.184194,-1.541694
RITSI,55.7026,-1.657083
RITTY,41.261264,-75.474542
RIVAK,46.0,-8.0
RIVEM,43.744333,-8.647083
RIVIT,40.280803,-78.326089
RIVKE,38.238167,-78.836442
RIVOP,67.008669,-50.082689
RIVRA,40.8093,-73.638819
RIVRO,40.622778,-6.722778
RIVVR,43.2449,-73.357467
RIXAL,36.784472,-2.017833
RIXIX,46.472861,-5.0855
RIXUN,61.0,-3.0
RIXUR,37.108861,-3.6365
RIYOV,42.595797,-74.971064
RIYWY,40.158072,-76.431803
RIZXU,42.975628,-78.588167
RJ04W,42.486389,-2.41775
RJ08W,42.509778,-2.505889
RJ400,48.664194,-3.914
RJ401,48.608139,-3.75775
RJ402,48.504611,-3.842278
RJ405,48.509861,-4.254361
RJ406,48.589667,-4.290222
RJ407,48.554889,-4.462444
RJ410,48.550639,-4.049167
RJ411,48.630389,-4.08525
RJ420,42.43375,-2.220222
RJ430,42.364528,-2.655639
RJBOB,36.216217,-76.408169
RK31F,64.087103,-21.745925
RK31I,64.053122,-21.590606
RK401,64.395639,-22.576381
RK402,64.389917,-21.843247
RK406,49.040528,-0.165194
RK410,49.199944,-0.507417
RKF01,64.018972,-21.916761
RKF13,64.168486,-22.122639
RKF19,64.255058,-21.961533
RKI01,63.939503,-21.901861
RKT01,64.238564,-21.958381
RKT13,64.097431,-21.793356
RL400,48.213472,-4.607694
RL411,48.106222,-4.572
RL412,48.118583,-4.746944
RL413,48.235861,-4.728278
RL416,48.305806,-4.400417
RL417,48.199639,-4.401333
RLF01,65.551697,-16.923294
RLI01,65.475433,-17.002611
RLLLL,38.848642,-77.305619
RLM01,65.635189,-16.919133
RLT01,65.700728,-17.151917
RMACK,35.950447,-76.616086
RN402,47.967389,-1.458972
RN404,48.125333,-1.401417
RN410,48.079444,-1.791639
RN412,47.955778,-1.556667
RN500,48.003222,-1.928417
RN502,48.015444,-2.026028
RN503,48.114556,-2.074417
RN504,48.195583,-1.976167
RN510,48.064306,-1.671889
RN601,48.078,-1.780306
RN602,47.963222,-1.9135
RN603,47.915667,-1.76875
RN700,48.064306,-1.671972
RN701,48.061833,-1.652444
RN702,47.98375,-1.631861
RN703,47.910306,-1.626111
RN711,48.06525,-1.679306
RN712,48.032528,-1.6885
RN713,48.034833,-1.638944
RN804,48.080667,-1.801556
RN805,48.221667,-1.803611
RN901,48.053139,-1.584472
RN903,48.126417,-1.486806
RNDON,39.058278,-77.4732
RNGRR,40.230164,-74.205747
RNLDI,38.781847,-77.910925
RNNDY,44.343325,-74.481117
RO404,48.753528,-3.136361
RO405,48.610806,-3.205528
RO410,48.762333,-3.510056
ROAST,39.956586,-76.433614
ROBBE,51.142778,-69.999444
ROBBO,55.889711,-4.910156
ROBEM,55.459267,-1.020469
ROBER,40.685464,-73.032611
ROBIP,36.699556,-2.570556
ROBJE,40.666842,-73.810267
ROBLU,53.672686,-2.718711
ROBOP,54.452378,-5.334819
ROBOY,37.1777,-76.484264
ROBPO,40.402756,-78.280417
ROBRT,39.616047,-77.367931
ROBSU,49.833439,-64.041589
ROBUC,41.678919,-71.585117
ROBUR,61.8862,-6.576483
ROBVO,51.684444,-8.19925
ROCCC,35.396961,-77.728072
ROCIN,42.425078,-79.378939
ROCIO,37.298139,-6.454611
ROCOW,45.693206,-69.211747
ROCOY,41.043436,-75.466442
RODAN,43.047292,-76.466569
RODAP,39.6325,-7.065278
RODBI,45.100019,-75.869739
RODBO,60.083333,-65.166667
RODDI,39.453186,-74.289994
RODEE,42.599506,-69.948594
RODEL,50.5,-15.0
RODII,40.625389,-74.211175
RODIL,38.078889,-27.606667
RODME,41.450156,-71.038658
RODNI,51.715694,-0.861619
RODOL,53.238056,-1.861944
RODPA,48.525072,-71.083453
RODPU,47.348903,-79.188519
RODSA,47.535556,-1.662778
RODVI,54.996025,-66.834519
RODYE,43.876653,-70.391775
RODYO,44.724903,-74.882847
ROFIX,40.213306,-3.791639
ROGAG,53.234942,-0.295961
ROGBI,52.296286,-1.335103
ROGCO,35.777089,-77.874528
ROGDO,46.261381,-63.366033
ROGDU,42.857872,-79.497322
ROGEK,46.654389,-1.038917
ROGGR,42.464033,-71.216469
ROGLI,51.823333,-75.981333
ROGNI,45.375919,-66.233786
ROGPU,48.6755,-1.40125
ROGSA,46.124167,-71.695278
ROGSI,49.835919,-64.237083
ROGTO,49.679361,-2.4394
ROGVU,48.850833,-68.215
ROKAL,47.955333,-3.355972
ROKIE,35.320953,-78.0299
ROKIX,46.742083,-1.094083
ROKLO,58.035847,-68.520714
ROKOB,38.853056,-9.0975
ROKRA,43.8112,-79.941678
ROKSI,50.503506,-2.214244
ROKTE,36.582778,-8.338611
ROKTI,45.361975,-73.705753
ROKTT,39.451986,-77.225789
ROKUP,53.017258,-1.515914
ROLAF,44.282375,-69.865664
ROLDI,48.850864,-72.129275
ROLDO,39.875833,-5.544722
ROLER,40.851431,-73.441539
ROLEX,53.428372,-3.967736
ROLKO,50.281942,-63.611239
ROLKU,49.927708,-79.542442
ROLLE,37.393128,-71.705864
ROLNU,46.588694,-1.139667
ROLPO,46.919683,-71.16605
ROLSE,42.713781,-78.58205
ROLTA,45.363497,-66.015342
ROLTO,45.874103,-64.75895
ROMAN,37.803519,-78.767567
ROMEO,51.603333,-0.541833
ROMEP,39.065364,-8.720614
ROMIL,43.474139,-5.659028
ROMLA,61.425592,-71.706358
ROMRE,43.748042,-72.027247
ROMRI,56.519678,-78.892353
ROMRO,44.957672,-64.801867
ROMSO,35.445278,-6.4925
ROMUW,44.822408,-72.192847
RONDA,36.694444,-5.146667
RONGA,47.479744,-61.850778
RONGE,41.914658,-73.205914
RONGU,46.190244,-64.693944
RONKE,36.672772,-76.711847
RONKO,42.495972,-1.030667
RONNY,42.429167,-0.844722
RONON,53.709417,-6.605333
RONOW,40.963,-74.255689
RONPU,61.5,-80.0
RONSI,43.484444,-4.503611
RONSU,47.712264,-70.452544
RONTA,43.558306,-79.831708
RONTO,43.61285,-79.472558
ROOKY,37.740072,-77.704861
ROOSO,40.695378,-74.075894
ROPDU,45.226847,-67.307972
ROPKI,62.017581,-49.675578
ROPTU,47.694592,-53.026425
ROPVO,49.391636,-62.407706
RORDU,60.852983,-69.619397
RORLO,61.240475,-69.616294
RORLU,48.639508,-67.905033
RORPI,44.080586,-77.593353
RORRK,38.909847,-77.098894
RORVA,46.451914,-65.852706
ROSAL,38.0215,-7.10125
ROSLE,41.874392,-78.900786
ROSLY,40.797214,-73.635744
ROSOY,35.866431,-78.696119
ROSPO,47.961528,-3.750806
ROSRO,52.805306,-8.704278
ROSSI,39.332961,-78.236461
ROSTI,63.406389,-14.112222
ROSUN,53.668914,-2.349239
ROSVA,48.373014,-71.415406
ROSVO,45.590242,-77.479172
ROTBU,39.196375,-9.159175
ROTEV,54.028811,-6.066219
ROTEX,37.418583,-5.602139
ROTGU,49.577503,-74.5434
ROTIN,63.916667,-27.160278
ROTLU,51.308531,-2.784028
ROTMU,71.166492,-78.635794
ROTRU,43.471325,-79.450706
ROTSO,52.224806,-9.314056
ROTVU,49.881228,-77.996897
ROUAN,42.872761,-71.278381
ROUFF,40.658628,-75.4417
ROUND,51.25,-75.046389
ROVAK,42.741861,-5.856417
ROVAL,51.973722,-8.569694
ROVFU,45.1475,-0.55
ROVGU,47.638836,-67.603486
ROVIN,72.584642,-56.147033
ROVLA,55.393939,-4.4736
ROVMU,43.174056,-79.542289
ROVRA,45.585853,-62.659397
ROVRI,46.037689,-63.596358
ROW03,45.276258,-75.516769
ROW04,45.266358,-75.497778
ROW05,45.209569,-75.556978
ROW15,45.419219,-75.546428
ROW16,45.358319,-75.491542
ROW17,45.352925,-75.507367
ROWEK,40.582433,-75.109256
ROWND,40.657606,-74.287256
ROWNN,36.2397,-77.652719
ROWYN,39.165567,-77.471644
ROWZO,35.790067,-75.819667
ROXER,43.213,-7.357556
ROXOG,50.266192,-1.562336
ROXXE,41.118064,-75.910228
ROYAN,45.666667,-1.036667
ROZWL,42.8786,-78.9498
ROZZE,42.829239,-71.992458
RQ001,47.882778,-3.988528
RQ002,47.815472,-4.073111
RQ003,47.824583,-3.338944
RQ004,47.967833,-3.998167
RQ401,48.058917,-4.164028
RQ402,47.878528,-3.804528
RQ403,48.070056,-4.46175
RQ404,48.044444,-3.804944
RQ410,47.977528,-4.230889
RQ411,47.967333,-3.985889
RREGG,35.138744,-77.543394
RRENA,42.504092,-71.539992
RRLEE,35.956581,-76.836853
RROLL,39.464011,-75.309744
RRSIN,36.952039,-79.059039
RS398,47.124917,-1.345861
RS400,47.273278,-1.314111
RS402,47.24225,-1.671583
RS404,47.380694,-1.501389
RS410,47.072056,-1.721944
RS701,47.192528,-1.733583
RS710,47.248667,-1.537889
RS712,46.974917,-1.882806
RSCLL,39.298586,-74.078653
RT410,48.521,-2.897639
RTBRO,35.920514,-75.696958
RTWOO,40.556903,-75.102392
RU401,48.570583,-3.857306
RU802,48.375528,-3.872306
RU810,48.675083,-3.724556
RU812,48.646694,-3.762694
RUANE,39.446111,-77.373983
RUBAR,53.135806,-5.8015
RUBDA,45.794167,-56.547778
RUBEO,40.954167,-0.686389
RUBEX,55.320039,-6.935336
RUBIX,49.069167,-0.25
RUBKO,52.333333,-60.966667
RUBLE,41.470461,-71.237503
RUBNU,48.677431,-71.11175
RUBNZ,39.387875,-77.468419
RUBOC,45.8474,-67.774414
RUCIG,45.356583,-69.265964
RUDBI,40.258167,-3.136111
RUDBU,44.864539,-63.385103
RUDJU,40.206125,-74.497044
RUDKE,36.211461,-75.834486
RUDKU,58.964317,-2.62605
RUDMO,50.777667,-1.024167
RUDUD,53.690517,-0.977139
RUGER,53.482708,-3.447889
RUGID,57.369111,-4.898567
RUHUN,51.594422,-3.5948
RUIZE,41.479342,-72.209428
RUJOV,35.885989,-79.065106
RUKER,39.949444,-4.611111
RUKOH,52.211897,-5.738208
RUKRR,36.550131,-77.489564
RULAE,42.985131,-78.041381
RULAV,53.437319,-5.167014
RULOX,38.9,-10.0
RUMAQ,67.1923,-50.281906
RUMKE,52.293158,-2.975689
RUMUX,62.374167,-20.0
RUNAX,35.833333,-6.632222
RUNNR,38.6954,-77.074492
RUPDE,39.477617,-75.141783
RUPEP,35.538611,-15.714444
RUPKE,42.913956,-78.378467
RUPRT,37.638789,-77.759203
RURBY,42.197953,-72.208522
RUREE,35.637847,-77.784239
RURLE,42.380042,-79.142522
RUSDE,40.339742,-75.424403
RUSEL,42.010147,-71.417261
RUSEM,39.0,-4.846944
RUSEY,39.268525,-76.188617
RUSIB,48.976944,-3.808611
RUSIE,36.808022,-76.404342
RUSSL,37.496986,-77.369069
RUTBY,35.234989,-77.913361
RUTHE,39.274525,-76.460772
RUTLD,37.385625,-77.328314
RUTOK,49.510933,-2.872497
RUUDY,40.815589,-74.278175
RUUTH,39.850344,-74.999769
RUVEN,37.653944,-5.514444
RUVET,64.387583,-23.7264
RUVNE,37.062008,-76.135267
RUWIB,37.057083,-8.269222
RUXIN,56.281944,-12.0
RUZZL,40.516986,-76.385553
RV202,47.783472,-2.485806
RV204,47.888972,-2.67725
RV210,47.702778,-2.743306
RV402,47.642556,-2.943
RV404,47.5585,-2.790139
RV410,47.793972,-2.632833
RW06R,44.109928,-77.540642
RW24L,44.124142,-77.516569
RW28D,53.420667,-6.258
RYANF,41.193433,-75.541456
RYBAL,38.83975,-77.336167
RYCHL,41.161222,-78.941844
RYDER,43.34975,-70.588886
RYDGE,38.601275,-77.034403
RYDOR,41.007664,-76.534825
RYJON,39.425436,-76.745503
RYLAN,42.388764,-70.741878
RYPIN,38.922167,-77.935228
RYVRR,38.038206,-76.710256
RZ410,47.301222,-2.204444
RZ412,47.505056,-1.860472
RZ600,47.403,-2.183833
RZ602,47.389889,-2.225944
RZ604,47.369056,-2.258917
RZ606,47.301528,-2.202
RZ608,47.319528,-2.11275
RZ610,47.333694,-2.063139
RZ801,47.295806,-2.230139
RZ802,47.431167,-2.210028
RZ803,47.079194,-2.239972
RZ804,47.324389,-2.088583
RZ805,47.333278,-2.044306
SAAAK,38.957403,-79.069781
SAACO,43.249297,-70.224353
SAAME,40.031061,-76.483997
SAAWA,44.943764,-68.561747
SAB46,56.098475,-3.528681
SABAG,65.266667,-35.283333
SABBI,38.381886,-77.137542
SABER,38.599914,-75.434242
SABLE,47.853056,-0.25
SACDA,35.248889,-0.822778
SACRI,39.602039,-76.173528
SACTO,43.296728,-70.458122
SAEZE,43.325783,-76.1764
SAFAD,43.090989,-72.671472
SAGGO,65.775725,-18.106808
SAGNE,42.991842,-78.5219
SAGOE,36.352064,-76.403347
SAHDO,38.506708,-78.602694
SAILE,41.185769,-67.895711
SAILN,40.254422,-73.450536
SAILR,38.350531,-76.313531
SAJUL,40.327378,-73.550033
SAKEH,38.99,-9.396944
SAKEY,40.210017,-76.806136
SAKYR,47.665028,-1.410167
SALCN,48.12145,-79.094097
SALCO,49.737169,-3.529556
SALEM,41.413447,-72.183694
SALLT,41.180572,-72.893342
SALME,41.772486,-71.575875
SALPE,37.252003,-77.369089
SAM27,51.330925,-0.969747
SAM30,51.367728,-0.916331
SAM33,51.412222,-0.869522
SAMMO,38.74425,-77.060953
SAMON,51.3225,-7.417778
SAMPO,48.22,-1.282222
SANBA,53.139314,-2.334161
SANDA,55.280556,-5.581389
SANIN,44.078056,-77.431944
SANJU,37.054167,-5.75
SANNY,37.000719,-79.555853
SANSI,37.497361,-1.070056
SANTA,37.668528,-6.298361
SANTI,38.290833,-3.324167
SANTU,43.322806,-3.11675
SAPCO,52.540278,-1.356944
SAPPE,43.627058,-70.052
SAPTE,42.6532,-72.053939
SARAA,40.439325,-75.887861
SARDI,40.524058,-72.798853
SARLY,39.206214,-76.781694
SARRA,43.174056,-2.566194
SARVY,36.417956,-76.416553
SASEP,45.709053,-74.632497
SASHA,42.132972,-73.148719
SASIB,48.052217,-65.399536
SASID,46.033333,-75.75
SASIR,45.295992,-73.690003
SASOK,60.781647,-78.277508
SASOR,45.406894,-76.46785
SASOV,47.070833,-65.180872
SASUG,46.153378,-60.055767
SASUL,48.266978,-79.733694
SASUP,47.548794,-79.18725
SASUR,43.767169,-66.158719
SASUV,53.029639,-60.618797
SATAB,53.654364,-77.819217
SATAG,44.0575,-77.632353
SATAK,53.256656,-60.561511
SATAN,43.385869,-70.803075
SATAP,55.433894,-77.680275
SATAV,62.466506,-77.5292
SATAX,72.689517,-77.968933
SATEM,45.143028,-79.349433
SATEN,52.959606,-78.518361
SATEV,54.733933,-59.809228
SATIK,44.107611,-78.56775
SATIP,47.425067,-61.777978
SATIV,48.698756,-58.254433
SATKE,39.995108,-79.099886
SATLY,44.179231,-69.657797
SATOT,45.841961,-74.258094
SATUR,43.975769,-79.391328
SAUGY,41.489453,-71.800542
SAURA,40.256028,-0.183361
SAVAT,64.230228,-76.524861
SAVEB,44.695878,-63.575308
SAVEN,55.935192,-61.624297
SAVEX,45.513056,-74.463889
SAVIK,37.711539,-70.983822
SAVIN,46.895331,-71.385314
SAVLE,41.963222,-70.912808
SAVOV,51.421956,-78.849172
SAVRY,59.466667,-58.0
SAVUR,43.5025,-79.587222
SAVUV,72.8325,-77.768614
SAVVO,35.489597,-75.443711
SAVVV,38.871439,-77.806706
SAVVY,39.806642,-75.452306
SAVYR,40.653553,-72.563161
SAWED,37.533536,-75.858083
SAWPE,51.584631,-1.654561
SAWYR,38.756961,-77.237539
SAXAN,51.483333,-53.85
SAXBI,51.751119,-0.187158
SAXEL,47.979486,-66.260644
SAXEM,47.395206,-69.998228
SAXEP,55.391114,-60.324908
SAXET,52.784994,-66.783558
SAXOK,47.485039,-68.475811
SAXOP,47.627611,-52.688022
SAXUD,45.326003,-75.493347
SAXUV,47.103819,-55.266647
SAYOV,40.629967,-75.792467
SCAAM,41.193739,-77.970889
SCALD,41.972392,-70.8277
SCAPE,39.944933,-77.536758
SCARB,43.563069,-70.154967
SCHER,37.179317,-79.823181
SCHOL,37.183194,-75.715553
SCHOO,35.773414,-78.926472
SCIPO,42.808075,-76.479356
SCITE,42.406631,-79.173303
SCITU,42.278744,-70.760608
SCLNK,40.18775,-77.167103
SCOAR,42.312617,-70.637506
SCOAT,53.475244,-60.031453
SCOFF,41.515356,-75.810722
SCOOB,37.592222,-76.630278
SCOOL,40.066647,-75.419597
SCORN,37.466611,-78.531758
SCOUP,41.055192,-75.042878
SCOUT,43.314533,-75.521353
SCRAM,38.371167,-77.798547
SCRBY,43.096414,-76.467711
SCROB,42.692322,-72.027089
SCROD,54.616667,-55.866667
SCTYP,36.946364,-76.368831
SCUPP,42.603058,-70.230375
SCUTA,37.578725,-79.762356
SD04,44.393842,-68.399233
SD18,58.288525,-6.343656
SD36,58.144108,-6.314892
SDAIL,35.9591,-79.813883
SEABE,41.779033,-71.511739
SEABO,39.570775,-75.315117
SEADO,43.743322,-70.159094
SEAFO,44.981289,-75.881494
SEALI,36.603844,-76.469281
SEALL,41.392708,-72.847378
SEALZ,38.423211,-79.2906
SEAVY,41.208544,-74.326561
SEBAB,46.432403,-79.204828
SEBEG,45.272906,-75.900158
SEBER,45.286725,-65.797542
SEBET,44.875856,-65.241242
SEBIM,53.672886,-61.050744
SEBIP,46.882822,-71.26145
SEBOY,40.101328,-76.444247
SEBUT,52.828311,-66.809011
SECKY,42.888458,-77.435775
SECOV,37.489353,-77.608817
SECQO,40.735361,-4.260306
SEDAB,43.366136,-79.381839
SEDEX,56.695475,-61.4572
SEDID,48.586078,-68.134675
SEDIN,64.275061,-76.976072
SEDIT,45.542928,-74.614017
SEDLE,41.347869,-74.355036
SEDOG,44.009722,-79.584722
SEDOL,45.887789,-66.455261
SEDUD,49.149044,-57.652275
SEDUM,43.214342,-79.131175
SEEDY,43.075875,-70.613522
SEEED,38.847683,-76.558978
SEETN,45.096333,-76.149333
SEFRD,40.845556,-72.001978
SEFUN,66.924444,-54.343611
SEG38,40.321089,-77.435081
SEGED,49.016678,-68.467589
SEGEP,44.001667,-77.6105
SEGIM,48.471372,-71.516925
SEGOD,43.554692,-79.489028
SEGOG,48.971075,-54.670011
SEGOT,43.802239,-79.804969
SEGPE,36.559886,-79.060578
SEGRE,41.022778,-2.376389
SEGUK,51.741358,-75.851711
SEGUT,45.648797,-74.318008
SEHAG,42.468039,-70.785053
SEHDO,40.662475,-73.473908
SEILR,40.713033,-76.373328
SEKAK,44.594458,-75.787181
SEKEP,44.783494,-64.708481
SEKIM,44.237131,-76.303483
SEKIP,46.940514,-65.730322
SEKIT,43.533056,-79.428333
SEKOP,44.080336,-79.227058
SEKUR,43.745497,-79.712231
SEKUX,43.505006,-79.633375
SELAM,50.044192,-79.735367
SELAP,43.61865,-79.910906
SELAX,48.647981,-68.489878
SELBO,49.166667,-78.0
SELEP,49.105775,-79.127919
SELIM,38.5,-62.668933
SELIP,58.167717,-68.295794
SELIT,52.973881,-59.799264
SELLR,39.060156,-77.485203
SELUG,47.958778,-66.677406
SELUK,44.397967,-78.878572
SEMAB,44.935186,-64.688886
SEMMU,52.778056,-4.039364
SEMRA,50.352003,-60.9419
SEMRI,53.700758,-73.960619
SEMRO,46.278333,-74.21
SEMTA,45.102175,-74.467297
SEMTI,43.786111,-79.360833
SEMTO,59.233333,-67.0
SENGA,47.728947,-69.616611
SENLO,49.083333,-1.178333
SENLU,44.325,-77.573056
SENNZ,45.343194,-75.825133
SENRU,49.058511,-57.366492
SENVI,44.733583,-64.165564
SEPAL,47.0,-8.75
SEPDI,43.603269,-79.455608
SEPII,39.0092,-77.753817
SEPKI,52.317956,-55.714442
SEPNA,45.655539,-61.090153
SERBO,52.101667,-60.716389
SERBU,46.207569,-65.639803
SERCH,42.369619,-79.4656
SERGU,45.439492,-65.749978
SERKI,60.900386,-69.476703
SERNA,40.916389,-5.632222
SEROC,43.167392,-70.492047
SERPA,43.839856,-70.665797
SERPI,43.604722,-79.764444
SERRA,39.266,-0.856833
SESDI,49.83485,-64.149672
SESKE,40.656794,-73.432403
SESKU,46.348117,-63.111889
SESLA,53.848697,-79.233708
SESLO,52.545758,-72.255672
SESTO,46.173997,-66.18735
SETBE,44.718653,-74.892414
SETEL,54.0124,-2.435753
SETHB,37.429764,-79.968197
SETHE,41.154281,-73.020356
SETPU,53.697128,-78.689028
SETRA,43.843611,-79.351333
SETVA,59.855019,-70.224419
SETVO,46.358333,-77.516667
SEVDU,60.209692,-70.106703
SEVGI,46.943428,-67.844892
SEVGU,56.275189,-62.284228
SEVIE,44.672433,-67.915408
SEVLO,52.861003,-55.884253
SEVMA,46.456525,-67.160947
SEVRN,39.066203,-76.571411
SEWEL,38.933856,-74.905031
SEYOB,43.595269,-72.952003
SEYON,42.875439,-73.633203
SEZJY,36.788314,-76.690411
SEZTY,44.707939,-68.458706
SEZZZ,37.576964,-77.434147
SF09F,66.952689,-50.991658
SF401,66.699075,-50.800225
SF501,66.719656,-50.998997
SF502,67.212983,-50.954153
SFF09,66.952369,-50.993139
SFF27,67.064944,-50.396836
SFI27,67.100517,-50.181922
SFM27,67.023158,-50.646317
SFT09,67.036717,-51.1299
SG201,54.228278,-8.90475
SG202,54.325056,-9.019083
SG203,54.391917,-8.853389
SG205,54.285278,-8.646417
SG206,54.330028,-8.278389
SG207,54.233278,-8.164611
SG208,54.166333,-8.327583
SG209,54.294389,-8.730444
SG210,54.280667,-8.603556
SG301,54.318361,-8.283778
SG302,54.251472,-8.137361
SG303,54.184583,-8.320861
SG304,54.265025,-8.363622
SG305,54.273281,-8.505108
SG307,54.288,-8.658417
SGRET,40.934842,-73.709986
SHAAN,42.579894,-70.827611
SHAAR,39.269825,-79.522817
SHAAW,38.752017,-76.863447
SHAFF,41.289706,-74.443406
SHAGG,42.45565,-71.178944
SHAGY,40.583036,-75.5551
SHAHE,42.686881,-74.121097
SHAIK,51.557939,-66.546803
SHAKI,38.873775,-77.178067
SHANK,42.628056,-68.487222
SHANZ,35.968489,-79.694231
SHAPP,54.5,-2.627314
SHARK,49.189722,-2.429444
SHAUN,42.676178,-70.64085
SHAUP,39.739975,-73.576067
SHAWE,44.352919,-69.82155
SHAYD,39.158306,-72.123406
SHAYY,40.696047,-73.942975
SHEFD,42.127469,-73.364386
SHEPH,39.450919,-77.965292
SHERB,42.777197,-75.531958
SHERL,40.255708,-73.121739
SHHAR,40.983736,-71.305703
SHHAY,38.784467,-74.932061
SHIGY,42.399431,-73.316939
SHILL,40.364461,-78.773883
SHILO,39.683389,-76.614892
SHINY,44.818539,-70.919533
SHIPN,41.034456,-73.527144
SHIPP,40.329433,-73.247272
SHIRI,50.413061,-3.678928
SHIRY,36.975911,-78.153642
SHLBE,38.019533,-77.497567
SHLBK,38.337836,-76.436253
SHLEP,40.684861,-72.603094
SHNON,38.933108,-78.056208
SHOEL,42.990833,-70.877886
SHOKR,38.5514,-69.5348
SHOTT,40.865808,-74.510397
SHOWZ,42.805425,-71.581014
SHPMN,38.864408,-77.366208
SHRAK,44.154994,-75.682231
SHREW,40.982475,-73.932417
SHRLI,38.748356,-77.702325
SHRUB,57.300278,-1.815278
SHTGN,38.245914,-76.747842
SHUBE,42.860536,-77.224292
SHUEY,39.482053,-77.300603
SHUSH,42.327983,-70.91205
SHYMO,43.696972,-72.146617
SHYNA,40.672167,-73.168853
SIBIE,43.370347,-73.725481
SIBJI,42.349694,-75.314919
SIBJU,40.377672,-76.473947
SIBMO,58.732156,-69.881692
SIBNA,48.246383,-78.712044
SIBNI,43.640983,-65.985694
SIBSO,50.316797,-63.5039
SIBSU,48.927564,-54.465497
SIBTE,37.413289,-78.412003
SIBUW,40.283867,-76.997872
SICOB,40.277969,-74.976469
SIDDI,50.518539,-3.967217
SIDEE,35.999228,-78.786833
SIDHO,50.7608,-3.238236
SIDLA,48.370103,-70.986256
SIDPU,43.955658,-66.271719
SIDUQ,53.528444,-6.117667
SIDVO,44.745111,-75.527169
SIDVU,43.781111,-79.8475
SIERA,50.838719,-1.447028
SIGBE,39.410333,-77.363667
SIGHH,41.073997,-73.356739
SIGLA,46.545097,-65.962625
SIGPI,49.878086,-79.7532
SIGPU,44.211517,-78.614778
SIGSO,44.021586,-66.016253
SIGSU,49.060758,-79.372006
SIKBO,43.653611,-79.349167
SIKHE,43.383056,-5.700833
SIKPU,52.591058,-56.031561
SIKSE,40.191569,-78.363806
SIKTU,48.426489,-71.408028
SILDE,44.314419,-72.713025
SILDO,45.522681,-73.475592
SILJY,40.667103,-73.836328
SILLY,37.2278,-72.5534
SILMO,46.290097,-65.677817
SILMU,47.65135,-70.330828
SILNI,52.775,-66.233333
SILOC,41.361333,-70.648147
SILOK,59.77,-1.483333
SILPU,52.199214,-55.6962
SILRI,47.575711,-52.389731
SILRO,47.0,-58.583333
SILRU,59.0,-72.0
SILTO,43.865375,-79.385128
SILVA,51.847594,-1.005389
SILVE,42.912081,-70.613525
SILVI,45.784164,-72.381711
SIMAY,42.752708,-73.656106
SIMDE,40.091033,-74.235872
SIMGO,47.289658,-67.642144
SIMLE,36.650333,-76.620928
SIMNI,60.691111,-46.597222
SIMTO,47.056419,-70.82925
SINGA,59.216667,-61.083333
SINLI,45.346422,-73.208397
SINLU,66.167308,-65.695697
SINNO,35.843419,-78.45535
SINON,40.037161,-75.579425
SINRO,45.898839,-73.555633
SINUE,41.547047,-74.129669
SIPDI,46.284203,-63.200053
SIPLE,36.656469,-77.456728
SIPME,38.038439,-78.504383
SIPRU,39.18,-27.889444
SIRGU,40.2605,-2.600139
SIRIC,51.343381,-1.566358
SIRLY,40.650008,-74.416336
SISME,39.115853,-75.4647
SISRI,50.766697,-3.751058
SITET,50.1,0.0
SITKU,53.743269,-4.831739
SITLE,42.965386,-71.453539
SIVBO,50.050783,-5.844964
SIVBU,53.465278,-0.578889
SIVIR,46.0,-8.75
SIVNA,53.197861,-5.641028
SIXBE,51.061472,-1.546333
SIXIE,40.408333,-74.988858
SIYOB,38.853475,-77.573028
SIZIN,65.462561,-15.007664
SIZZR,39.565894,-74.899675
SJAYY,37.670867,-77.1483
SKALA,46.760036,-71.253258
SKALM,65.628611,-22.36
SKALP,40.918994,-72.316706
SKARV,55.379906,-4.222811
SKEEE,43.913611,-72.803611
SKERY,50.0,-3.173072
SKESO,49.824839,-3.034056
SKIED,40.79995,-79.927261
SKIHL,44.380658,-70.725314
SKIIP,40.638269,-76.463947
SKIPY,39.506244,-75.271825
SKITL,39.970739,-75.410886
SKORR,40.609989,-73.897119
SKOUT,36.931981,-75.852053
SKOWL,41.263106,-71.278986
SKPPR,35.759161,-70.448786
SKUBY,41.140692,-74.226183
SKULK,37.609181,-77.273406
SKUPE,51.4095,-78.871133
SLAAW,36.2281,-77.654619
SLAIN,39.969514,-79.871772
SLAKR,38.900558,-77.067631
SLAMZ,43.558694,-69.974289
SLANY,52.158556,-5.842131
SLATN,39.116667,-67.0
SLATT,40.738233,-75.685231
SLIMR,40.732108,-74.081519
SLIPN,35.368031,-77.598917
SLOAF,39.366739,-76.851364
SLOKA,45.622383,-73.524653
SLONE,40.343664,-74.568433
SLOWW,42.210542,-71.802486
SLYDA,54.201214,-5.087519
SLYNG,40.839822,-74.631022
SM412,38.089603,-26.784322
SM430,38.133736,-26.766225
SM452,37.918703,-25.893103
SM453,37.665611,-25.973492
SM502,37.592522,-25.640644
SM504,37.730669,-25.6618
SM506,37.758964,-25.75165
SM508,37.782511,-25.826636
SM510,37.804125,-25.864411
SM512,37.839414,-25.901714
SM514,37.810036,-25.91455
SM520,37.846072,-25.8862
SM521,37.738336,-25.686117
SM522,37.759414,-25.850625
SM523,37.9274,-25.794117
SM524,37.720786,-25.630189
SM525,37.772472,-25.794647
SM526,37.319883,-26.035925
SM527,37.63965,-25.466822
SM528,37.746056,-25.710622
SM529,37.533111,-25.805089
SM530,37.748228,-26.269203
SM531,37.805992,-26.281625
SM532,38.065467,-26.206153
SM533,37.527303,-25.883814
SM534,37.906972,-26.278753
SM535,37.872856,-26.283194
SM536,37.679653,-26.060142
SM537,38.022478,-26.235358
SM538,37.772125,-25.828175
SM539,37.7102,-25.863231
SM540,37.676442,-25.8117
SM544,37.623058,-25.312389
SM545,37.606397,-25.252886
SM550,37.686831,-26.005908
SM553,37.646244,-25.915281
SM555,37.577439,-25.807417
SM556,37.415578,-25.816461
SM608,37.700592,-25.566611
SM610,37.669681,-25.469103
SM611,37.638686,-25.371675
SM613,37.621414,-25.300644
SM618,37.546208,-25.127111
SM620,37.647139,-25.527558
SM622,37.563806,-25.542264
SM624,37.507761,-25.529758
SM630,37.607572,-25.613178
SM632,37.613378,-25.631531
SM634,37.531747,-25.801147
SM640,37.675214,-25.827756
SM642,37.708086,-25.882114
SM644,37.801192,-25.970619
SM646,37.855853,-26.061503
SM650,37.737442,-25.901358
SM652,38.036769,-26.111244
SM670,37.657008,-25.881533
SM700,37.916611,-26.257578
SM702,37.946469,-26.355933
SM704,38.030158,-26.507914
SM800,38.069747,-26.146403
SM801,37.633856,-25.355981
SM803,37.566375,-25.537653
SM804,37.674178,-25.483464
SM805,37.710375,-25.5972
SM806,37.923808,-25.89195
SM808,37.792331,-25.932858
SM809,37.772111,-25.830875
SM810,37.751767,-25.728767
SM811,37.796394,-25.931961
SM812,37.773967,-25.83025
SM813,37.747594,-25.709969
SM814,37.734092,-25.649269
SM815,37.748975,-25.719894
SM816,37.73045,-25.661108
SM900,37.930769,-25.609797
SM902,37.932564,-25.504492
SM904,37.938244,-25.12535
SM906,38.154306,-25.215369
SMAIR,44.059019,-74.439164
SMARE,46.326022,-78.163642
SMARI,41.625394,-71.225497
SMC01,37.852339,-25.791839
SMC03,37.742689,-25.947964
SMC04,37.726072,-25.803467
SMC06,37.657,-25.698597
SMC09,37.654086,-25.589908
SMC10,37.551,-25.428111
SMC11,37.521322,-25.677467
SMC12,37.768317,-25.781414
SMC13,37.455214,-26.972161
SMC14,37.700489,-26.138181
SMC15,37.685269,-25.788372
SMC17,37.739889,-25.810875
SMC18,37.543011,-25.936617
SMC19,37.545197,-25.928433
SMC20,37.73255,-25.904028
SMC21,37.499069,-25.333736
SMC22,37.962214,-25.207869
SMELI,38.725167,-75.481536
SMILA,66.641778,-51.431064
SMILO,51.711028,-8.398722
SMITE,42.10945,-75.895817
SMITY,41.934006,-70.703589
SMOKI,57.776944,-2.598783
SMOOT,38.765717,-77.063278
SMUDG,45.470717,-69.198397
SMUTZ,42.461831,-72.846231
SMYTH,42.5046,-73.884961
SNAPO,41.8759,-71.877458
SNAZI,39.576072,-76.419978
SNDBA,42.454731,-70.893533
SNEDE,39.562681,-75.023136
SNIVL,41.479475,-72.743028
SNNOW,35.423992,-77.620828
SNOOH,42.634722,-70.658919
SNOPO,42.888444,-78.650819
SNOWY,40.751603,-75.964342
SNOZZ,40.818583,-73.908861
SNUGI,38.949133,-76.442272
SO02E,43.3875,-1.756472
SO06E,43.437972,-1.70075
SO06W,43.269389,-1.886389
SO10E,43.491361,-1.641667
SO400,43.387306,-2.097361
SO401,43.252667,-2.065333
SO402,43.250583,-1.95225
SO412,43.411194,-1.747861
SO500,43.551111,-1.743194
SO510,43.405361,-2.033056
SO521,43.309528,-1.842306
SO522,43.249278,-1.951583
SO525,43.296528,-1.856611
SO600,43.466417,-1.956861
SO601,43.34325,-2.075306
SO602,43.243139,-1.960111
SO63E,43.443194,-1.694972
SOBAH,42.237347,-70.145356
SOBMA,35.4,-5.916667
SOBOC,43.312347,-77.383175
SOBOE,35.321997,-78.030264
SOCAN,53.780556,-75.0
SOCOP,42.365611,-76.108744
SODGE,43.137903,-77.61215
SODKI,58.7975,-3.631389
SODOY,35.490339,-77.126153
SOFEA,42.547844,-70.811556
SOFEE,41.843172,-71.258925
SOFIE,36.267717,-76.073344
SOFJU,51.601383,-0.2059
SOFOB,41.729014,-70.008069
SOGBE,39.174733,-78.470492
SOGBO,44.882667,-0.852083
SOITE,39.802467,-74.484272
SOKDU,50.660894,-2.02585
SOKYE,46.358794,-72.851511
SOLGI,38.6249,-28.032672
SOLOA,40.617383,-74.936328
SOLOC,37.095136,-76.507706
SOLSO,44.384972,-0.477556
SOLVA,43.104311,-76.242172
SOLYO,41.247261,-77.051997
SOMAX,50.0,-15.0
SOMEN,48.85,-3.55
SOMEV,65.636697,-37.698742
SOMOT,51.2925,-2.998056
SOMRE,40.016478,-79.058461
SOMTO,40.126167,-75.063728
SOMUL,38.2225,-27.316944
SONAP,36.5,-10.0
SONAX,63.906342,-23.050219
SONEX,53.497972,-2.172461
SONEY,41.461236,-71.858583
SONJA,39.366892,-75.274578
SONOC,40.810964,-72.673886
SONRY,38.268169,-78.913483
SOOBY,37.625461,-77.530794
SOOKE,45.554458,-62.892933
SOOKI,39.118383,-76.522286
SOONU,39.478233,-75.579969
SOORY,38.5,-60.267583
SOPAN,72.939458,-55.738875
SOPAR,63.697961,-22.605656
SOPAX,53.646914,-4.452239
SOPEN,64.7,-26.925
SOPET,39.833833,-0.004694
SOPEX,48.613333,-3.55
SOPHY,39.271725,-75.366269
SOPIT,51.958289,-1.107319
SOPOP,40.44,-12.386667
SORIN,53.141472,-5.80625
SORIR,64.403514,-24.692089
SOROX,63.0,-23.0
SORPO,43.352278,-3.5375
SORRY,41.478639,-73.017408
SORUX,36.612417,-2.480944
SOSAB,51.794292,-2.473072
SOSAR,61.0,-2.0
SOSAV,39.2735,-1.495472
SOSBY,39.256872,-74.925158
SOSIM,53.815486,-4.508461
SOSIT,64.816667,-30.0
SOSME,37.975214,-79.110589
SOSOV,44.983056,-7.885
SOSTO,43.7975,-1.275833
SOSYO,42.487347,-71.432153
SOTA,49.951111,-11.633333
SOTEX,38.292778,-8.22
SOTUG,63.9056,-21.717086
SOTUK,39.193667,-4.746389
SOUCI,38.549058,-76.091875
SOULZ,39.164358,-76.510097
SOUND,40.86435,-73.156247
SOUTH,38.846389,-9.062222
SOVAE,38.3509,-76.522506
SOVED,56.0,-14.0
SOVEM,36.510056,-4.269194
SOVIM,48.118389,-3.810694
SOVIX,51.427528,-8.562667
SOXON,58.968394,-3.872906
SOYGO,39.460192,-79.126144
SOYOC,35.104369,-77.020144
SOZIY,37.149911,-79.002728
SPATE,40.522767,-74.125128
SPDEY,40.248994,-73.085747
SPDWY,44.040042,-70.297622
SPEAK,39.058142,-75.746094
SPECL,41.666881,-74.103897
SPEEZ,39.901281,-75.094675
SPENO,42.280153,-72.154083
SPENY,44.909603,-70.5519
SPERY,40.080686,-75.727133
SPIDR,37.645478,-77.852833
SPIEL,38.166389,-5.061667
SPIKE,57.540556,-1.664722
SPISY,38.720747,-76.531897
SPLAN,40.955233,-72.795386
SPLAT,39.067467,-76.572942
SPNCR,39.719433,-75.66965
SPNGL,39.257508,-76.970422
SPOTE,52.469167,-66.999444
SPOTZ,40.765278,-75.383056
SPREE,40.907453,-72.552956
SPREY,38.300464,-78.896375
SPRIG,38.427344,-76.237058
SPRUE,38.833044,-74.9042
SPURT,40.501492,-74.843608
SPUZM,45.4821,-75.778897
SPYSD,42.449569,-71.027014
SPYTR,43.661158,-70.237692
SQUAD,37.998158,-70.582528
SQUAM,43.777778,-71.483603
SQUEL,42.113775,-71.765994
SRENE,42.340778,-70.826831
SRINO,42.466039,-70.830919
SRNAC,44.384722,-74.204475
SROKA,40.293106,-75.946192
SS401,66.900397,-52.944064
SS402,66.692261,-53.455769
SSAAM,42.632086,-71.386072
SSENA,44.914286,-74.722586
SSF13,66.985744,-54.088342
SSF41,66.894042,-53.582131
SSI13,67.005133,-54.294639
SSI41,66.858253,-53.439728
SSIXX,40.783767,-77.961944
SSM13,66.966083,-53.882317
SSM41,66.938594,-53.760717
SSM43,66.966475,-53.886375
SSTAN,42.798167,-77.094633
ST400,42.502611,-7.655528
ST401,42.585639,-8.080611
STABL,38.926964,-76.485264
STAEV,44.606953,-73.370892
STAFA,52.861389,-2.242931
STAFD,37.440808,-78.347269
STALH,48.187792,-78.891939
STALK,39.387564,-76.722994
STANA,54.870753,-66.873014
STAND,39.004492,-77.332733
STANE,41.09475,-73.220136
STANK,44.783333,-74.116667
STARZ,39.339919,-76.832958
STASE,36.079111,-79.166564
STATN,42.531964,-76.518881
STATU,40.684906,-74.081922
STAUT,38.201739,-78.957364
STAYC,42.512931,-70.797411
STAYO,38.776,-77.357
STEAD,38.775586,-77.262669
STEED,40.8311,-73.980925
STEEM,42.258333,-70.811389
STEFE,39.965292,-75.260011
STEFN,37.403719,-79.727111
STEIN,37.586639,-76.320122
STELA,42.281431,-73.153933
STELR,41.874119,-74.2194
STEMM,36.18345,-78.673336
STENT,41.679047,-77.152756
STENY,40.401686,-74.262481
STEVE,37.189864,-76.372522
STEVO,42.936681,-70.927831
STEVR,38.399756,-76.608328
STEVV,39.364944,-74.350883
STG08,42.797442,-8.381572
STHRE,40.814117,-77.909608
STIKK,35.936081,-76.147983
STILL,39.264742,-77.638872
STILR,40.367028,-79.840744
STIME,42.039344,-71.279122
STINK,37.8279,-72.2878
STINT,35.791522,-78.742942
STIRA,56.133919,-3.833606
STN28,58.547375,-6.787636
STN30,57.834686,-6.808875
STN43,58.728553,-7.116353
STNLY,40.055125,-75.157083
STOAT,52.025894,-0.020936
STODA,43.116722,-75.855897
STOEN,39.838206,-75.798589
STOGE,42.119014,-71.130539
STOIC,38.936853,-77.011783
STOKK,42.907242,-76.350456
STOLI,42.740764,-73.114522
STOLZ,38.207989,-78.834703
STOMP,41.596328,-74.796608
STOOG,39.064778,-69.962864
STOOL,41.1725,-71.326389
STORT,40.517011,-75.986461
STOTT,42.335372,-73.717058
STOVR,39.094633,-76.836367
STPBY,37.9116,-77.993878
STRAD,41.180553,-74.320033
STRGL,38.939633,-76.555225
STRKY,39.301706,-77.715269
STRMN,39.216467,-77.577714
STRMY,35.918797,-78.31975
STROH,40.620844,-77.711414
STRTN,45.096039,-70.214119
STRUM,42.930883,-72.280244
STU30,51.88015,-4.259447
STUBN,42.09405,-77.024633
STUBY,41.902094,-73.437233
STUDR,36.195006,-79.00985
STUFF,41.440511,-74.30485
STUFY,41.677,-71.633664
STUKI,36.152147,-79.104006
STUTR,37.489336,-77.062219
SUBAK,47.06925,-1.490889
SUBAL,35.546389,-12.3125
SUBAX,65.557222,-51.622778
SUBOF,53.459028,-6.68125
SUBRE,36.994433,-76.58185
SUBUD,64.566667,-52.25
SUBUK,54.379947,-3.286347
SUCOV,35.124508,-79.063808
SUCSO,40.696514,-74.511761
SUDAD,43.163889,-0.011111
SUDBY,55.295931,-4.268347
SUDIL,47.134194,-1.625306
SUDOY,39.609178,-76.139064
SUDUL,68.166667,-31.516667
SUDUR,61.603025,-7.08185
SUFFI,43.024906,-69.917142
SUFOK,41.163225,-71.828917
SUFSO,36.405878,-76.557294
SUGAD,53.289583,-5.527722
SUGGR,37.487483,-77.558081
SUGLF,45.075264,-70.210636
SUGOM,46.076389,-2.376944
SUKED,64.994444,-26.619444
SULEV,54.656789,-6.557233
SULIE,35.829019,-78.547881
SULII,39.693122,-77.639644
SULOE,39.116681,-75.464381
SULOY,40.865911,-74.408936
SUMAW,44.944739,-68.573583
SUMIN,55.329378,-4.055047
SUMMO,38.360333,-0.28175
SUMNA,43.914756,-70.570283
SUMUD,72.616667,-38.5
SUNEY,38.933803,-77.118522
SUNIR,43.384306,-3.125639
SUNOT,57.0,-15.0
SUNOY,42.844461,-74.083967
SUNTE,38.987553,-75.260383
SUNUL,47.176944,-2.828056
SUNYJ,38.951375,-77.623306
SUPIG,55.106892,-1.428367
SUPIK,37.920725,-26.059525
SUPIT,57.332367,-7.084983
SUPRT,38.647831,-78.092692
SUPRY,45.5,-52.0
SUQOC,46.439917,-0.396472
SURCO,42.328806,-0.567944
SURGE,40.624383,-75.487611
SURLE,42.076669,-72.506411
SUROX,53.996667,-6.993472
SURUE,36.685792,-77.015094
SUSKE,42.876867,-79.007019
SUSLE,39.700353,-77.119081
SUSOL,50.249692,-60.399425
SUSSA,35.677097,-77.139061
SUSUB,53.319167,-60.425833
SUTAV,45.309722,-73.617222
SUTBE,39.178292,-76.225858
SUTEN,72.617864,-78.068014
SUTEX,52.824361,-6.930361
SUTKE,40.127511,-74.092167
SUTKO,46.515833,-56.821667
SUTUE,36.856008,-75.996361
SUTUG,50.181767,-61.487961
SUTUL,43.526111,-78.951667
SUTUM,46.101658,-60.016225
SUUSA,43.126592,-77.548664
SUVAD,50.637111,-59.486583
SUVAG,46.138322,-64.511875
SUVAN,51.416667,-12.5
SUVIL,63.881517,-22.605517
SUVIP,46.031872,-64.406719
SUVKU,49.872089,-79.528583
SUVLA,62.100772,-75.687397
SUVOP,60.85735,-78.013253
SUVOY,43.916825,-75.723306
SUVRU,71.119822,-79.107114
SUVVO,42.476367,-71.349508
SUWHT,35.991869,-76.813153
SUXAD,49.617,-74.656158
SUXAG,46.183411,-63.063503
SUXEB,47.763475,-79.051539
SUXET,45.204722,-73.165833
SUXIP,45.421881,-65.654675
SUXIV,48.903325,-76.834692
SUXKO,51.025542,-1.551525
SUXOT,65.731842,-17.74165
SUXUE,37.925169,-77.596294
SUZIE,40.453256,-75.972764
SVILL,37.786419,-77.032469
SVL40,37.280439,-6.577806
SVL57,37.355253,-4.573558
SVL72,37.334236,-4.261147
SVL79,38.474708,-6.769936
SWABY,37.872986,-76.520042
SWALO,42.065486,-72.193639
SWAME,36.239139,-79.912386
SWANK,41.302333,-76.156161
SWANN,39.151467,-76.228872
SWARM,37.476344,-78.923678
SWEDE,42.477811,-74.668919
SWEET,40.828272,-74.924319
SWETP,36.208678,-78.109239
SWICH,40.590292,-74.233417
SWIGG,42.532936,-71.243725
SWIMN,39.505614,-75.797225
SWING,37.080122,-76.817544
SWLCH,43.4169,-70.528197
SWNGR,37.610589,-77.322975
SWOPE,36.518569,-76.315633
SYCAM,37.017492,-79.271325
SYFER,38.422031,-76.55745
SYKMA,43.758333,-79.876667
SYLVA,42.533706,-70.950883
SYRAC,40.354286,-79.9411
TA102,35.393389,-3.873778
TA104,35.310611,-3.860667
TA106,35.205056,-3.843944
TA708,35.274083,-3.922194
TA808,35.287,-3.801072
TAALE,42.626264,-70.771872
TAATE,43.681225,-69.964778
TAB13,38.994192,-2.134231
TABAD,64.182975,-76.383539
TABAX,38.157222,-13.749167
TABBE,39.38865,-78.926558
TABBU,40.637522,-79.178833
TABDU,45.298258,-79.855481
TABDY,35.118422,-77.709444
TABEN,51.363625,-1.172906
TABGA,53.9789,-79.058225
TABID,60.905019,-77.845275
TABIK,48.845006,-67.940781
TABIL,47.956389,-0.94
TABIT,64.293814,-22.189792
TABLU,52.538253,-56.410625
TABLY,53.271944,-2.450556
TABOC,40.825975,-72.650347
TABRU,50.232117,-66.273719
TABUD,45.625992,-74.623244
TABUE,36.340894,-76.068358
TABUL,44.424831,-64.725306
TABUU,44.355989,-68.423367
TACAT,38.760278,-27.091389
TACIT,38.625239,-77.060353
TACLO,36.324217,-76.080928
TACPI,38.5036,-75.99715
TACQI,51.042011,-4.479703
TACRO,47.486944,-0.953889
TACUV,36.404639,-78.793606
TADAL,53.587175,-3.02645
TADEX,54.856528,-8.233747
TADKA,46.182514,-64.939253
TADMO,44.760672,-77.839042
TADMU,49.901206,-79.884461
TADOD,64.517367,-15.917839
TADOP,45.174492,-65.730386
TADRO,44.589972,-79.848203
TADRU,46.513925,-67.164975
TAFFI,39.543511,-76.627608
TAFFY,47.373333,-67.303889
TAFKO,40.764033,-74.829575
TAFOG,54.939889,-8.408389
TAGAK,47.563622,-68.594694
TAGAT,43.816975,-79.983717
TAGBI,62.804344,-69.754861
TAGET,46.883828,-75.820047
TAGMU,45.408792,-76.420614
TAGOP,45.803325,-74.269042
TAGOR,36.486389,-6.117222
TAGOV,49.193561,-57.2352
TAGOX,51.242778,-0.635
TAGRA,47.178333,-57.078889
TAGUX,38.945556,-7.914167
TAGVI,49.705039,-74.5834
TAHSU,40.102647,-74.82705
TAJKY,36.422614,-79.570581
TAKAV,35.966667,-9.372011
TAKDO,42.797519,-79.419208
TAKDU,62.289047,-78.240131
TAKIN,45.837047,-72.850964
TAKMU,52.498358,-55.462339
TAKNO,53.432464,-60.044253
TAKOL,45.650153,-75.198475
TAKRU,45.036258,-64.800131
TAKSI,45.633683,-74.481164
TAKSX,49.25,-7.666667
TALCO,42.062769,-74.107736
TALEB,44.015833,-78.388056
TALGO,44.166667,-52.433333
TALGU,46.559569,-66.224825
TALIG,49.516525,-5.801197
TALLI,41.317111,-75.111992
TALNI,52.302331,-55.841958
TALNO,44.993086,-74.359917
TALOE,35.708742,-77.260947
TALOV,53.141406,-60.694267
TALOW,36.074231,-75.546217
TALTA,47.64625,-67.750964
TALTE,40.764806,-74.122536
TAMEL,48.728478,-10.497167
TAMKO,46.048333,-73.910833
TANBY,40.150333,-75.097142
TANFU,62.056944,-21.45
TANGI,44.385278,-79.401667
TANGO,41.343889,-0.698333
TANGU,43.56,-79.796111
TANGY,36.094261,-77.511522
TANJA,36.502442,-77.621264
TANTE,35.93445,-78.414064
TANUE,43.106994,-76.162519
TANVI,43.899686,-65.82665
TAPKA,45.240631,-73.864119
TAPLU,45.367256,-75.763947
TAPPA,37.970183,-76.844617
TAPPR,40.640308,-73.494175
TAPSE,43.071264,-71.827478
TAPVO,44.875833,-74.9705
TAQLE,36.231208,-78.048133
TAQYU,44.777236,-69.968153
TAREE,44.002239,-76.307697
TARGT,55.743303,-3.369756
TARGU,45.912575,-63.548075
TARIF,41.208397,-69.898944
TARIK,36.405,-1.137778
TARMU,43.515581,-79.893281
TARSE,41.61795,-70.700331
TARSI,53.123514,-78.566114
TARTN,55.717192,-3.138536
TASBO,59.868075,-70.052564
TASDO,49.096439,-54.587856
TASHA,42.649436,-75.520442
TASKT,42.3216,-70.868483
TASKU,43.784133,-79.671339
TASRE,38.936744,-77.459817
TASTI,52.663333,-61.653611
TATBU,54.977308,-59.710578
TATLI,48.557833,-58.3895
TATPA,52.760108,-56.243983
TATRI,54.172247,-58.761697
TATTI,40.167372,-75.938033
TATTO,39.222333,-76.716272
TATVA,48.956436,-54.557511
TATVE,40.287219,-75.007097
TAVAE,36.590792,-76.390317
TAVBA,59.979503,-77.254314
TAVGI,45.292947,-73.479031
TAVIA,43.029033,-78.065022
TAVIE,35.711461,-77.167611
TAVLU,47.972353,-66.217397
TAVMA,46.761358,-71.7162
TAVMI,51.183333,-70.716667
TAVSI,35.927222,-6.481389
TAYBO,39.024286,-77.134442
TAYCU,40.554428,-74.252358
TAYFI,39.237283,-75.223508
TAYLO,39.663328,-76.461992
TAYSH,41.005197,-73.539228
TAYUK,38.531289,-78.619728
TAYUN,42.601125,-71.835397
TAYVO,43.208386,-73.689933
TAZZY,40.774964,-72.712856
TB17A,38.915767,-6.457025
TB17B,38.609069,-6.787161
TBARE,36.086675,-78.958322
TBART,38.246203,-79.258556
TBC27,38.443608,-6.758794
TBC30,38.396944,-6.7525
TBERN,40.805164,-74.135986
TBOLT,35.115186,-77.721919
TBONN,38.750786,-74.751047
TBRAX,55.770367,-3.613917
TC03F,51.973781,-0.715092
TC03I,51.927008,-0.761717
TC21F,52.171761,-0.516428
TC21I,52.220267,-0.467428
TE08F,50.706211,-3.591911
TE08I,50.685975,-3.719039
TE26F,50.758269,-3.260125
TE26I,50.777994,-3.132603
TEAKK,38.789083,-79.02865
TEBEE,39.503881,-75.326997
TEBLE,40.938781,-74.155381
TEBOR,42.988583,-75.733158
TECHI,36.982872,-76.114503
TECLO,44.796778,-68.600919
TECOG,46.409636,-67.721878
TECUM,40.912381,-76.548994
TEDEE,42.478817,-72.515489
TEDIE,38.9,-77.068333
TEDOC,39.366822,-75.342225
TEETO,42.813097,-71.707614
TEFBY,46.885925,-71.256961
TEFFO,62.8,-67.0
TEFLY,45.407214,-75.461817
TEGLO,37.249306,-5.982417
TEGOC,43.977256,-75.602703
TEJOP,48.829056,-4.997389
TEKKK,42.412736,-71.098636
TEKTE,44.133297,-69.869328
TELBA,52.664444,-2.318603
TELEE,37.374611,-77.154678
TELEX,40.711797,-73.909681
TELIN,48.244722,-4.199722
TELLE,42.373206,-71.463425
TELMU,35.637778,-14.530556
TELNE,38.942031,-75.763375
TELTU,50.811089,-0.754914
TEM01,50.720053,-3.504386
TEMPR,43.883333,-71.266667
TEMPU,44.846944,-0.995556
TEMTO,47.594917,-0.615056
TEMVE,39.430586,-74.598286
TENDU,37.417444,-6.117639
TENPY,39.748269,-75.746361
TENSO,53.600525,-2.2075
TEPRA,46.495833,-2.424444
TERDU,52.652056,-9.342056
TERIA,42.605486,-72.959353
TERIO,47.960164,-77.755989
TERKU,48.03,-3.616667
TEROC,36.969858,-78.627311
TERPO,47.348889,-1.928889
TERPZ,39.222419,-77.138969
TERSA,40.725028,-2.137833
TERTU,64.434167,-21.728611
TERUC,36.863033,-76.441142
TERVA,40.416667,-9.591111
TESCO,42.673822,-72.128836
TESDE,40.610464,-78.763772
TESGI,60.881572,-45.576464
TESGO,63.973261,-21.472533
TESKE,39.487797,-74.6482
TESOX,47.636758,-52.491347
TESSE,66.334106,-18.030511
TESTA,39.017997,-74.912364
TESUK,43.850833,-78.815556
TESVO,66.866667,-51.389167
TETAD,43.756667,-79.939444
TETAE,42.772406,-71.980561
TETAR,44.990408,-63.711753
TETED,48.368428,-53.70175
TETER,40.86655,-74.062867
TETIN,45.244828,-67.361161
TEVAB,48.168756,-54.172733
TEVAD,43.446389,-78.75
TEVAV,47.686092,-66.025181
TEVEV,53.342758,-60.87715
TEVIV,67.510178,-64.093386
TEVOM,53.528483,-64.444075
TEVOT,45.722347,-62.457586
TEVSI,51.350208,-1.05035
TEVUK,51.668172,-76.263106
TEWXI,51.810494,-2.029253
TEXAP,59.481347,-69.669881
TEXED,47.545833,-54.152778
TEXEE,45.172844,-67.525303
TEXEN,45.208903,-75.459253
TEXEX,55.282031,-77.765256
TEXID,43.583333,-78.966667
TEXIK,55.068611,-59.519553
TEXOG,46.282611,-79.241064
TEXOV,45.839861,-66.642556
TEXOX,49.026308,-57.502081
TEXUB,46.2555,-64.497167
TEXUN,53.0,-61.85
TEZER,38.821431,-77.632653
TGTHR,39.035669,-77.239914
THALL,38.332722,-79.244794
THALN,41.722139,-72.860594
THANE,38.878061,-76.897292
THDER,44.213422,-68.779953
THEOO,37.592967,-78.122286
THHMP,37.491519,-77.319097
THINA,37.327097,-77.650317
THINK,42.228733,-77.280333
THOME,42.130108,-78.779133
THR04,53.173244,-2.984703
THRED,50.498642,-1.663897
THRET,39.216075,-77.432044
THROG,35.956358,-79.782781
THUMB,41.523322,-72.358833
THURO,45.556944,-74.907778
THZMN,39.022181,-77.865569
TIBBY,38.895831,-77.436867
TIBEG,63.679358,-68.385706
TIBEM,46.356558,-79.155025
TIBEP,47.837969,-65.0783
TIBGA,52.390681,-5.451392
TIBIA,35.906203,-78.600469
TIBIB,43.780319,-79.924692
TIBIG,55.506411,-60.130992
TIBIM,47.243653,-61.682417
TIBLI,65.2325,-14.781222
TIBOG,46.895056,-55.858639
TIBOK,48.456478,-72.193731
TIBRA,64.292778,-20.928333
TIBUB,46.307136,-63.031317
TIBUP,49.941603,-77.908133
TIBUX,44.597881,-65.718689
TICAT,43.350131,-79.821275
TICBU,44.559067,-69.201267
TICKL,40.568072,-74.052136
TICON,38.679333,-77.361833
TIDAP,43.790464,-79.434778
TIDAT,53.581567,-64.229017
TIDEN,53.662689,-75.908858
TIDGO,53.843889,-9.370278
TIDMA,49.313586,-1.936169
TIDOD,46.38405,-64.962964
TIDON,44.900408,-79.287414
TIDUL,45.25685,-75.350342
TIDVI,38.124097,-26.151403
TIFZY,42.599553,-76.618903
TIGAV,47.157497,-65.224431
TIGET,44.390556,-77.161944
TIGEX,46.582967,-75.523808
TIGGI,35.966667,-10.935556
TIGGY,50.616817,-0.858361
TIGIP,55.4488,-60.228092
TIGOR,47.4152,-54.113928
TIGPA,51.976861,-8.555944
TIGTE,35.346744,-77.930922
TIGWE,51.806314,-3.216086
TIHWO,40.620928,-73.756208
TIHYI,40.220139,-77.074828
TIICE,38.803792,-77.559581
TIKCA,51.492658,-5.450381
TIKEE,38.618436,-78.248797
TIKIX,45.359611,-63.720453
TIKLE,40.850828,-75.638258
TIKOP,44.360803,-78.511606
TIKTE,38.848517,-77.608856
TIKTU,55.798047,-6.599994
TIKUK,46.186128,-71.642781
TIKUM,42.926528,-79.949767
TIKUR,47.849044,-59.569353
TILAC,46.792181,-71.436578
TILAD,44.965297,-63.406911
TILAM,43.697778,-79.940833
TILAX,44.039128,-76.741503
TILED,37.266094,-68.973267
TILLE,43.113881,-75.950206
TILNI,54.547614,-1.854969
TILOD,58.120136,-68.479378
TILOG,45.151958,-75.808678
TILTZ,35.454533,-77.759314
TILUB,45.806389,-73.795278
TILUT,52.78925,-71.930328
TIMAL,48.698344,-54.631583
TIMAT,46.280839,-63.224636
TIMBE,39.224042,-77.25975
TIMDE,44.09515,-73.515956
TIMKE,42.857117,-73.599892
TIMLU,63.628842,-21.168333
TIMPO,52.558772,-1.163808
TIMTO,38.387778,-27.321389
TINAN,50.666608,-3.448203
TINEK,37.651944,-3.628889
TINNI,40.970236,-74.525131
TINVA,53.549331,-2.080428
TIPIL,53.166667,-1.739758
TIPKE,44.672042,-69.344361
TIPMO,53.894583,-8.951333
TIPOD,53.435611,-3.284739
TIPTA,54.803483,-1.611397
TIPUR,52.589167,-8.125167
TIQUH,48.416667,-6.215556
TIRAV,46.598889,-1.390833
TIRIK,59.538611,-1.203889
TIRKO,38.845556,-27.178333
TIRTL,37.673947,-77.329225
TIRUK,51.997361,-8.785
TIRYN,40.643739,-74.120842
TIRZA,38.769325,-76.8517
TISEV,59.861147,-1.648619
TISMO,52.134667,-8.013167
TITAN,42.957778,-3.975028
TITUB,48.7925,-3.578611
TIVER,50.80905,-3.423792
TIVLI,42.805,-0.436667
TIVLU,46.5,-8.0
TIVNE,40.174839,-77.014103
TIVTE,38.825925,-79.792808
TIVUC,41.930525,-76.438103
TIXEX,52.13,-1.012
TIXON,49.148389,-1.904139
TIYDU,39.367031,-75.190117
TIYUL,42.454664,-75.156325
TIZDU,51.772956,-3.393819
TJAYY,42.310339,-70.965892
TKMAN,42.581936,-71.180886
TL30A,55.983314,-3.003558
TLA29,55.826547,-3.979592
TLA30,55.954503,-2.991061
TLA32,56.023244,-3.517872
TLA33,56.039617,-3.5231
TLA38,56.109358,-3.645592
TLD28,40.351475,-3.987358
TLD29,39.563294,-4.000964
TLD48,39.964758,-3.3078
TLERR,42.486678,-70.946044
TMAAC,36.404017,-78.265675
TN014,35.59845,-5.053208
TN016,35.738919,-5.381167
TN017,35.730392,-5.204728
TN019,35.678306,-5.101031
TN01F,66.132319,-15.345378
TN01I,66.032769,-15.357611
TN024,35.624717,-5.268092
TN245,35.671836,-5.187386
TN247,35.720331,-5.104119
TN252,35.616622,-5.259106
TN254,35.655153,-5.160458
TNF19,66.306436,-15.32375
TNKEE,41.203083,-79.197222
TNKRR,41.581531,-73.635228
TNM51,66.296014,-15.325053
TNUCK,42.262583,-71.866103
TO,65.500433,-18.150953
TO001,40.664722,-2.581111
TOBBR,47.696894,-64.77555
TOBEK,40.196306,-3.424444
TOBID,52.216667,-1.466389
TOBKE,43.883903,-70.215236
TOBMO,56.7606,-6.469586
TOBOR,52.5,-15.0
TOBRI,52.954778,-8.697111
TOBSI,64.335383,-23.430753
TOBUY,40.117219,-76.312797
TOCUB,40.499928,-74.290561
TODBI,51.443431,-0.103272
TODOY,42.303381,-76.243939
TOEBE,40.983194,-73.828536
TOEDO,41.071764,-73.548992
TOFEF,39.528889,-7.366389
TOFLO,47.794167,-4.109444
TOGAH,39.000358,-76.527617
TOGBO,52.277472,-7.030472
TOGJU,40.336875,-78.305094
TOHER,41.395375,-73.412778
TOJAQ,50.483272,-3.665628
TOLAN,65.603056,-49.348611
TOLLY,44.398917,-69.626578
TOLVO,37.667722,-5.615
TOMAC,39.684147,-78.136006
TOMIE,43.169658,-71.457011
TOMMZ,35.402417,-75.063822
TOMPO,50.711944,-3.555278
TOMTO,52.873556,-8.151444
TOMYD,39.727506,-77.133025
TOMYE,41.080203,-72.405128
TONEO,37.549025,-77.488992
TONNI,42.37335,-70.613533
TONNY,44.185444,-79.723106
TONQU,50.38595,-3.312508
TOOBN,38.998419,-76.990508
TOOEY,40.317322,-75.693208
TOOJM,37.896936,-77.277611
TOOPR,39.165089,-77.432836
TOPKE,42.995597,-78.404203
TOPRR,39.846981,-73.536672
TOPTO,42.487222,-71.407936
TOPTU,42.796611,-0.193611
TOPVI,38.918542,-9.0624
TORBY,40.803331,-74.134047
TORGO,53.132467,-3.266328
TORLU,52.987778,-7.583056
TORNE,39.906083,-75.047322
TORNI,45.100278,-76.231936
TORNL,44.615417,-65.696039
TORPY,41.458494,-70.878383
TORRE,36.968333,-6.462778
TORUC,40.868992,-72.671028
TORVI,49.647483,-2.065158
TOSDI,40.990833,-6.288611
TOSGA,37.625556,-2.307222
TOSPE,43.409075,-70.392089
TOSTO,38.36425,-1.936139
TOSTR,41.504392,-78.463303
TOSUY,35.128117,-79.003011
TOTAR,55.1301,-77.849586
TOTEN,46.326989,-63.949314
TOTHH,41.873847,-74.597053
TOTIN,58.067228,-68.098803
TOTTU,42.762667,-72.012072
TOTUX,46.733844,-71.476097
TOVAE,42.917658,-78.430553
TOVBA,41.454444,-8.981111
TOVEL,53.838558,-2.694839
TOVET,45.431669,-75.686244
TOVIE,39.007753,-74.793631
TOVOP,43.844167,-79.278611
TOWBT,41.132039,-70.136844
TOWIN,40.535211,-75.400378
TOWTE,54.739311,-0.667144
TOXAG,57.985944,-68.131747
TOXAL,45.142778,-71.582222
TOXAX,45.337158,-65.729817
TOXEG,46.012436,-66.111556
TOXIB,45.918525,-66.799436
TOXIP,45.929411,-77.067794
TOXIR,53.563358,-76.487103
TOXIT,58.966667,-58.0
TOXIV,53.864406,-72.598256
TOXON,45.478831,-74.126214
TOXOP,48.473003,-70.802886
TOXTA,55.251603,-4.451303
TOXUK,44.075928,-78.746039
TOYUB,40.045561,-74.334542
TPUCK,37.199078,-79.966047
TRAAD,42.257225,-77.520786
TRACN,39.080394,-76.673283
TRAFT,42.544722,-70.8575
TRAGG,40.095764,-75.939108
TRAIT,41.284653,-71.917597
TRANZ,40.858875,-73.375222
TRAVA,43.088433,-78.534744
TRCCY,40.610564,-73.242631
TRCIE,42.374919,-70.805675
TREAA,38.678958,-77.440089
TRESA,41.880447,-73.818556
TRIDO,43.558572,-70.6436
TRIER,45.568864,-70.613397
TRIKY,44.656508,-73.943742
TRING,39.033333,-77.347667
TRINT,42.653686,-75.461394
TRISH,39.503453,-76.373886
TRIXY,39.139222,-78.121111
TRKEY,37.474164,-77.142567
TRN30,55.721164,-4.276733
TRN34,55.866956,-4.662989
TRNBL,39.569433,-75.543256
TROIA,38.073253,-8.879153
TROSI,42.755717,-73.516169
TROTH,35.670228,-77.378578
TROTZ,39.112103,-76.312897
TROXL,40.555283,-75.307989
TROYJ,40.729697,-72.471256
TROYY,42.080431,-71.795094
TROYZ,39.684,-76.118242
TRPLJ,36.431919,-75.192697
TRPOD,38.338981,-75.533847
TRSEA,44.607356,-74.160669
TRSSK,37.227336,-77.831181
TRSTN,38.086925,-77.7733
TRUDE,41.333881,-73.196872
TRUER,41.393822,-77.144303
TRUIT,37.723083,-77.456447
TRUKK,38.093047,-76.801861
TRUNT,42.606928,-79.092964
TRUTH,38.776689,-76.110658
TTATT,43.050333,-70.800706
TTERI,42.529572,-70.515261
TTIMM,37.588389,-77.448161
TTREY,40.765883,-73.844158
TUBEG,45.001286,-63.528958
TUBEL,45.907356,-66.595294
TUBER,39.365533,-74.751442
TUBNO,50.189239,-5.836231
TUBOB,56.318017,-62.181211
TUBOT,51.388858,-58.703758
TUBOV,46.346258,-75.959278
TUBSU,52.068333,-1.674444
TUBUY,43.54445,-71.512822
TUCUD,38.628894,-76.432286
TUCUR,39.636956,-74.57485
TUDDO,42.931189,-77.371869
TUDEP,51.166667,-53.233333
TUDER,53.017856,-61.128025
TUDLE,42.921256,-76.553142
TUDOB,49.083331,-79.250019
TUDOG,43.645464,-79.172625
TUDOZ,38.336514,-77.3603
TUDUB,47.551503,-70.132483
TUDUK,46.245894,-60.162342
TUDVE,42.479264,-76.441133
TUFFI,44.823078,-70.441875
TUFOZ,51.016947,-0.506753
TUGEP,48.975928,-76.938903
TUGGR,37.685756,-75.610256
TUGGZ,40.931039,-74.053558
TUGIN,47.712061,-52.667692
TUGIP,43.643469,-79.648956
TUGME,40.964239,-73.501283
TUGNU,65.445058,-19.705778
TUGOY,39.207236,-79.963961
TUGSI,54.0,-7.183333
TUGUB,45.978356,-67.781169
TUGUX,44.782783,-76.028156
TUJAG,50.033333,-1.466667
TUKAV,48.870897,-72.580469
TUKIE,38.743014,-75.999903
TUKIR,45.251942,-76.239006
TUKUY,42.755042,-73.700811
TULAD,67.635369,-63.879647
TULEG,43.731903,-76.719397
TULEL,53.5963,-77.589053
TULLY,40.177164,-74.863358
TULME,35.278044,-78.205522
TULSE,42.497975,-73.714192
TULTA,48.576825,-8.0
TULUE,43.886708,-69.322439
TULUT,45.453942,-65.839678
TUMAE,42.990036,-71.672839
TUMEM,54.970764,-67.100067
TUMTI,53.07765,-1.604211
TUNAV,39.315,-11.373611
TUNDO,64.332736,-51.964797
TUNDR,38.743814,-76.260825
TUNIT,49.381389,-3.0
TUNLE,43.16305,-77.54205
TUNNI,60.0,-70.0
TUNSO,55.111178,-4.961328
TUNUP,53.93,-3.184167
TUNUY,42.855011,-70.974806
TUPAR,46.429167,-0.662778
TUPEM,53.837936,-3.481903
TUPER,44.196103,-74.410103
TUPIX,37.076111,-7.383333
TUPUE,36.254761,-79.760178
TURCO,37.903939,-78.311856
TURDO,47.447778,-6.968056
TURDU,49.091139,-0.464722
TUREE,38.434722,-77.083333
TURET,37.003028,-75.785653
TURGA,38.138939,-78.712464
TURLU,50.076389,-8.0
TURON,42.067917,-8.563417
TURPU,42.677833,-1.542556
TURTE,45.649881,-68.830672
TURVE,44.444711,-72.701639
TURYN,43.389769,-75.628319
TUSAE,43.019747,-72.385306
TUSEX,37.823672,-26.092989
TUSKY,43.565,-67.0
TUSTY,46.333436,-67.799239
TUSUG,59.992389,-1.464144
TUSUY,40.635933,-73.004394
TUTDU,42.698075,-73.452097
TUTIT,73.037539,-55.958933
TUTOR,41.654631,-70.958011
TUTSY,42.456453,-76.407278
TUVEN,51.0,-8.25
TUVIV,59.012111,-3.253478
TUVPU,54.013639,-7.932722
TUXAL,43.638972,-6.356583
TUYOP,42.895211,-71.537422
TUYOT,41.290025,-75.766231
TUYUC,43.481614,-71.720342
TWANE,39.182528,-75.959497
TWEAK,39.338219,-77.369906
TWHYY,35.397486,-79.114661
TWICH,38.408231,-77.332453
TWIIN,41.749403,-76.456986
TWINC,43.654572,-70.162836
TWIRK,39.576861,-77.212431
TWOIF,42.471294,-71.142047
TWOOT,38.730764,-77.439322
TWORF,40.969792,-73.632472
TYCHO,40.763083,-72.949792
TYGAR,39.248136,-79.975742
TYGRT,38.901044,-79.846272
TYLER,38.597811,-76.877689
TYLIR,43.059147,-71.167117
TYMAN,40.908981,-77.385417
TYNIE,40.739403,-74.062267
TYPNZ,38.045606,-77.921867
TYRAN,37.057503,-76.428053
TYROD,42.466878,-76.773225
TYROO,40.735,-78.331389
TYROX,37.621264,-77.292764
TYSOR,55.422225,-4.862078
TYSTI,59.373333,-1.244444
TYYLR,41.724672,-75.719308
TZZ20,41.7361,-1.483528
UBANI,41.557853,-9.239519
UBCAM,51.951161,-3.003386
UBELY,44.463575,-73.359636
UBESO,36.7475,-7.813889
UBFUX,52.743767,-2.880039
UBISE,43.8495,-73.414781
UBKUC,36.788303,-76.690411
UBTEG,45.486764,-73.541872
UBTEV,48.746917,-65.033994
UBTIT,45.361269,-73.478858
UBTIV,44.329747,-78.685728
UBTIX,47.0,-77.833333
UBTOM,46.984153,-65.137456
UBTUM,49.820783,-78.085442
UBUCK,40.902228,-74.424342
UBUTY,38.524444,-76.466739
UBVED,47.334725,-67.951372
UBVEL,43.932317,-59.847261
UBVET,48.476481,-67.956328
UBVIT,48.214992,-54.0644
UBVOB,51.375414,-58.835022
UBVON,53.618467,-78.036672
UBWAY,36.586653,-79.916442
UBZIT,38.647222,-8.882222
UCAKE,42.793,-72.005619
UCANA,42.969967,-74.222194
UCCOX,44.625092,-69.888536
UCEKA,43.675556,-72.296019
UCEKU,43.222361,-72.919111
UCELU,36.293203,-78.634147
UCENO,44.419833,-69.868939
UCEYA,40.784025,-74.348897
UCFAM,44.0676,-68.808108
UCGEL,37.479406,-75.850153
UCHOB,42.144164,-78.998461
UCIYE,41.815283,-73.724592
UCJAT,53.935111,-8.606611
UCOKE,44.675553,-72.619636
UCORE,36.470578,-78.856903
UCOYA,39.273472,-79.8953
UCPIP,39.780328,-75.025761
UCREK,38.025881,-79.048953
UDADE,37.602569,-77.366083
UDALA,43.110278,-2.510472
UDALO,57.198378,-7.529525
UDBAG,45.823797,-74.126969
UDBAK,52.975911,-66.896144
UDBAM,46.756667,-71.981111
UDBIK,46.195606,-63.186244
UDBIT,45.083333,-75.833333
UDBIV,47.185664,-55.420806
UDBOR,53.543533,-63.982975
UDBUM,46.288919,-79.400972
UDBUP,52.427778,-55.531453
UDECA,42.691536,-77.846747
UDERE,38.876578,-77.040272
UDEYO,39.418875,-77.922681
UDGAK,46.105242,-75.090542
UDGEX,70.473569,-68.528906
UDGIT,45.947072,-66.615372
UDGIV,59.131597,-69.687819
UDGOR,45.095597,-64.595128
UDGOV,45.419461,-76.145444
UDGUN,45.382997,-65.826086
UDGUR,51.644,-76.396833
UDIYU,39.013392,-77.574569
UDKOB,53.833558,-72.719761
UDKOG,45.29125,-66.043233
UDLAN,51.714375,-76.004497
UDLAP,47.677006,-65.141828
UDLAT,47.703003,-52.856572
UDLOD,48.141606,-65.688306
UDLOK,46.407169,-70.813183
UDLUB,52.258028,-66.648656
UDLUT,71.420906,-79.811681
UDLUV,49.003161,-79.215806
UDMAR,57.583333,-62.916667
UDMEM,44.584664,-66.9431
UDMUG,44.881111,-78.981389
UDMUV,45.982261,-66.722522
UDNEM,43.145742,-79.254181
UDNOD,53.153756,-60.807172
UDNOX,44.354986,-78.068775
UDNUX,47.571747,-65.460511
UDOPE,42.652131,-77.805006
UDPEB,48.71635,-68.398842
UDPET,46.439547,-79.449153
UDRUB,41.424167,-8.7275
UDUCY,38.591983,-77.015903
UDUDE,38.681956,-77.180503
UDUNE,36.037069,-76.351461
UDUSE,40.539844,-79.406053
UFATU,39.267864,-75.167358
UFAZY,45.572478,-68.586247
UFBIL,43.032453,-78.236744
UFEMI,36.482253,-77.177044
UFERA,44.085669,-72.477361
UFERI,37.856392,-75.421006
UFEYA,38.428864,-78.808631
UFFIN,36.512978,-79.475122
UFKAH,52.825989,-0.265389
UFMEZ,53.204011,-0.581564
UFPOZ,53.466103,-4.110278
UFTAC,41.116925,-70.244403
UFUZE,52.903072,-0.151547
UGAQO,40.796092,-74.024947
UGASE,42.404517,-78.231969
UGBET,51.616986,-0.118106
UGEYO,40.046292,-78.446242
UGHUK,53.130083,-0.209719
UGIBE,42.193056,-72.491667
UGJOB,39.245211,-79.82535
UGJUT,51.6637,-0.242361
UGOCO,43.136308,-79.078328
UGOOD,40.320556,-75.897381
UGTIF,54.081556,-1.529086
UHAWO,36.085667,-75.6836
UHHOZ,38.754283,-79.725794
UHIRO,35.183417,-77.766042
UHLAN,41.974447,-72.737178
UHNUF,41.339936,-73.594031
UHOZO,39.006517,-75.029606
UHULU,39.005644,-75.157886
UHVEF,44.263564,-73.958539
UJEFO,41.508514,-71.574306
UJEGE,42.536386,-71.08245
UJILE,42.581422,-77.758164
UJODY,40.656767,-74.045542
UJORO,35.172928,-78.748008
UJTAP,42.337589,-75.340908
UK401,72.767078,-56.393353
UK402,72.799814,-56.519911
UKAMY,36.106933,-76.538642
UKAYU,41.682783,-73.792486
UKEGE,40.848481,-73.033633
UKF04,72.695844,-56.272572
UKF22,72.875208,-56.072136
UKI04,72.621431,-56.395656
UKI22,72.956311,-56.015842
UKIEY,39.390697,-75.678897
UKIGI,49.005633,-54.833925
UKIRU,58.049778,-67.946775
UKM04,72.774378,-56.141392
UKMOR,50.246986,-63.718422
UKMUL,48.446389,-78.024761
UKNEB,44.118475,-76.789975
UKNIX,42.945697,-78.918222
UKNUL,48.563553,-58.85225
UKNUM,45.922308,-66.667167
UKOBO,46.117408,-63.285106
UKODI,47.482067,-61.854133
UKOSO,44.894667,-63.641833
UKOXI,47.654339,-59.412881
UKOYO,46.784242,-67.987358
UKPAG,43.684828,-78.831231
UKPAM,45.975225,-72.555008
UKPED,46.02355,-64.776689
UKPIB,45.365089,-65.995503
UKPOB,46.544683,-71.515203
UKPOH,43.157314,-70.497156
UKPOV,54.683297,-70.925972
UKPUR,56.291733,-62.493567
UKREM,45.804428,-77.210183
UKRID,48.4303,-71.380103
UKROX,43.612617,-79.385603
UKRUT,46.25005,-71.737369
UKSIL,53.625386,-77.704058
UKTEK,56.339572,-62.128719
UKTEL,47.333069,-72.780736
UKTIM,50.300369,-59.786317
UKTIX,45.971428,-71.553536
UKTOB,45.328708,-79.874297
UKVAT,44.90895,-63.344647
UKVIG,45.812142,-74.4268
ULAGU,45.188586,-75.727719
ULAKE,36.494539,-79.704703
ULAKY,43.676217,-71.968967
ULAPU,47.840956,-69.339914
ULATO,48.671225,-68.1357
ULBAR,45.053706,-63.583939
ULBER,46.975,-56.018056
ULBOD,62.848061,-69.877192
ULBOM,46.880283,-71.265125
ULBUK,45.514689,-71.888969
ULBUX,47.520961,-77.181717
ULDAD,45.637569,-73.011506
ULDAX,45.180489,-75.590978
ULDER,52.730317,-76.014811
ULDON,50.971667,-72.323333
ULENO,48.2389,-54.239881
ULESI,45.383572,-63.610292
ULGED,66.940058,-52.458353
ULIDE,36.027692,-79.869181
ULINO,44.497867,-79.283953
ULIPI,43.500989,-79.85495
ULKIM,65.487756,-13.901869
ULLAP,57.9,-5.169222
ULMOD,58.309769,-2.718408
ULNAB,45.41375,-2.440611
ULOFI,43.432972,-3.232389
ULOGE,45.630775,-68.62725
ULOVY,46.972969,-68.049469
ULPUG,53.754961,-1.437736
ULSAX,53.598333,-1.95
ULSIT,52.869444,-8.881944
ULTAG,53.700278,-6.738111
ULTIB,51.659881,-0.278753
ULTIT,38.532278,-9.204903
ULUBO,48.21315,-78.814156
ULUGU,45.436575,-65.904711
ULUTU,49.391383,-62.410586
ULVAX,41.004233,-7.834547
ULVOT,37.624319,-9.989819
UMADI,48.253694,-79.791936
UMAGY,42.824658,-77.189311
UMAIN,44.886083,-68.942039
UMAKU,48.330275,-70.871158
UMALA,47.485403,-52.572275
UMANE,41.835225,-69.800219
UMANI,63.807431,-68.669097
UMANU,58.135847,-68.714733
UMARU,62.529394,-77.646614
UMAVI,56.597986,-78.943031
UMAVU,43.151175,-79.431844
UMBLE,40.078381,-74.483869
UMBOB,50.214053,-5.739942
UMBRE,37.394089,-77.819306
UMDAR,53.63425,-6.526528
UMEDA,48.508928,-68.046144
UMEDI,44.473458,-79.829461
UMELU,48.442664,-70.633647
UMESI,50.833333,-52.6
UMESO,61.667,-73.244
UMETI,47.58,-59.258194
UMKIL,53.184869,-2.623072
UMLAT,51.672139,-0.694256
UMLER,47.5,-8.75
UMOWI,53.334139,-6.14975
UMOXA,47.5,-8.0
UMSUK,61.2698,-44.868539
UMTAL,63.464722,-23.876667
UMUKA,36.710833,-3.809306
UMUMU,50.895092,-2.911578
UMUMY,44.944736,-71.455136
UMVUR,64.414228,-51.850608
UNAVY,44.962344,-68.790406
UNAXA,53.775972,-9.091361
UNBEG,52.805111,-9.729944
UNBLE,38.756711,-75.304792
UNBUT,36.0,-5.333333
UNCAP,44.475414,-69.93225
UNCUT,35.96215,-78.531267
UNDIN,65.182006,-13.074722
UNDUX,53.641736,-4.310767
UNEKO,46.33,-3.190278
UNFIT,51.4223,-4.315956
UNGAP,52.358192,-1.394158
UNIGO,53.561111,-1.560833
UNIRE,42.555553,-70.881544
UNISU,55.407189,-6.040892
UNIWY,41.344289,-70.537033
UNKER,43.348664,-72.244583
UNLID,51.209167,-10.724722
UNMIP,42.840411,-74.224347
UNNAC,37.756067,-76.551161
UNOLY,42.006333,-77.141558
UNOSE,41.238814,-76.934458
UNPOT,38.179342,-10.0
UNSLD,39.191114,-76.795525
UNSOL,41.158889,-4.611111
UNTAL,54.909778,-1.739797
UNTER,41.838072,-71.46475
UNUKI,49.796828,-2.107661
UNURO,55.353056,-3.350556
UNUYE,45.067725,-68.439556
UNVIL,41.028339,-74.046408
UNYAD,39.8189,-73.0365
UNZIB,51.491561,-1.989156
UPALO,48.910278,-1.751944
UPBID,35.151433,-77.845869
UPCAB,50.89675,-6.317103
UPDIZ,44.488256,-69.917586
UPDUK,52.574072,-0.941697
UPEDE,45.103778,-73.140392
UPESY,43.373919,-72.453658
UPEYA,42.963833,-71.751333
UPGET,56.659722,-2.013889
UPKAT,38.9664,-9.036681
UPKON,72.972981,-56.293008
UPLAB,58.887261,-3.242347
UPLOM,51.785667,-8.689972
UPMOP,55.025469,-1.362997
UPMUP,36.0,-5.0
UPRIL,43.756617,-78.839
UPTON,53.586944,-1.300717
UPTWN,40.790642,-72.798856
UPUCO,43.06595,-78.613467
UPUJE,44.892806,-70.57795
UPULO,39.043769,-7.651956
UPZET,39.010611,-27.13075
UQF41,70.689144,-52.407728
UQF51,70.796967,-52.956739
UQI41,70.639742,-52.1466
UQI51,70.870161,-53.076006
UQM41,70.7324,-52.639086
UQM51,70.750644,-52.731775
UQT41,70.711714,-52.021592
URACI,42.652786,-73.958431
URATU,36.696083,-25.153889
UREDI,39.859722,-6.393333
UREKU,43.477,-1.373694
URESY,39.192775,-75.711486
UREZI,42.286131,-75.973636
URITI,48.789611,-2.284444
URKOR,49.506778,-62.047603
URKUL,45.656725,-61.499617
URKUV,49.383333,-57.321167
URLAG,45.359244,-75.348197
URLAT,49.212567,-77.10605
URLAW,41.086775,-76.005672
URLEN,56.728325,-76.480156
URLIB,45.113097,-74.35065
URLIM,44.273683,-78.121567
URLOX,47.597525,-61.849028
URMOB,53.948514,-72.659342
URMOM,43.666936,-79.841214
URMUM,44.296803,-76.604542
URNAB,60.124964,-77.321158
URNAK,48.660508,-71.846508
URNEX,48.846119,-76.926425
URNID,46.191511,-63.103456
URNIK,47.225072,-72.646417
URNIV,48.333647,-71.129058
URNOD,47.669433,-52.807842
URNOZ,41.636692,-79.958381
URNUD,51.216742,-58.655725
URNUK,49.341647,-62.014686
URNUL,53.2455,-60.546
URNUT,46.476447,-63.796697
UROGO,43.933028,-0.206056
UROUT,40.366256,-75.940825
URPAL,44.273439,-76.514006
URPEV,72.670333,-78.160333
URPEX,46.483175,-72.564092
URPIL,44.907483,-65.128672
URPIM,46.193261,-64.593275
URPIR,48.413564,-68.790467
URPOP,59.88085,-77.209322
URRIF,40.242306,-3.746306
URSAV,50.264756,-62.010131
URSEP,45.973028,-66.397625
URSOL,62.101669,-75.687169
URSOP,48.508606,-78.142372
URSOX,72.7552,-77.877344
URTAK,58.466667,-58.0
URTAT,46.765833,-71.430156
URTEB,48.332708,-71.056769
URTEJ,43.218047,-71.559742
URTEP,46.230053,-63.138547
URTIK,66.206803,-65.652503
URTIT,45.845658,-66.672372
URTOL,61.600775,-72.956083
URTOR,43.927064,-60.054703
URTOT,46.165425,-64.615919
URUKU,65.456417,-36.705169
URUNA,43.355,-1.740278
URVAK,46.844331,-71.317078
URVEK,44.492386,-65.854547
URVIM,48.76505,-64.625236
URVIV,51.661275,-75.815239
URVIX,48.135839,-77.806386
URVOV,44.264072,-64.5595
URVUB,46.046139,-60.254436
URVUL,46.253292,-63.246736
URVUX,46.093225,-66.149397
USAAY,38.572142,-78.396342
USADI,54.239281,-3.426328
USADO,39.0,-3.654444
USALU,37.222222,-8.300278
USATI,40.960556,-4.611111
USBAD,53.575272,-76.068161
USBAM,47.6295,-63.208167
USBEG,45.358028,-65.594131
USBIK,71.099644,-79.1611
USBIP,67.482319,-64.140575
USBIT,64.407494,-76.744742
USBIV,63.943417,-68.708481
USBIX,49.424214,-62.031117
USBOM,46.204667,-59.985133
USBOT,49.749969,-64.024217
USBOZ,52.872625,-2.427692
USBUR,46.595864,-71.503817
USCAD,40.533419,-74.855728
USDAK,46.157472,-70.623725
USEKA,53.700622,-0.445869
USEPO,68.836383,-52.312469
USERA,37.917764,-3.625
USEZO,44.340764,-68.910861
USHEE,36.879047,-77.933433
USHON,38.450828,-77.319858
USIBA,39.0,-5.610556
USICI,43.189733,-75.051708
USIGY,40.894553,-76.311803
USNEC,44.109733,-70.846589
USODA,46.971944,-1.365
USOKO,39.793611,-4.431111
USOME,37.066944,-4.580167
USOSA,37.5275,-6.5225
USUYA,38.205808,-76.175372
UTADE,43.869061,-72.830336
UTAVA,51.979697,-0.071886
UTBEQ,41.713278,-71.019322
UTECU,40.218558,-74.664283
UTICA,43.028892,-75.167361
UTISO,46.0455,-1.4635
UTISU,65.881889,-17.341656
UTOGU,55.127778,-3.078611
UTUBE,41.596678,-72.876261
UTULE,41.594711,-74.441003
UTUXA,53.008458,-2.220144
UTVIW,42.108878,-78.057803
UUBER,44.466736,-74.019594
UVAKE,43.179722,-2.526944
UVAVU,54.416686,-1.896097
UVDIH,40.336853,-75.914436
UVENE,44.957533,-74.721319
UVERI,53.341758,-2.669994
UVGAW,42.165528,-79.513628
UVIRI,63.892614,-51.738828
UVISA,51.707106,-1.397931
UVMOL,35.428781,-4.072425
UVNOP,51.9497,-2.501642
UVNUB,53.946611,-3.191072
UVOPY,41.998428,-79.107175
UVPOK,53.994336,-4.209794
UVRAN,49.607417,-1.128389
UVSUV,49.488139,-1.674556
UVUDO,46.5,-1.844167
UVUXE,35.729389,-77.996156
UVVAA,38.290647,-77.465453
UVZUZ,53.407361,-6.019556
UWAGU,43.741906,-72.957233
UWOGI,35.581569,-78.658933
UXEWE,36.341436,-79.147583
UXHUB,40.673547,-73.825081
UXONE,53.357942,-0.255464
UXSEZ,44.844858,-73.072528
UXUXY,36.005653,-75.675492
UYIWU,43.328558,-76.359028
UYOGA,42.427681,-75.973283
UYOSI,45.125356,-68.543594
UYUHO,41.041728,-78.386606
UYUKU,40.585564,-73.836522
UYUNI,42.495844,-74.832044
UYZAY,44.484367,-72.662908
UZAZU,41.905125,-72.075525
UZIHE,40.94335,-77.701322
UZJOX,35.722347,-76.792336
UZSOR,39.948978,-74.3431
UZTOR,53.062989,-4.379047
UZUBO,42.316558,-75.111097
UZUDO,35.882383,-79.899281
UZVEW,53.626722,-9.040861
VAALI,38.733569,-76.443961
VAAPE,43.3875,-77.663889
VABAR,42.171,-2.615333
VABCH,36.990294,-76.104997
VABEM,36.549167,-13.322778
VABKA,53.302308,-2.736117
VABMU,51.419414,-3.629586
VACBU,43.259178,-71.771278
VACPU,43.125036,-73.547708
VACUM,35.465519,-79.603961
VADAT,36.469406,-2.623581
VADDR,40.783389,-73.868611
VADNO,57.453069,-3.627139
VADOX,43.766667,-3.932778
VADUC,40.089547,-76.526917
VAFKU,42.532267,-76.691767
VAGAR,38.501944,-9.498889
VAGET,38.846944,-27.176111
VAGHN,38.806292,-79.422056
VAGMO,54.546086,-6.625814
VAGNA,45.095361,-0.337278
VAGNO,35.74,-6.3
VAGVI,54.006975,-3.128942
VAKIN,41.904722,-0.353333
VAKPO,54.190303,-5.377564
VAKSI,47.999167,-1.234722
VAKTY,42.072,-78.513758
VALAX,47.562778,-1.110556
VALCO,40.091628,-73.139697
VALDI,61.214428,0.0
VALGU,68.485,-51.368889
VALLO,40.626825,-77.438464
VALRE,41.435328,-73.881736
VALUX,64.163008,-22.784169
VALVE,38.532778,-8.021667
VAMEB,54.002778,-2.808889
VAMLA,60.0,-4.0
VAMPY,44.378719,-72.628192
VANEG,47.667611,-2.434722
VANER,40.618769,-74.583547
VANOR,57.235556,-2.051111
VANSI,51.491944,-76.0
VAPAL,51.878639,-7.82175
VAPER,42.425806,-72.482619
VAPID,51.253881,-1.045111
VAPPI,55.527478,-3.761839
VAPSY,36.284636,-76.249
VAPUY,41.594394,-73.937206
VARAZ,40.519244,-74.089639
VARMT,37.401175,-77.390492
VARUC,37.236594,-76.672244
VASIP,41.555,-8.376111
VASOR,38.5575,-6.778722
VASPY,36.890725,-77.531678
VASUM,42.271944,-2.011111
VASUX,50.502564,-1.254719
VATON,51.434397,-0.348917
VATRY,52.554444,-5.5
VATZI,37.597808,-8.863081
VAVIX,44.277778,-0.694083
VAXAN,65.416667,-34.9
VAXMA,49.476944,-2.225556
VAYRE,40.525161,-76.433342
VC003,42.719042,-78.822517
VC004,43.080719,-78.99405
VC005,43.093667,-79.071725
VC006,43.169722,-78.677683
VC007,43.189308,-77.800161
VC008,43.289606,-77.793667
VC009,45.236947,-68.667939
VC014,38.59515,-77.722117
VC016,38.603331,-77.073064
VC025,38.812533,-76.070764
VC032,38.918669,-78.2543
VC039,38.971175,-76.257725
VC040,38.976483,-76.333067
VC051,39.098497,-76.859872
VC055,39.131986,-76.241275
VC057,39.147083,-78.156383
VC05E,39.448806,-0.375417
VC05W,39.536667,-0.60625
VC060,39.172833,-76.662019
VC061,39.173053,-77.176281
VC067,39.203017,-76.496914
VC069,39.224542,-74.790875
VC06W,39.539722,-0.614306
VC077,39.267253,-76.805361
VC080,39.322344,-77.751503
VC081,39.342203,-76.659725
VC087,39.382564,-76.039853
VC08E,39.422111,-0.305722
VC090,39.394725,-76.888081
VC091,39.407619,-75.039086
VC093,39.419317,-77.374458
VC095,39.448522,-76.577119
VC099,39.505675,-76.408333
VC09W,39.562833,-0.675278
VC103,39.550156,-76.106067
VC111,39.610697,-77.012264
VC117,39.633825,-74.805983
VC137,39.768744,-74.111011
VC151,39.837267,-75.769072
VC170,39.940661,-76.879031
VC171,39.947197,-74.846469
VC179,39.978236,-75.859314
VC188,40.045786,-76.492458
VC193,40.084069,-75.010631
VC195,40.107411,-76.929389
VC201,40.151989,-76.723989
VC204,40.202458,-77.197547
VC206,40.211128,-79.830608
VC207,40.227347,-76.989803
VC208,40.231208,-75.585517
VC212,40.25705,-74.910583
VC219,40.321267,-79.619469
VC220,40.333406,-76.910917
VC222,40.345008,-74.667922
VC223,40.354956,-76.4229
VC224,40.357786,-75.50755
VC229,40.437047,-75.39045
VC230,40.463092,-74.006597
VC231,40.466761,-75.224386
VC232,40.478883,-76.928194
VC234,40.505222,-75.786783
VC241,40.558414,-79.957056
VC245,40.596894,-73.508742
VC250,40.628414,-73.264969
VC254,40.666542,-73.270592
VC255,40.66855,-73.595725
VC256,40.669414,-73.92985
VC257,40.669564,-74.927533
VC259,40.677728,-79.695014
VC261,40.682397,-73.787317
VC262,40.688367,-74.022283
VC264,40.689769,-74.044464
VC267,40.705178,-73.166403
VC270,40.70975,-75.192489
VC273,40.723581,-73.589981
VC274,40.734722,-73.382931
VC276,40.738036,-73.775461
VC278,40.738611,-73.342686
VC280,40.741275,-72.878628
VC283,40.755514,-73.3939
VC286,40.764781,-73.710217
VC289,40.780175,-79.945342
VC290,40.79125,-73.286444
VC295,40.801919,-74.007725
VC297,40.818928,-75.752219
VC302,40.841431,-72.731311
VC306,40.845856,-72.627414
VC308,40.854731,-73.954303
VC309,40.857972,-74.2176
VC311,40.866875,-75.619483
VC312,40.876372,-73.921283
VC314,40.883797,-74.408575
VC316,40.889872,-75.222439
VC317,40.890825,-73.891139
VC319,40.905036,-73.354028
VC321,40.915975,-75.556814
VC323,40.918358,-73.115308
VC325,40.929006,-73.345325
VC327,40.936794,-75.569272
VC328,40.954722,-73.079172
VC331,40.96695,-74.013728
VC335,40.992528,-75.983189
VC344,41.055178,-76.012208
VC345,41.067464,-75.512642
VC346,41.068408,-74.545675
VC347,41.068686,-73.90725
VC348,41.077053,-75.69575
VC349,41.07715,-76.243758
VC351,41.084722,-73.435047
VC355,41.152064,-75.373603
VC356,41.155164,-73.871264
VC383,41.372006,-71.494883
VC384,41.374614,-76.045575
VC387,41.394019,-75.259464
VC390,41.428942,-71.457786
VC392,41.439219,-71.577131
VC400,39.630083,-0.819833
VC401,41.490364,-71.626356
VC405,41.505794,-71.357497
VC406,39.329194,-0.279028
VC408,41.524775,-75.245864
VC410,41.530547,-71.415022
VC413,41.537119,-71.281161
VC416,41.54775,-75.947108
VC420,41.570428,-75.515294
VC421,41.579189,-71.802294
VC425,41.598925,-71.189617
VC428,41.642394,-75.777081
VC429,41.642722,-71.263539
VC439,41.679167,-72.880531
VC440,41.681969,-70.963689
VC446,41.718125,-72.204806
VC448,41.74375,-72.650942
VC455,41.773208,-71.615106
VC457,41.789347,-72.99545
VC471,41.836931,-71.885403
VC483,41.899172,-79.851536
VC490,41.924467,-71.492417
VC493,41.934267,-73.068731
VC495,41.939014,-71.291189
VC499,41.959681,-75.751753
VC500,41.961261,-72.313672
VC505,41.991117,-70.980692
VC512,42.006278,-71.200975
VC518,42.051883,-79.857389
VC521,42.073428,-71.016317
VC523,42.084128,-71.402275
VC524,42.084164,-75.639756
VC525,42.084892,-76.090819
VC529,42.101294,-70.673183
VC534,42.120292,-79.735206
VC535,42.120522,-71.308414
VC542,42.164097,-76.312214
VC543,42.164936,-72.331264
VC544,42.165781,-72.715103
VC545,42.192972,-71.168492
VC549,42.210914,-79.846056
VC551,42.214353,-71.113947
VC554,42.231756,-76.187233
VC562,42.276714,-70.864206
VC565,42.299986,-73.703903
VC566,42.300881,-71.046583
VC567,42.307514,-75.790239
VC573,42.357786,-76.207458
VC577,42.389522,-75.970611
VC580,42.430264,-73.287706
VC582,42.449967,-76.033108
VC584,42.465625,-71.518658
VC585,42.474925,-71.304847
VC588,42.478772,-70.950897
VC597,42.586369,-70.917233
VC602,42.643683,-71.322358
VC603,42.645536,-79.033031
VC609,42.700064,-74.014481
VC611,42.701314,-73.704403
VC612,42.702778,-73.576117
VC614,42.711486,-73.167017
VC615,42.720697,-71.163628
VC618,42.733333,-73.674081
VC623,42.778108,-78.605672
VC624,42.781311,-71.514514
VC625,42.789242,-71.086756
VC627,42.793175,-77.803769
VC628,42.796686,-70.832433
VC631,42.816089,-73.735194
VC634,42.828544,-74.128092
VC637,42.860239,-73.573239
VC638,42.8703,-73.943072
VC643,42.883369,-77.281364
VC645,42.900092,-76.104164
VC646,42.901269,-73.652314
VC647,42.902853,-78.35215
VC648,42.907475,-73.251481
VC652,42.924706,-71.226197
VC655,42.935256,-73.785208
VC660,42.947094,-71.643861
VC661,42.951919,-75.873528
VC662,42.954308,-74.203794
VC664,42.963056,-75.460131
VC666,42.982944,-77.849947
VC669,42.990392,-76.345389
VC670,42.991603,-77.929319
VC674,43.006756,-78.168153
VC679,43.025744,-73.743481
VC683,43.040194,-78.177347
VC684,43.042558,-74.993219
VC686,43.044278,-77.094483
VC688,43.0611,-73.856122
VC692,43.083242,-77.515869
VC693,43.084414,-71.475239
VC694,43.098244,-73.773067
VC696,43.112103,-77.875925
VC701,43.129814,-75.591139
VC702,43.130553,-76.485944
VC703,43.135794,-74.935358
VC706,43.161053,-74.176194
VC710,43.208303,-75.726361
VC711,43.211678,-77.950244
VC712,43.212397,-77.417739
VC713,43.214564,-78.399772
VC714,43.236889,-76.297108
VC716,43.251056,-75.933431
VC718,43.291267,-76.147869
VC721,43.338311,-75.074183
VC724,43.344186,-75.744742
VC728,43.393506,-70.708422
VC734,43.472769,-70.46735
VC735,43.491733,-75.335764
VC737,43.537572,-75.858136
VC741,43.654414,-70.854503
VC743,43.72975,-70.003492
VC745,43.761756,-70.670781
VC747,43.862192,-70.108867
VC750,43.892178,-70.330997
VC752,43.959269,-70.490689
VC756,44.131467,-72.828008
VC760,44.201992,-73.360275
VC765,44.377744,-72.754133
VC769,44.541367,-68.790319
VC770,44.550389,-68.984047
VC771,44.566742,-68.436978
VC773,44.648386,-72.879192
VC776,44.684378,-69.161903
VC784,44.815542,-73.0894
VC786,44.837611,-68.363117
VC787,44.845144,-69.273539
VC789,44.908386,-73.807394
VC796,45.011806,-69.230222
VC802,45.168575,-68.845158
VCACD,45.407778,-73.368333
VCAIR,46.788333,-71.3975
VCALX,45.239722,-73.116389
VCANA,48.477222,-68.423889
VCANT,48.601111,-70.828889
VCAPR,46.7475,-71.343333
VCARC,45.75,-73.856944
VCARI,48.481944,-71.116667
VCATE,53.277778,-60.515833
VCATR,44.279167,-76.45
VCAUR,44.0,-79.466667
VCBAY,45.311667,-66.193333
VCBBR,43.3,-79.795833
VCBCE,55.306111,-77.665833
VCBCH,43.663333,-79.306667
VCBCR,45.32,-75.833333
VCBCY,45.461111,-73.277222
VCBEC,48.531944,-71.157778
VCBGN,44.387222,-78.3925
VCBIC,48.371667,-68.706667
VCBLA,45.220556,-73.301111
VCBLF,43.708333,-79.233333
VCBNY,44.1825,-78.5675
VCBOI,45.769722,-73.716389
VCBRB,45.05,-79.308333
VCBRH,43.918611,-79.106389
VCBRK,55.337778,-77.852222
VCBRN,45.441667,-65.733333
VCBSV,45.613333,-73.456667
VCBTB,45.865,-66.451389
VCBTH,44.141667,-76.845833
VCBUN,43.118333,-79.25
VCBZV,45.15,-79.116667
VCCAR,45.568056,-74.383611
VCCHB,45.408333,-75.758333
VCCHD,46.208333,-64.378333
VCCHM,46.757222,-71.4425
VCCLB,44.008333,-77.89
VCCLM,43.971944,-79.130278
VCCND,46.315278,-64.728333
VCCON,45.416667,-75.983333
VCCPM,43.795556,-79.421667
VCCSC,48.143056,-77.874444
VCDAM,45.956389,-66.870278
VCDBO,48.113333,-77.946667
VCDKN,53.483889,-77.933611
VCDND,53.575,-77.500278
VCDVL,46.798333,-71.29
VCEDW,45.323056,-75.466111
VCEMB,50.301389,-63.805556
VCENM,61.554722,-73.451944
VCFFD,44.2,-77.6
VCFHN,44.233333,-76.458333
VCFOF,43.767778,-79.333333
VCFRD,43.491667,-79.666667
VCFRL,45.766667,-66.563056
VCFRN,49.293056,-67.899722
VCFRQ,43.095833,-79.116667
VCFUL,48.45,-70.908333
VCFXB,44.246667,-77.433333
VCGAG,46.729722,-71.431389
VCGAL,48.654167,-71.216667
VCGGR,45.356667,-73.148611
VCGON,45.436667,-65.983333
VCGOV,46.766111,-71.372778
VCGRD,48.613333,-71.683333
VCGRH,44.920833,-79.379167
VCGRN,48.604167,-71.079167
VCGUY,45.598611,-75.245278
VCGVL,43.851667,-79.985
VCHAM,48.463056,-72.088056
VCHBR,49.233056,-68.131389
VCHDG,48.480556,-72.3625
VCHEL,45.513333,-75.775556
VCHLA,53.338889,-60.415833
VCHLB,53.304167,-60.365833
VCHLC,53.283333,-60.4075
VCHLD,53.25,-60.316667
VCHLH,45.925,-64.621944
VCHLL,46.133333,-64.945833
VCHMG,44.34,-78.446111
VCHMP,43.965833,-78.736944
VCHON,48.533333,-71.091667
VCHPN,45.495,-65.835
VCHSP,50.290833,-63.520278
VCHTT,55.286389,-77.587222
VCHUB,43.625556,-79.476111
VCHUT,49.125278,-68.392778
VCHYC,45.4625,-74.140278
VCHYD,50.288611,-66.361389
VCINI,53.344444,-60.349167
VCIOC,50.199167,-66.341111
VCION,53.6525,-77.8225
VCIRE,45.612778,-73.383889
VCISM,47.128611,-70.371111
VCIWD,43.791667,-79.905
VCJOL,48.529722,-71.005278
VCJOR,43.175,-79.366667
VCKNE,44.241111,-78.162222
VCLAM,46.583333,-71.207778
VCLCV,48.528889,-68.343611
VCLDE,43.87,-79.866667
VCLGL,48.127222,-77.721111
VCLKG,45.855278,-66.926111
VCLLR,48.466667,-70.744444
VCLPR,45.352778,-73.474722
VCLSC,46.933333,-71.383333
VCLSJ,46.916667,-71.643889
VCLSK,44.319722,-78.197778
VCLST,46.539167,-71.6325
VCLTL,44.296667,-78.3125
VCLVC,48.07,-77.375278
VCMAL,48.135278,-78.123611
VCMBL,45.516667,-75.41
VCMDC,48.488889,-71.058611
VCMDI,45.879167,-66.416111
VCMDL,43.191667,-79.275
VCMEE,44.299167,-78.558611
VCMIT,48.680556,-68.035556
VCMLB,44.150556,-78.4475
VCMMC,45.921944,-64.515556
VCMNC,49.191111,-68.329444
VCMNK,49.320556,-68.347778
VCMQL,61.511944,-73.755278
VCMRC,48.525278,-68.080833
VCMRT,45.045833,-79.558333
VCMRV,44.191667,-76.441667
VCMTL,48.544167,-71.087778
VCNAP,44.25,-76.953333
VCNBL,43.9,-79.666667
VCNGR,43.258333,-79.075
VCNMT,44.05,-79.466667
VCNTY,45.189444,-75.721111
VCNUK,55.363611,-77.736389
VCNVY,43.038333,-79.016667
VCOLB,48.0925,-77.574722
VCORL,45.476111,-75.524167
VCPAP,48.510556,-68.459444
VCPCR,43.55,-79.583333
VCPDN,45.841944,-74.069167
VCPDT,45.583056,-73.84
VCPKR,43.816667,-79.05
VCPMM,45.505278,-73.378333
VCPNC,46.033333,-66.584444
VCPNT,50.308611,-63.621944
VCPOU,45.643611,-75.647778
VCPRK,45.551389,-73.469722
VCPRM,50.266389,-66.031667
VCPRT,43.986667,-79.38
VCPRY,44.1,-78.945
VCPTN,50.165,-66.470556
VCPTR,53.3,-60.55
VCQAR,43.897222,-79.490556
VCQBR,46.745,-71.288333
VCQRY,45.43,-75.82
VCRAD,53.793611,-77.614167
VCRAG,49.07,-68.534167
VCRCE,44.113889,-78.2975
VCRED,46.75,-71.7
VCREM,47.874167,-77.660556
VCRIC,45.415278,-73.242778
VCRLU,45.326944,-73.26
VCRMB,45.941389,-66.625833
VCRPL,46.0,-66.216667
VCRSL,45.2575,-75.366667
VCRSV,45.3275,-73.289722
VCRTK,43.923889,-79.294167
VCRYD,43.802778,-79.251111
VCSAB,47.961944,-77.692222
VCSBD,48.361389,-68.460833
VCSBG,44.006667,-79.7
VCSBR,45.206667,-73.228889
VCSBY,46.028056,-65.04
VCSDC,46.161667,-64.560556
VCSDN,44.408333,-76.595833
VCSED,48.199722,-77.828056
VCSJM,45.274722,-73.419722
VCSKH,43.654722,-79.593333
VCSLO,48.551111,-71.072778
VCSLR,46.733056,-71.4075
VCSMC,43.883333,-78.7
VCSNV,48.185278,-77.654444
VCSOL,44.315,-78.398333
VCSPW,53.784722,-77.454722
VCSPZ,44.816667,-79.391667
VCSSZ,48.445833,-71.233333
VCSTB,45.526667,-73.288889
VCSTC,48.491667,-71.408333
VCSTF,43.966667,-79.25
VCSTL,44.17,-76.7
VCSTM,45.348333,-65.546667
VCSTP,48.593889,-72.336667
VCSUL,48.126111,-77.833333
VCTHL,43.95,-79.693333
VCTMN,46.879167,-71.133333
VCTRC,45.684167,-66.684722
VCTRY,38.762119,-77.113689
VCUFF,44.983333,-79.195833
VCVLN,48.508333,-70.970833
VCWLR,44.09,-77.7
VCWLZ,43.948333,-79.435
VCWND,43.841667,-79.541667
VCWTD,43.329167,-79.8875
VCWTR,43.886667,-79.245
VEBUC,42.730925,-77.888542
VECDU,39.678886,-77.575683
VECYU,41.683589,-73.614831
VEDEL,39.8575,-12.67
VEEPP,38.588867,-77.031867
VEGAA,35.323161,-72.0
VEGAF,37.207278,-4.153917
VEGAR,53.042711,-1.973175
VEGEL,42.592861,-2.025833
VEGHE,36.805519,-76.313031
VEGOD,67.085833,-54.245278
VEGRY,40.269553,-74.242728
VEJAY,35.559739,-78.014022
VEKAD,65.453983,-23.69395
VEKUC,36.482214,-78.343094
VELAG,52.40995,-1.013767
VELUD,47.1385,-1.306944
VENAR,46.143611,-0.720556
VENER,54.5,-15.0
VENTE,42.140092,-71.893911
VENUX,41.20025,-2.857389
VEPDE,53.038744,-0.375658
VEPIR,63.423706,-20.703311
VEPMO,53.761867,-78.600897
VEPNA,43.609883,-79.697667
VEPRA,49.838019,-64.427658
VEPTU,54.633333,-75.0
VERAM,36.7725,-13.675278
VERBI,47.533297,-52.633364
VERBU,46.137139,-71.1903
VERCH,58.215556,-65.0
VERDE,40.811928,-74.092478
VERDO,43.771667,-78.766389
VEREG,37.710058,-3.625
VEREX,55.450914,-2.229194
VERGE,40.630142,-73.980294
VERGI,49.833211,-64.021967
VERKA,52.540339,-56.436556
VERKO,43.596614,-79.543764
VERNI,39.439981,-79.550583
VERPO,61.676033,-73.097156
VERRU,40.474883,-73.887631
VERRY,38.807919,-77.495267
VERSU,61.66155,-72.307139
VERTI,45.250278,-74.841944
VERTU,51.504444,-59.756944
VERUT,64.429856,-23.96755
VERVI,40.007036,-74.261622
VESBI,45.948156,-66.566292
VESLA,46.408661,-63.866044
VESMA,48.842786,-79.147708
VESMI,57.966667,-58.0
VESNA,48.345786,-79.774031
VESNI,48.526539,-68.414322
VESNO,61.766175,-72.207619
VESOB,39.132158,-27.797603
VESOX,63.983964,-23.175872
VESPE,42.797678,-76.108814
VESPO,46.125028,-65.6019
VESRI,53.887281,-73.431989
VESSL,41.145283,-70.592094
VESVO,47.485522,-72.797372
VESVU,60.978569,-69.551931
VETAN,41.961944,-5.715833
VETAR,42.178056,-0.493333
VETEC,37.450394,-78.239533
VETEM,64.452528,-51.495008
VETGO,46.208472,-74.711853
VETLA,49.955325,-79.526044
VETLI,44.702739,-63.584744
VETMU,58.607536,-65.776908
VETNI,46.561089,-66.253017
VETOX,64.438511,-51.69855
VETPO,52.549083,-56.545956
VETRO,50.2,-80.0
VETSU,47.373356,-61.697425
VETSY,40.919306,-75.119419
VETUC,42.566456,-77.709772
VETVI,61.114861,-69.684064
VEVBI,45.755514,-61.089197
VEVGA,51.014392,-58.669239
VEVGI,46.702622,-71.377144
VEVKO,45.900964,-63.732925
VEVLU,46.58975,-74.73125
VEVMI,46.615114,-67.565331
VEVNI,47.631233,-67.45605
VEVPI,52.446394,-55.633472
VEVRI,48.583586,-58.376317
VEVSU,45.255811,-73.321281
VEWOR,40.596078,-75.890358
VEXEN,50.139439,-1.826217
VEXUB,51.235833,-0.612711
VEYCU,42.855658,-73.659772
VEZEE,40.606422,-74.045644
VG401,62.086089,-7.427981
VG402,62.007414,-7.4774
VG403,62.010225,-7.063292
VG40A,42.788019,-7.957314
VG40B,42.259331,-7.707278
VG640,62.029878,-7.141764
VG642,62.022536,-7.098678
VG644,62.0174,-7.046761
VG652,61.982919,-7.061578
VG654,61.923758,-7.358097
VG660,62.0494,-7.220019
VG662,62.042878,-7.169811
VG664,62.041567,-7.116803
VG666,62.038061,-7.076036
VG668,61.982531,-6.967183
VG670,61.912006,-7.343475
VG680,62.054822,-7.241797
VG682,62.029994,-7.223836
VG684,61.979772,-7.228194
VG686,61.936408,-7.113642
VG690,62.004192,-7.267458
VG699,62.023769,-7.483064
VG740,62.071703,-7.309761
VG742,62.076575,-7.338519
VG744,62.087014,-7.445153
VG746,62.085642,-7.518792
VG748,61.982644,-7.609319
VG750,61.945906,-7.490297
VG760,62.091025,-7.478247
VG772,62.075181,-7.327331
VG774,62.092183,-7.439978
VG776,62.094103,-7.455528
VG778,62.086244,-7.561742
VG780,61.989672,-7.619622
VG782,61.9531,-7.502956
VG803,61.951117,-7.275808
VG804,62.073469,-7.319347
VG805,62.035117,-7.162742
VG806,62.089108,-7.44415
VG807,62.071703,-7.309758
VG810,62.093172,-7.47675
VG812,62.047756,-7.555144
VG814,62.025839,-7.500039
VG830,61.901319,-7.202414
VG832,61.768078,-7.204356
VG834,61.677364,-7.159897
VG840,62.100414,-7.535014
VG842,62.111989,-7.628611
VG854,62.074003,-7.321136
VG856,62.076544,-7.335356
VG858,62.097014,-7.438386
VG860,62.102206,-7.464603
VG862,62.104581,-7.498625
VG864,62.060381,-7.555669
VG866,62.020578,-7.464317
VG874,62.103381,-7.523197
VG876,62.105225,-7.574219
VG878,62.111367,-7.623983
VG900,62.059489,-7.260567
VG901,62.068039,-7.294994
VG903,62.070978,-7.310803
VG904,61.981278,-6.948561
VG905,62.090239,-7.461222
VG907,61.964594,-6.882569
VG908,61.849608,-6.841103
VG914,61.724092,-7.082453
VG918,61.633144,-7.111369
VG930,61.844828,-7.062428
VG932,62.080375,-7.616172
VG934,62.118392,-7.736639
VG942,62.028811,-7.137494
VG944,62.017717,-7.093156
VG946,61.983772,-6.95805
VG956,61.955983,-7.044003
VG957,61.828942,-7.14645
VG958,61.654978,-7.132808
VG968,61.933286,-7.204947
VG972,62.05015,-7.223025
VG974,62.047858,-7.208125
VG976,62.042311,-7.127875
VG978,62.039567,-7.088689
VG980,62.033264,-7.058903
VG981,61.993681,-6.958794
VG982,61.979356,-6.922669
VG983,61.947589,-6.822503
VG984,61.977472,-7.027933
VG985,61.828572,-7.146744
VG986,61.952872,-7.183503
VG990,62.054822,-7.241803
VG991,62.027861,-7.224181
VG992,62.006544,-7.248239
VG993,61.985842,-7.255619
VG994,61.95865,-7.202325
VG995,61.950439,-7.129992
VG996,61.912467,-7.231267
VG997,61.699242,-7.161161
VG998,61.994369,-7.349725
VG999,62.016486,-7.421047
VGC02,62.052603,-7.331272
VGC03,62.062222,-7.494275
VGC04,62.067458,-7.472214
VGC06,61.766061,-6.78345
VGC07,62.169492,-7.537953
VGC08,61.991089,-7.212503
VGC09,61.901878,-7.433175
VGC10,62.097342,-7.065147
VGC11,61.962372,-7.218039
VGC12,62.039375,-7.346156
VGC13,62.164472,-7.255486
VGC14,62.07235,-7.491481
VGC15,62.085475,-7.420864
VGC16,62.0993,-7.163514
VGC17,61.965231,-7.125417
VGC20,61.960675,-7.166772
VGC21,62.037931,-7.260864
VGC24,62.058361,-7.356464
VGC25,62.058608,-7.356869
VGC26,62.002314,-7.095231
VGC28,62.026153,-7.361022
VGC30,62.249692,-7.372597
VGC31,62.017053,-7.476114
VGC32,62.024136,-7.486456
VGC77,62.011628,-7.097567
VGC78,62.179158,-6.5612
VGC79,61.995072,-7.127094
VGC80,62.037203,-7.261692
VGC81,61.990964,-7.185803
VGC82,61.723881,-6.820397
VGC83,62.022097,-7.310739
VGC89,61.748922,-6.705692
VGC90,62.035719,-7.3314
VGC91,61.899447,-6.956831
VGC92,61.668206,-6.952958
VGC93,61.894261,-7.968717
VGC94,61.973714,-7.142992
VGC96,62.069231,-7.201444
VGEGA,39.089453,-76.619714
VGO32,42.580606,-7.972019
VGO34,42.718247,-8.054575
VGO48,42.708947,-7.655261
VGO60,43.019989,-7.631522
VIBER,63.711478,-24.077964
VIBGO,63.820772,-68.703022
VIBKO,45.328739,-79.874314
VIBLI,44.573667,-78.290044
VIBMA,45.961122,-66.165686
VIBMO,52.802161,-56.027289
VIBNA,43.562222,-79.793611
VIBNU,45.888889,-73.526389
VIBOC,39.029028,-27.371528
VIBRU,44.33925,-76.022211
VIBVA,54.867692,-66.86985
VICAR,37.251389,-5.782222
VICCI,66.671208,-18.356672
VICCU,42.867319,-79.072194
VICEP,39.201861,-76.454867
VICOM,65.475372,-15.260036
VIDGA,44.840711,-63.354647
VIDGO,46.046006,-74.496369
VIDIO,40.393322,-73.557756
VIDKA,44.3992,-78.882075
VIDKI,50.018803,-79.557011
VIDLO,56.373344,-76.700936
VIDMI,48.542244,-64.435264
VIDOK,52.410847,-2.041978
VIDPA,72.889494,-78.236825
VIDPI,51.236431,-56.169808
VIDRA,43.494444,-79.509722
VIDRO,43.984722,-79.188333
VIDSI,49.368994,-57.137703
VIDVO,46.477425,-64.845825
VIEEW,42.439464,-77.025917
VIENA,44.569378,-69.944225
VIGAZ,65.790867,-21.193764
VIGBA,44.511239,-65.830317
VIGDA,52.289864,-55.923603
VIGDU,45.473681,-67.495517
VIGIA,36.938333,-6.572778
VIGMA,44.340875,-66.643511
VIGMI,45.557178,-74.141481
VIGMU,52.3007,-55.853844
VIGPO,42.918169,-79.575589
VIGRO,46.999333,-71.855167
VIGTI,72.774875,-77.302797
VIGTO,56.33395,-62.065239
VIGVU,45.838558,-63.189544
VIGYU,41.498917,-70.094222
VIGZE,68.760683,-53.315819
VIIPR,37.953722,-76.701986
VIKBO,46.091728,-63.048433
VIKBU,45.817203,-72.041725
VIKDA,47.663886,-79.946308
VIKKY,41.074281,-72.616311
VIKLA,44.829794,-75.728725
VIKLI,53.851597,-79.013972
VIKLO,44.609069,-65.529456
VIKMA,62.592181,-77.764525
VIKNO,45.258611,-74.615556
VIKPA,58.774825,-69.645686
VIKPO,47.056861,-67.771556
VIKSU,59.826944,-69.891822
VIKTO,43.406136,-79.793692
VIKUC,36.338667,-78.730417
VILCU,42.372419,-76.633967
VILKI,43.585319,-79.334144
VILLA,40.232944,-2.410444
VILNA,38.539722,-0.81675
VILNI,72.499506,-78.229814
VILNU,50.500342,-59.337522
VILRI,46.104628,-63.166742
VILRO,45.615833,-72.715556
VILVA,46.643375,-75.349119
VIMGO,43.8825,-77.4955
VIMLA,44.97925,-63.484761
VIMPU,46.256397,-72.793319
VIMRI,46.479631,-66.354836
VIMRU,55.114983,-77.857942
VINCR,37.061344,-76.425742
VINDI,45.671175,-70.519694
VINDU,45.555561,-61.091103
VINER,39.446508,-75.0236
VINGR,36.117292,-77.675686
VINNY,39.754622,-76.608378
VINRA,45.274764,-75.976208
VINSE,39.971169,-77.955889
VINSI,47.898333,-57.365833
VIPGO,48.778744,-68.315456
VIPKA,52.231469,-67.978075
VIPKE,37.970336,-76.844478
VIPKO,45.977981,-60.148367
VIPLA,45.818464,-63.355764
VIPLE,39.4825,-8.965
VIPLO,50.268092,-60.924889
VIPRI,43.677058,-79.168442
VIPRU,43.836908,-79.366886
VIPSI,44.900264,-76.015219
VIPTO,43.704731,-66.234856
VIPTU,46.160514,-65.850994
VIRBA,45.561542,-65.953044
VIRDI,58.755025,-66.321256
VIRDO,48.539725,-71.74635
VIRDU,49.143978,-54.632378
VIRGI,43.143506,-77.929678
VIRKA,45.019167,-73.176944
VIRSO,54.0,-80.0
VIRST,35.044831,-72.543694
VIRTU,40.562222,-2.499444
VISBU,43.517264,-79.777981
VISBY,40.337769,-75.954208
VISIX,45.043056,-74.133611
VISLY,42.750631,-72.089758
VISOB,47.634156,-52.89865
VISOD,56.563417,-79.117417
VISOL,45.222392,-75.872508
VISOW,36.3574,-76.365056
VISOX,45.661464,-61.477192
VISUK,48.438842,-53.768517
VITEG,45.361936,-71.494269
VITEN,46.659028,-71.753122
VITEP,53.515261,-63.802425
VITIK,48.973469,-76.935367
VITOL,41.783333,-67.0
VITON,47.449339,-79.531683
VITOR,52.993689,-78.986247
VITTY,41.306072,-73.553181
VITUX,45.301931,-66.280947
VITYU,41.699922,-73.799867
VIVAL,48.118364,-77.801358
VIVAP,56.564256,-79.113206
VIVAV,45.842875,-66.486239
VIVAX,45.369697,-75.545667
VIVEG,44.268108,-77.271567
VIVEN,56.158769,-62.314192
VIVET,43.826389,-79.569167
VIVIG,45.414964,-76.263575
VIVIL,46.162244,-70.887225
VIVIP,45.925,-73.344444
VIVIR,53.337833,-60.121
VIVOG,45.949722,-72.405278
VIVOP,46.382194,-63.066275
VIVUK,51.373681,-57.242986
VIXAG,44.249636,-78.256639
VIXAT,47.787097,-59.318892
VIXEB,45.236628,-65.988133
VIXIB,45.702328,-77.163425
VIXIP,46.1302,-70.664308
VIXUD,49.411481,-62.180083
VIXUL,46.408103,-62.911533
VIXUV,46.480142,-71.203961
VIYUP,41.590272,-73.943631
VIZQA,41.018881,-72.002314
VIZZU,63.302719,-19.972181
VJ32A,36.763767,-5.929922
VJF32,36.749336,-5.817461
VJF65,37.212858,-5.381
VL001,39.319667,-0.339639
VL003,39.627333,-0.086333
VL004,39.369111,-0.4915
VL005,39.185833,-0.504722
VL006,39.401639,-0.322694
VLC37,38.879828,-0.331175
VM12F,63.463811,-20.515264
VM301,47.153583,-56.112528
VM302,46.988694,-56.147056
VM305,47.104222,-56.470361
VM306,47.186722,-56.453444
VM401,47.053306,-56.642833
VM402,47.185306,-56.616167
VM410,47.089056,-56.312861
VMF03,63.341297,-20.341644
VMF30,63.394047,-20.093508
VMG50,38.183608,-26.722447
VMI30,63.364911,-19.920181
VO604,65.799117,-14.717306
VO704,65.841853,-14.866839
VOBAG,51.454214,-78.792203
VOBAL,44.2462,-77.311944
VOBEB,46.044067,-60.058431
VOBEV,50.250569,-60.423017
VOBIH,39.135772,-76.827769
VOBIM,46.695314,-71.492017
VOBOG,49.718236,-54.513431
VOBOK,45.412778,-73.130556
VOBOZ,40.668717,-73.892811
VOBUG,48.228144,-70.724811
VOBUP,43.806211,-79.411858
VOCUY,43.339922,-73.017086
VODEB,45.099925,-63.438764
VODEK,63.833333,-70.0
VODIG,46.023786,-64.683472
VODIL,46.124161,-66.012722
VODIX,47.541667,-69.236667
VODOL,45.376572,-65.831569
VODUD,47.755419,-64.624061
VODUL,45.261742,-75.560558
VODUR,49.261161,-57.249483
VOF04,65.616114,-15.026147
VOGAN,45.035283,-75.792031
VOGAT,47.083325,-55.228181
VOGAV,50.199797,-63.862397
VOGEM,45.436053,-75.539681
VOGER,45.119094,-65.215825
VOGIN,45.920428,-66.617456
VOGIP,47.736011,-64.990808
VOGIV,45.015833,-73.371111
VOGOL,48.926303,-54.872347
VOGUB,46.179892,-60.276125
VOGUK,46.069625,-64.525825
VOGUM,51.373003,-57.243547
VOI04,65.543817,-15.146683
VOKAP,46.045944,-66.645433
VOKAR,53.5,-62.566667
VOKEM,46.286861,-63.247347
VOKEN,45.488722,-62.802089
VOKET,51.5,-67.0
VOKHY,42.592072,-77.956186
VOKIL,44.785586,-63.301664
VOKON,50.050667,-66.579822
VOKOV,47.594939,-72.685914
VOKUR,46.074753,-59.937542
VOKYO,41.073128,-75.817383
VOLAG,45.141878,-75.529233
VOLAV,46.498431,-67.668356
VOLAX,45.534722,-73.668444
VOLFI,53.343092,-3.364031
VOLIL,46.335156,-62.993069
VOLLU,41.19165,-73.984611
VOLUD,46.191,-64.668953
VOMAM,46.3889,-63.054356
VOR11,40.652589,-3.559428
VOR13,41.529503,-74.055728
VOR15,42.984292,-71.460644
VOR18,41.033097,-78.362328
VORGE,40.300775,-74.912161
VOROC,38.783889,-27.104444
VOUCH,37.346811,-78.773178
VOUGA,51.059125,-0.963944
VOVCU,42.604833,-70.803875
VOYLU,40.966947,-74.580817
VP001,51.801667,-8.573889
VP002,51.816389,-8.390833
VP003,51.882222,-8.630278
VP004,51.904167,-8.388056
VP005,52.058333,-9.508333
VP006,52.123889,-6.930556
VP007,52.128889,-7.105833
VP008,52.1375,-7.171944
VP009,52.139167,-7.370833
VP010,52.161667,-9.4925
VP011,52.172778,-7.148889
VP012,52.173889,-6.83
VP013,52.178889,-6.951944
VP014,52.193333,-7.028611
VP015,52.233611,-7.144167
VP016,52.255833,-9.629444
VP017,52.279167,-7.150278
VP018,52.3175,-6.934444
VP019,52.332222,-7.314722
VP020,52.356944,-6.993889
VP021,52.634167,-8.837222
VP022,52.67,-9.104722
VP023,52.684444,-9.149444
VP024,52.699167,-8.815278
VP025,52.7125,-9.001667
VP026,52.784444,-8.901944
VP027,53.188611,-6.084444
VP028,53.225,-6.653333
VP029,53.236111,-6.524444
VP030,53.236389,-6.453889
VP031,53.246944,-6.591944
VP032,53.265278,-6.120556
VP033,53.276667,-6.266944
VP034,53.286667,-6.371667
VP035,53.311667,-6.606667
VP036,53.318333,-6.368333
VP037,53.338889,-6.539444
VP038,53.339167,-6.746944
VP039,53.346111,-6.296389
VP040,50.909444,-0.407778
VP041,53.356667,-6.384444
VP042,53.361667,-6.0525
VP043,53.381667,-6.59
VP044,53.388056,-6.311667
VP045,53.394444,-6.265278
VP046,53.399444,-6.668056
VP047,53.41,-6.74
VP048,53.421389,-6.476667
VP049,51.015,-0.45
VP04A,51.02985,-1.674228
VP050,53.451389,-6.15
VP051,53.465556,-6.190278
VP052,53.491667,-6.016111
VP053,53.512222,-6.398611
VP054,53.514167,-6.541389
VP055,53.523333,-6.09
VP056,53.566667,-6.382778
VP057,53.578333,-6.108333
VP058,53.586667,-6.288333
VP059,53.763611,-8.765278
VP060,53.870556,-8.849722
VP061,53.963889,-8.794722
VP062,54.053889,-8.729167
VP063,54.089444,-8.518056
VP064,54.13,-8.395833
VP065,54.220556,-8.622778
VP066,54.326111,-8.493056
VP067,54.3925,-8.526111
VP068,54.828333,-8.555
VP069,54.996389,-8.289444
VP070,55.019167,-8.312222
VP071,55.028333,-8.392778
VP072,55.057222,-8.45
VP073,55.079167,-8.300833
VP074,55.134167,-8.104167
VP075,51.228333,-0.742222
VP076,51.236944,-2.625278
VP077,51.237222,-0.581389
VP078,51.247222,-0.066944
VP079,51.248333,-1.805833
VP080,51.24,-0.245833
VP081,51.254167,-1.724167
VP082,51.256389,-0.714444
VP083,39.115,-1.996667
VP084,51.261389,-0.680278
VP085,51.263056,-0.761667
VP086,51.263889,-0.128056
VP087,51.268889,-2.921389
VP088,51.269444,-1.758611
VP090,51.278889,-1.814444
VP091,51.279444,-0.961944
VP092,51.279722,-2.801389
VP093,51.286944,-0.788889
VP095,51.288611,-0.824722
VP096,39.524444,-1.136389
VP097,51.292222,-2.448611
VP098,51.301111,-0.797778
VP099,51.304722,-1.815833
VP101,51.325,-2.595
VP102,51.333333,-2.793333
VP103,51.337222,-0.216944
VP104,51.337222,-0.335
VP105,51.337222,-0.42
VP106,51.337222,-2.713056
VP107,51.339722,-0.485278
VP108,51.3475,-0.369444
VP109,51.349167,-0.699167
VP110,51.349444,-0.35
VP111,51.355833,-0.680556
VP113,51.375556,-3.118611
VP114,51.376944,-0.389722
VP115,51.386667,-0.578056
VP116,51.390833,-0.235278
VP117,51.390833,-0.479167
VP118,51.400556,-0.537778
VP119,51.400833,-3.552222
VP120,51.4025,-0.404444
VP121,51.406389,-2.662778
VP122,51.406389,-3.170556
VP123,51.416944,-2.404167
VP124,51.425556,-0.246111
VP125,51.431667,-0.854167
VP126,51.439167,-2.851389
VP127,51.439444,-0.297222
VP128,51.43,-2.735
VP129,51.441667,-0.425833
VP130,51.443333,-0.089444
VP131,51.444444,-0.529444
VP132,40.549167,-3.269722
VP133,51.455,-2.627778
VP134,43.415,-0.575556
VP135,51.456667,-3.151667
VP136,51.4575,-3.403056
VP137,51.457778,-0.251944
VP138,40.636944,-3.431944
VP139,51.459167,-3.281667
VP140,40.704722,-3.719167
VP141,43.432222,-1.600833
VP142,51.46,-2.123333
VP143,40.719722,-3.9175
VP144,40.749167,-3.718611
VP145,51.473056,-0.27
VP146,51.474167,-0.223611
VP147,40.907778,-5.191944
VP148,51.483333,-0.451667
VP149,51.483611,-0.492778
VP150,51.483889,-0.011667
VP151,51.483889,-0.15
VP152,51.485,-0.079444
VP153,51.487222,-0.287778
VP155,51.488333,-0.230278
VP156,51.488889,-2.693056
VP157,51.48,-0.932222
VP162,41.465833,-1.081389
VP163,51.501944,-2.35
VP164,51.503611,-0.119722
VP165,43.492778,-1.5525
VP166,43.494722,-0.37
VP168,51.518889,-0.677222
VP170,51.530278,-0.293889
VP171,51.532222,-3.573333
VP172,41.601389,-4.118333
VP173,51.538333,-0.016389
VP174,51.5425,-0.573056
VP175,51.543056,-0.377778
VP176,51.548333,-0.418611
VP177,43.519722,-1.4025
VP178,51.555,-0.108611
VP179,51.556111,-0.279444
VP180,51.558889,-0.470278
VP181,51.560556,-0.880833
VP182,51.5625,-0.706111
VP183,51.566944,-0.256111
VP184,51.5675,-3.471111
VP185,41.796389,-0.159722
VP186,51.594444,-0.129722
VP187,51.594444,-0.6275
VP188,51.601944,-2.925556
VP189,42.004444,-0.314444
VP190,51.604444,-0.035
VP191,51.611111,-2.643611
VP192,51.622778,-0.356667
VP193,51.629444,-0.504167
VP194,42.100833,-0.717778
VP195,51.633889,-0.566944
VP196,51.641667,-0.325
VP197,42.153889,-0.335556
VP198,51.650556,-0.426944
VP199,51.653333,-1.585278
VP200,42.216667,-2.491667
VP201,51.665278,-0.923889
VP202,51.666667,-0.215556
VP203,51.673333,-0.371111
VP204,51.675278,-0.2825
VP205,51.691667,-2.970833
VP206,51.693889,-1.690278
VP207,42.331944,-2.112222
VP208,42.356389,-2.387222
VP209,51.727778,-1.548611
VP211,51.754167,-1.356111
VP212,51.756111,-0.416111
VP214,51.766111,-0.785556
VP215,51.779167,-0.224444
VP216,42.511111,-3.708333
VP217,42.526111,-5.575556
VP218,51.806667,-1.636667
VP219,51.811667,-0.026667
VP220,51.820278,-0.418056
VP221,51.838056,-1.835833
VP222,51.844167,-0.366111
VP223,51.845833,-0.296667
VP224,42.743611,-1.863889
VP225,51.873056,-1.490833
VP226,42.8025,-5.628611
VP227,43.629722,-1.396111
VP228,42.856944,-2.327778
VP229,42.910833,-8.735556
VP22A,51.256464,-1.413614
VP230,43.634167,-1.103611
VP231,42.941111,-1.545278
VP232,51.933611,-0.341667
VP233,43.139167,-5.823056
VP234,51.971667,-0.331667
VP235,51.974167,-1.041389
VP236,51.985833,-1.083889
VP237,51.986667,-1.070833
VP238,51.991667,-1.031389
VP239,43.645278,-1.013889
VP240,51.99,-0.619167
VP241,43.341667,-1.930556
VP242,43.3475,-4.034722
VP243,43.352778,-8.553056
VP245,52.073333,-0.5175
VP246,43.390278,-5.802222
VP247,52.153333,-0.701667
VP249,52.270278,-0.738889
VP250,43.433333,-2.9
VP251,52.326111,-1.326389
VP252,52.3275,-0.699722
VP253,52.331389,-0.856389
VP254,52.348611,-1.809722
VP255,52.420278,-1.998611
VP256,52.4625,-1.494167
VP257,43.698056,-1.073056
VP258,43.565278,-6.298889
VP259,52.565,-1.448056
VP260,43.569722,-6.725
VP261,46.851833,-55.962472
VP262,52.603333,-1.6425
VP265,52.643889,-2.056389
VP267,52.686111,-1.798611
VP268,52.688889,-1.548056
VP26A,51.212631,-1.324306
VP26F,51.156033,-1.421428
VP26I,51.162942,-1.316106
VP270,52.695556,-1.2925
VP272,52.739444,-0.892778
VP273,52.748611,-2.843611
VP274,43.757222,-1.009444
VP276,52.886111,-1.698333
VP277,52.906389,-2.883333
VP278,52.961667,-1.2675
VP279,52.964722,-0.781667
VP282,53.068333,-2.951667
VP283,53.128333,-2.691944
VP284,53.132222,-2.891667
VP285,43.853889,-0.918889
VP286,53.154444,-3.061667
VP287,53.164167,-2.676111
VP288,53.165,-2.180833
VP289,53.165,-3.125278
VP290,53.185,-2.512222
VP291,53.195,-2.777222
VP292,53.195,-2.843889
VP293,53.2025,-4.346944
VP294,53.207778,-4.505
VP295,53.227222,-1.055556
VP296,53.229444,-3.066667
VP297,53.236111,-2.134722
VP298,53.236111,-4.603333
VP299,53.236389,-2.309167
VP300,53.241944,-4.465556
VP301,53.250833,-2.872778
VP302,53.255833,-1.912778
VP303,53.271944,-4.492778
VP304,53.272222,-2.0425
VP305,53.273333,-2.763333
VP306,53.286944,-4.577222
VP307,53.287222,-2.724722
VP309,53.291667,-3.06
VP310,53.295278,-2.212222
VP311,53.296389,-1.032222
VP312,53.3225,-2.794444
VP313,44.416667,-1.15
VP314,53.326389,-1.991667
VP315,53.327222,-2.643611
VP317,44.466667,-0.85
VP318,53.346111,-2.526389
VP319,53.346389,-2.737778
VP321,53.352778,-2.906667
VP322,53.353611,-2.835833
VP323,53.353889,-2.385278
VP324,53.356944,-3.322222
VP325,53.360278,-0.935278
VP326,53.371667,-2.687778
VP327,53.390556,-2.505833
VP328,53.392778,-0.770833
VP329,53.398333,-2.808333
VP330,53.405833,-2.995833
VP331,53.416667,-2.638056
VP332,53.433333,-2.302778
VP333,53.438889,-2.413056
VP334,53.440556,-1.917778
VP335,44.716667,-0.690278
VP336,53.459722,-2.341111
VP337,53.461389,-3.034722
VP338,53.476667,-2.943056
VP339,53.489722,-2.559722
VP340,44.769722,-0.771111
VP341,53.493611,-2.448889
VP342,53.496111,-0.318333
VP343,53.501667,-2.385
VP344,53.521389,-2.627778
VP345,53.523333,-2.36
VP346,53.535278,-0.180278
VP347,53.535,-2.451389
VP348,53.5375,-1.97
VP349,53.55,-2.261111
VP350,44.893611,-0.668889
VP351,53.580556,-2.535556
VP352,53.608611,-0.428056
VP353,53.625556,-2.515
VP354,53.628333,-0.193333
VP355,53.655278,-3.021111
VP356,53.691667,-1.635
VP357,53.714167,-0.450556
VP358,53.735556,-2.648889
VP359,53.736667,-1.726389
VP35A,50.987442,-1.650747
VP35F,51.0479,-1.555594
VP35I,50.995144,-1.545944
VP360,53.746944,-3.078056
VP361,53.749167,-3.035833
VP362,53.793889,-2.984722
VP363,53.806944,-2.889722
VP364,53.8075,-2.699722
VP366,53.809167,-1.158611
VP367,53.814444,-1.340278
VP368,53.815833,-3.055278
VP369,53.822778,-3.149444
VP371,53.827222,-2.834167
VP373,53.838611,-1.788889
VP374,53.848333,-2.990278
VP375,53.871111,-1.543333
VP376,53.890556,-1.235
VP377,53.905556,-1.601111
VP378,53.905556,-2.791667
VP379,53.909444,-1.089722
VP380,53.918889,-3.045278
VP381,53.9925,-1.5375
VP384,54.055,-4.625
VP385,54.225278,-4.389444
VP386,54.226389,-4.698889
VP387,54.243333,-1.495278
VP388,54.305556,-1.509722
VP390,54.338889,-1.431944
VP391,54.425,-6.4475
VP392,54.460278,-5.832778
VP393,54.469722,-1.194722
VP394,54.550833,-5.745833
VP395,54.5,-1.626667
VP396,54.607222,-1.064167
VP397,54.620556,-6.533889
VP398,54.651667,-3.577778
VP399,54.6575,-1.465833
VP400,54.664444,-2.750278
VP401,54.675,-5.618056
VP402,54.680556,-5.981667
VP403,54.691667,-1.199167
VP404,45.617778,-0.332778
VP405,54.757778,-6.494444
VP406,54.773889,-1.576667
VP407,54.809444,-2.443889
VP408,54.824722,-3.161111
VP409,54.831389,-7.480833
VP410,54.863333,-6.273333
VP411,54.866667,-1.98
VP412,54.868056,-3.394722
VP413,54.911667,-7.153333
VP414,54.918333,-1.358333
VP415,54.928333,-6.925
VP416,54.950556,-7.74
VP417,54.958333,-7.358333
VP418,54.9675,-1.606944
VP419,54.968333,-1.693611
VP420,54.968889,-2.462222
VP421,54.970833,-2.102778
VP422,54.995556,-3.0675
VP423,54.998333,-7.506667
VP424,55.025,-1.875278
VP425,55.033333,-2.023611
VP426,55.120556,-3.356667
VP427,55.123333,-1.493611
VP428,55.123333,-6.669722
VP429,55.125,-7.195
VP430,55.126667,-7.464167
VP431,55.131389,-1.874444
VP432,55.153056,-3.0
VP433,55.1625,-1.682778
VP434,55.186389,-7.041944
VP435,55.311389,-5.803333
VP436,55.323333,-4.397222
VP437,55.369444,-4.768056
VP438,55.397222,-4.5925
VP439,55.426389,-5.117778
VP440,55.432778,-4.713056
VP441,55.440278,-4.650833
VP442,55.453889,-4.284167
VP443,55.510556,-5.628611
VP444,55.515833,-4.379167
VP445,55.591667,-6.338333
VP446,55.610833,-4.698611
VP447,55.6125,-4.498333
VP448,55.633333,-6.19
VP449,55.673333,-6.485
VP450,55.685556,-4.868056
VP451,55.7525,-3.378889
VP452,55.763889,-4.172222
VP453,55.807778,-3.566667
VP454,55.831944,-3.223611
VP455,55.852778,-4.089444
VP456,55.856111,-4.269722
VP457,55.888333,-3.208333
VP458,55.889167,-3.433333
VP459,55.893333,-3.068333
VP460,55.894444,-4.6275
VP461,55.896944,-3.636111
VP462,55.898333,-4.886667
VP463,55.8,-4.391667
VP464,55.902222,-4.501667
VP465,55.920278,-4.462778
VP466,55.925,-3.311944
VP467,55.933333,-6.165
VP468,55.943889,-3.161667
VP469,55.944444,-4.568333
VP470,55.947222,-3.040278
VP471,55.947222,-4.751389
VP472,55.955,-3.418889
VP473,55.971389,-4.699167
VP474,55.981667,-3.511944
VP475,55.988889,-3.683333
VP476,55.988889,-4.576389
VP477,56.006111,-3.403889
VP478,56.048889,-3.6825
VP479,56.113889,-3.15
VP480,56.129722,-3.394167
VP481,56.288333,-2.857778
VP482,56.308056,-3.003611
VP483,56.419722,-3.0
VP484,56.4375,-2.856389
VP485,56.4625,-2.869722
VP486,56.484444,-6.879167
VP487,56.520556,-6.866667
VP488,56.9625,-2.21
VP489,57.05,-2.501667
VP490,57.175556,-2.090556
VP491,57.242222,-4.255556
VP492,57.336389,-3.981389
VP493,57.354722,-2.337778
VP494,57.385833,-2.400833
VP495,57.402778,-3.715833
VP496,57.476111,-4.462222
VP497,57.477778,-4.0625
VP498,57.506944,-1.776667
VP499,57.523333,-3.928333
VP500,57.526389,-7.694167
VP501,57.538611,-2.46
VP502,57.541944,-4.210833
VP503,57.595556,-4.419167
VP504,57.596111,-7.156667
VP505,57.624722,-3.369444
VP506,57.633889,-4.072778
VP507,57.638333,-3.246111
VP508,57.649167,-3.561667
VP509,57.656389,-3.707778
VP510,57.670556,-3.166667
VP511,46.640444,-56.054778
VP512,57.865833,-6.673611
VP513,57.892778,-6.354722
VP514,58.024167,-7.133611
VP515,58.167222,-6.561944
VP516,58.188611,-6.378056
VP517,58.206111,-6.295833
VP518,58.260833,-6.138611
VP519,58.355,-6.2
VP520,58.393889,-3.124444
VP521,58.3,-3.285
VP523,58.515556,-6.260833
VP524,58.533333,-3.123333
VP525,58.585278,-3.350278
VP526,58.643889,-3.025278
VP527,58.887222,-2.893333
VP528,59.028611,-2.806389
VP529,59.030278,-2.933611
VP530,59.972778,-1.363333
VP531,59.996944,-1.1575
VP532,47.291667,-1.878056
VP535,47.372222,-1.021111
VP538,47.440556,-1.5
VP539,47.446389,-2.090278
VP540,47.449722,-2.316944
VP545,47.610833,-2.610556
VP548,47.639722,-2.953889
VP549,47.644444,-3.45
VP552,47.676389,-3.2
VP553,47.682778,-3.023333
VP557,47.697222,-3.45
VP560,47.719444,-3.347222
VP561,47.720556,-2.588611
VP567,47.805833,-3.459167
VP569,47.818333,-2.806111
VP573,47.858333,-3.75
VP574,47.865278,-3.541667
VP575,47.869167,-3.062778
VP577,47.8875,-4.118056
VP578,47.8,-3.583333
VP580,47.916667,-3.347222
VP582,47.955556,-4.358333
VP584,47.969722,-1.795278
VP585,47.981944,-1.584444
VP587,48.023056,-1.743889
VP593,48.116667,-1.566667
VP594,48.125,-1.758333
VP595,48.157778,-1.830833
VP596,48.185556,-1.650278
VP598,48.283333,-4.133333
VP600,48.365,-4.783611
VP601,48.37,-4.261111
VP602,48.406667,-4.374167
VP603,48.416667,-4.2
VP604,48.429722,-4.617222
VP606,48.486111,-4.15
VP608,48.491389,-2.001667
VP609,48.494444,-4.041667
VP610,48.504167,-4.422778
VP612,48.521944,-2.232778
VP613,48.522222,-3.944444
VP616,48.536944,-1.973056
VP618,48.566667,-4.528333
VP621,48.5725,-2.214722
VP625,48.610278,-4.378889
VP626,48.618889,-2.025833
VP636,48.676944,-2.072222
VP637,48.680556,-3.997222
VP641,48.687778,-2.319167
VP646,48.6,-4.1375
VP649,48.711389,-1.843056
VP650,48.716944,-3.505278
VP672,48.795556,-3.443056
VP691,35.176133,-79.409172
VP710,35.312831,-78.613033
VP717,35.399117,-78.820506
VP719,48.993889,-0.492222
VP726,35.481092,-79.172686
VP732,35.515117,-78.739292
VP733,49.078056,-0.641389
VP737,49.099167,-0.512222
VP740,49.140833,-0.253889
VP744,49.193611,-0.864444
VP745,35.705433,-78.534194
VP747,49.211944,-0.403333
VP750,49.223889,-0.275556
VP753,35.805953,-78.446
VP756,49.285556,-0.102222
VP757,35.860467,-79.572583
VP759,35.919081,-79.082358
VP768,35.986361,-78.507997
VP780,36.062775,-79.475311
VP781,36.071008,-78.785106
VP783,36.083783,-79.110186
VP789,36.124458,-78.679958
VP823,36.353425,-79.677864
VP831,36.454406,-79.841964
VP850,36.722203,-76.226339
VP852,36.752411,-76.583661
VP853,36.79265,-76.436925
VP855,36.848583,-76.303642
VP857,36.908622,-76.093339
VP858,36.968581,-76.297122
VP859,36.980536,-76.500233
VP862,36.994972,-79.899836
VP865,37.001983,-76.306003
VP867,37.051592,-76.294428
VP869,37.091344,-76.360581
VP870,37.100269,-75.960444
VP871,37.11995,-76.646156
VP874,37.165556,-76.576944
VP876,37.170911,-76.343944
VP878,37.218033,-76.763083
VP879,37.219269,-77.026367
VP881,37.245428,-76.508989
VP886,37.279833,-76.710294
VP887,37.281617,-77.663136
VP888,37.284125,-76.017811
VP890,37.314867,-76.278011
VP891,37.355425,-79.528422
VP898,37.445219,-76.903433
VP899,37.451567,-77.679
VP901,37.498922,-79.877422
VP907,37.535389,-79.694425
VP913,37.582622,-76.904233
VP914,37.613747,-77.718783
VP918,37.628539,-79.983767
VP924,37.668283,-76.87425
VP933,37.759722,-77.486572
VP938,37.796939,-77.1003
VPABC,38.800286,-77.078147
VPACE,38.130278,-76.8125
VPAXI,38.576111,-76.339722
VPBAY,42.269444,-70.824722
VPBBC,38.754006,-77.085308
VPBIG,41.094444,-71.916667
VPBLT,42.327778,-70.89
VPBRA,36.229167,-76.134722
VPBRK,41.909722,-72.953889
VPCBC,38.748453,-77.011644
VPCOH,42.226306,-70.815611
VPCRT,41.025,-72.103611
VPCUT,41.424944,-70.917083
VPDAU,40.820269,-74.061728
VPDBC,38.780186,-76.997303
VPEBC,38.7855,-76.974744
VPEZA,40.807597,-74.080381
VPFBC,38.808642,-76.968561
VPFEN,42.209722,-71.148056
VPFRA,42.302583,-71.394222
VPFRE,42.417222,-71.205278
VPGCE,36.065,-76.606944
VPGHI,35.255,-75.520833
VPGIO,35.541667,-76.622222
VPGVL,42.364722,-70.869722
VPHAM,42.502222,-71.119167
VPHOL,41.517611,-70.676611
VPHUL,42.303278,-70.921694
VPINN,37.793611,-75.695833
VPJAY,40.983333,-73.116667
VPJON,41.772778,-73.011111
VPKJU,35.443056,-76.170278
VPLEF,40.988889,-74.31
VPLPT,41.390111,-70.046389
VPLYD,40.956161,-73.493089
VPM01,51.164817,-1.577058
VPM03,51.205711,-1.429733
VPMLT,41.077778,-71.85
VPN00,51.172483,-1.578464
VPNED,42.308417,-71.243944
VPOKY,35.108889,-75.986111
VPOLT,41.166667,-72.225
VPONX,39.110833,-76.931944
VPOOP,38.938667,-76.615
VPPEA,42.542,-70.944806
VPPIK,42.339444,-71.265556
VPPIN,40.995278,-74.265556
VPPIT,41.4203,-70.6043
VPQUA,42.201667,-71.079722
VPQUB,42.21,-70.997222
VPROK,40.878306,-73.737389
VPS01,51.123806,-1.556556
VPS02,51.100861,-1.540861
VPSAL,42.790922,-71.22145
VPSCI,42.198222,-70.728167
VPSPF,42.403333,-71.157778
VPTOB,42.523611,-70.996944
VPTPT,41.308444,-70.056111
VPTUC,41.305139,-70.257139
VPUMO,35.593889,-75.468056
VPVHL,40.9325,-74.374167
VPWAK,42.511944,-71.087389
VPWAN,42.614583,-71.324167
VPWWN,41.095278,-74.279722
VPWYN,41.3655,-70.6397
VPWZO,36.014444,-75.667778
VR361,41.093194,-7.797256
VR362,41.140283,-7.777475
VR363,41.172069,-7.764106
VR364,41.320531,-7.701481
VR366,41.292083,-7.583364
VR367,41.077717,-7.698056
VRNAH,42.4236,-76.35925
VROOM,43.104792,-76.227914
VT08N,43.010194,-2.598583
VT13N,43.076778,-2.532444
VT400,42.973528,-2.634889
VT405,42.983306,-2.484722
VT410,43.027778,-2.4405
VT420,42.787556,-2.81825
VT500,42.650528,-2.67125
VT505,42.649833,-2.775361
VT510,42.667972,-2.864056
VT530,42.679778,-2.922139
VT540,42.909722,-2.517222
VT550,42.842444,-2.419806
VT600,42.774278,-2.826222
VT605,42.734139,-2.360722
VT700,43.158972,-2.616583
VTZ9A,40.527936,-3.660986
VUCAN,49.897828,-71.253947
VUCUR,39.372861,-78.090983
VUDOO,38.225089,-76.682664
VUFIN,67.987778,-52.033889
VUJUL,53.333389,-6.21775
VULPE,37.761222,-4.798444
VULUC,37.539408,-79.522417
VUPBU,42.158903,-70.392961
VUPHO,53.062089,-4.1726
VUSFO,53.875556,-0.860728
VUSNE,35.963161,-76.784917
VUVUC,37.17005,-79.130789
VUYUD,44.450914,-72.900958
VUZQE,42.815033,-73.859744
VX06N,42.334556,-8.598806
VX10N,42.405667,-8.579389
VX400,42.198194,-7.835056
VX405,42.543611,-9.105278
VX410,42.193472,-8.363611
VX415,42.157778,-9.097222
VX420,42.219722,-8.910833
VX425,42.203333,-8.705833
VX430,42.149167,-8.870417
VX435,43.417222,-8.557639
VX450,42.368611,-7.818333
VX455,42.7475,-9.005833
VX460,42.265556,-8.771389
VX465,43.410944,-8.659583
VX500,42.072722,-8.575722
VX550,42.278611,-8.614083
VX560,42.296944,-8.7925
VX600,42.193472,-8.637222
VX610,42.247222,-8.82625
VX700,42.256111,-8.869444
VX705,42.726111,-9.011944
VX710,42.2375,-8.269722
VX800,42.1395,-8.651861
VX805,42.227222,-8.448333
VX810,42.198333,-8.116944
VX815,42.069444,-8.886389
VX820,42.265833,-8.783611
VX825,42.624306,-9.055833
VYNAL,44.187994,-68.797367
VYSOR,39.034406,-76.249967
VYSTA,45.844114,-66.626003
WAAKE,42.342125,-78.680903
WAALK,39.141294,-74.559147
WAATR,42.457822,-70.825544
WABDA,36.055714,-79.465928
WABEP,40.102731,-76.984089
WABER,38.501703,-77.481128
WABET,38.886633,-77.669236
WABOR,42.083028,-79.854022
WABVA,40.211161,-78.736189
WACCY,39.969514,-75.693539
WACHU,42.652419,-71.481097
WACKI,40.250256,-75.177111
WACKY,41.340422,-71.8562
WACON,39.578611,-75.593564
WACOR,43.186672,-76.359939
WADAG,36.230467,-79.734883
WADAP,35.328761,-78.137853
WADDI,38.959406,-78.822803
WADIR,40.823906,-73.44435
WADUG,35.546544,-77.982017
WAFIL,59.878611,-1.286389
WAGDU,40.980347,-75.8782
WAGEK,43.1853,-72.317
WAGEM,42.733783,-72.470961
WAGIP,41.813008,-73.755228
WAGIR,39.635931,-74.73315
WAGWU,36.063544,-78.610967
WAKAL,37.683517,-77.574786
WAKBI,42.794489,-70.866433
WAKIB,39.621503,-78.752922
WAKLU,35.630286,-78.186067
WAKUG,41.247314,-76.987917
WAKVO,42.218256,-72.697317
WAL33,53.491853,-2.230064
WALAL,42.72875,-72.198881
WALCE,37.722064,-78.798111
WALCO,43.239325,-76.872553
WALEP,35.227419,-78.947647
WALIN,35.311439,-78.068942
WALIX,44.088025,-73.284908
WALKN,38.365819,-77.095706
WALLU,41.743314,-71.640753
WALLY,39.754167,-1.094444
WALOB,41.179428,-73.897808
WALOX,38.2747,-77.320217
WALSO,40.878833,-72.887231
WALTU,42.901175,-74.023383
WALUB,42.102503,-75.890058
WALZZ,40.715653,-74.047044
WAMCA,39.947214,-75.2107
WAMPO,37.148294,-78.534211
WAMSO,41.292228,-79.353803
WAMUV,41.261261,-74.151831
WANDI,41.376047,-72.133842
WANKA,42.168889,-72.523056
WANOK,39.953914,-74.806708
WANTU,42.348589,-71.053292
WANUT,41.216017,-77.0635
WANUX,44.2917,-72.631631
WANVA,41.127583,-74.272014
WANVO,39.738317,-78.630914
WAPEK,36.431003,-77.615886
WAPET,35.354969,-77.897756
WAPKO,40.359517,-76.938453
WAPOG,41.425161,-71.912036
WARAK,38.495581,-75.537436
WARAT,37.498347,-77.066681
WAREN,43.278858,-73.931056
WARIC,42.628333,-72.510478
WARIN,40.745225,-73.903886
WAROG,41.065889,-74.437644
WARRD,40.360864,-74.443358
WARUV,42.764483,-73.578169
WARYN,39.154731,-76.653622
WASAL,44.024219,-70.587892
WASBO,40.969767,-73.506139
WASDO,40.270222,-78.791792
WASEB,35.044611,-76.706297
WASH,53.316667,-0.466667
WASIB,41.582919,-74.157958
WASIE,44.092136,-79.288686
WASIG,40.831961,-75.684722
WASKI,43.181133,-78.665658
WASPO,42.230089,-70.082353
WASUR,40.560903,-76.357064
WATAN,46.005917,-68.150964
WATAR,40.625575,-79.036339
WATFO,51.675833,-0.348333
WATGO,35.366306,-77.0446
WATIB,40.552031,-74.928739
WATIR,41.560489,-71.399953
WATJA,40.202519,-74.494878
WATKA,43.917506,-72.544728
WATSO,41.046197,-76.833361
WATTO,45.276689,-75.388264
WAVAX,41.260519,-76.809039
WAVBO,43.076192,-71.26455
WAVEP,44.219333,-72.500333
WAVEY,40.234583,-73.394378
WAVMA,35.419669,-79.773467
WAVMU,39.356811,-78.149539
WAVON,41.186858,-71.346772
WAVRA,37.166267,-76.662022
WAVRU,43.033208,-78.318431
WAWIK,41.619883,-71.652625
WAXAL,42.006542,-71.334692
WAXEN,42.584561,-70.912969
WAXIN,38.8644,-77.437336
WAXUB,36.257103,-76.060653
WAXUL,36.889189,-75.955725
WAYGO,43.416667,-75.916667
WAYLA,42.349594,-77.815883
WAYNZ,39.742383,-77.651025
WAYZU,43.076064,-75.816867
WCKHM,38.448886,-78.325878
WD1,52.0,-3.916667
WD2,52.383333,-2.466667
WD8,56.372778,-2.863611
WEARD,41.762119,-74.525019
WEBBB,37.671544,-71.982036
WEBBO,42.324092,-79.077861
WEBBR,37.985922,-78.192481
WEBDI,41.291022,-70.104589
WEBIN,43.671772,-72.205336
WEBIX,38.53935,-75.5403
WEBTI,41.362569,-75.733378
WEBVU,40.806233,-79.831117
WECOL,41.785711,-75.0892
WEDOD,43.102258,-78.828981
WEEBB,43.651417,-70.246997
WEEDU,38.598325,-78.245656
WEENG,40.887186,-72.786481
WEEPY,43.342119,-75.834489
WEEZE,42.848042,-70.34335
WEEZY,40.470017,-73.906303
WEFFA,65.477864,-20.645992
WEFIT,38.916111,-75.447078
WEGIR,42.877033,-75.439544
WEGIT,36.113853,-78.613278
WEGOT,41.540383,-72.592275
WEGRO,38.728769,-76.123561
WEIGH,44.027633,-73.249919
WEIPY,45.560039,-69.722728
WEJTI,41.472714,-74.369178
WEKOR,42.750144,-73.909039
WELDD,41.110142,-74.343039
WELEX,37.105919,-75.985281
WELIN,52.247292,-0.852336
WELMO,42.507117,-77.670075
WELSO,42.887747,-71.318536
WELSU,38.445764,-79.005708
WELTI,42.913328,-77.888675
WELUG,45.599378,-69.842392
WEMBU,36.690056,-77.779939
WEMOX,35.785725,-77.043178
WEMTU,36.393842,-76.020908
WEMWO,53.391833,-6.616778
WENBA,37.157822,-76.132622
WENDA,40.317631,-74.409869
WENDI,35.719881,-78.405631
WENDU,37.260333,-76.817289
WENGA,40.819919,-73.130606
WENID,36.836972,-76.015211
WENKI,44.430003,-73.044506
WENNI,40.274278,-78.795614
WENTO,39.923486,-75.2539
WENTZ,40.813319,-74.15315
WEPEG,36.067867,-79.974239
WEPNA,40.266153,-75.980606
WEPSO,42.566894,-71.42365
WERDA,40.082739,-74.421286
WERDI,39.948881,-75.266533
WEREK,39.506936,-74.694853
WEREV,39.328539,-77.709414
WERID,41.218497,-70.7774
WERIV,37.943836,-75.719375
WERKA,41.585208,-74.226153
WERKI,44.853981,-75.064381
WEROL,39.637639,-74.729069
WERTH,38.784686,-77.477089
WESBU,36.050003,-76.877122
WESEP,53.321833,-6.057278
WESIE,42.266656,-72.689375
WESIP,40.879197,-76.893767
WESOV,44.065539,-70.678658
WESPA,44.409,-73.089167
WESTO,41.158017,-72.933453
WESVA,38.564469,-77.480236
WETAB,40.140928,-79.587083
WETFI,53.829744,-5.5
WETID,43.247489,-73.068378
WETKA,41.412586,-74.4416
WETMU,42.559989,-72.192142
WETOV,37.062258,-76.195347
WETRO,36.387494,-76.442728
WETUT,38.159503,-76.593261
WEVBE,52.126925,-2.989206
WEVEL,41.250322,-78.458078
WEVKU,36.806025,-76.051742
WEVOP,43.082903,-73.826672
WEVPU,38.903964,-77.076222
WEVUX,37.159561,-76.127031
WEVVE,39.692042,-75.607569
WEWIL,39.101661,-78.114378
WEXIN,41.428656,-75.650594
WEXIR,41.556919,-73.99795
WEXNO,41.649797,-73.172306
WEXVA,52.663931,-2.579897
WEZKO,51.852919,-0.962408
WF001,52.251972,-7.289611
WF002,52.293361,-7.238917
WF003,52.169167,-6.855472
WF004,52.184333,-6.853306
WF005,52.347361,-6.986556
WF007,52.145389,-7.113056
WHALE,42.197778,-67.0
WHALY,42.109075,-72.792242
WHAME,44.260283,-68.484217
WHATE,42.436119,-72.761656
WHEYY,39.846989,-75.792181
WHEZY,41.041656,-74.032342
WHHTE,37.903172,-77.216703
WHINO,38.409708,-76.705186
WHISL,41.842308,-72.789472
WHITE,45.027408,-74.623069
WHITT,41.032775,-75.687553
WHOLN,41.048092,-74.118272
WHTUP,39.711583,-72.419486
WHYBE,42.253842,-71.416536
WHYOO,43.573633,-70.11195
WHYUU,38.763661,-77.681672
WIBAX,35.187419,-78.996706
WIBID,35.558561,-77.603125
WIBUM,40.992767,-75.52045
WICCA,39.018394,-76.596258
WICKD,43.684714,-70.230039
WICKE,38.603333,-73.805278
WIDEP,39.511783,-76.135897
WIDIP,40.941261,-78.119506
WIDON,41.645136,-70.992611
WIDUN,39.818322,-77.311883
WIDUP,42.481108,-71.16155
WIELD,43.410844,-76.299189
WIFFY,43.152211,-76.550022
WIGAN,42.085092,-73.814969
WIGEG,42.982275,-77.903397
WIGEX,39.883631,-79.743747
WIGGU,51.193517,-3.341042
WIGGZ,41.514167,-77.981111
WIGOL,38.461122,-77.833453
WIGTU,44.359619,-72.990592
WIHLO,42.309744,-77.654606
WIILT,38.543967,-78.9718
WIKAV,39.589842,-75.270972
WIKCI,43.366553,-77.648217
WIKIT,41.648172,-71.489983
WIKKI,42.267317,-76.782186
WIKMO,41.414931,-74.435483
WIKNI,38.282531,-78.172758
WIKOG,35.098678,-78.326222
WIKOL,40.873361,-73.510319
WILAK,40.774481,-73.131061
WILBI,35.365622,-77.854911
WILBO,39.367028,-75.061178
WILEN,40.174125,-76.519722
WILET,42.558819,-75.888169
WILHE,37.359028,-79.924697
WILIM,41.616417,-72.789661
WILIV,38.005833,-79.060664
WILJR,39.793544,-75.201675
WILKO,45.409067,-69.404211
WILLO,50.985,-0.191667
WILLY,37.338231,-76.760958
WILMY,38.541553,-78.558889
WILNO,43.174533,-72.685886
WILRD,44.262114,-75.7842
WILTT,40.503322,-78.223978
WILUN,35.274808,-77.391836
WILVI,43.519636,-71.594975
WIMAK,41.183875,-73.096436
WIMKA,39.422783,-75.142408
WIMOX,40.264469,-75.328153
WIMPY,42.47995,-70.613519
WIMTU,41.183658,-77.279119
WINAL,36.153294,-76.427333
WINDZ,42.3787,-71.0454
WINGO,39.766356,-76.115422
WINKK,39.816558,-74.012922
WINLA,44.292106,-73.20185
WINNI,42.117142,-71.124506
WINNY,39.034508,-76.250633
WINSR,51.462881,-0.772369
WINTA,42.503458,-71.366575
WINTI,35.493414,-77.435903
WINUD,43.166525,-79.191878
WINVO,37.486239,-76.925547
WIPAG,38.762211,-76.863478
WIPER,36.152508,-78.5255
WIPNO,42.924142,-71.094117
WIPOR,41.656408,-72.177131
WIQMO,47.277,-1.628333
WIRAK,41.505183,-75.248347
WIRAX,43.39985,-72.990606
WIREG,41.99365,-70.419539
WIRKO,40.651397,-73.864783
WIRLY,38.729672,-77.477853
WIROL,39.693911,-75.547894
WIROR,42.627369,-73.107069
WIRSO,38.882083,-77.046803
WIRUB,45.150181,-68.727036
WISAL,40.8266,-74.317128
WISDO,40.054092,-74.379961
WISHY,38.676681,-77.478642
WISIG,42.816269,-73.807689
WISPI,43.387597,-73.789289
WISPY,35.632317,-79.175275
WISSE,38.489367,-77.309708
WISUG,42.261131,-71.745772
WISUR,39.007522,-74.845439
WITAD,41.803431,-76.387697
WITCH,42.683289,-70.879539
WITED,44.3147,-75.618386
WITIX,35.363878,-78.484078
WITKN,40.853333,-73.733333
WITMA,42.597839,-77.730775
WITNY,42.049394,-72.236656
WITRU,38.340081,-75.385864
WITTO,38.337178,-78.380853
WITUV,39.936781,-79.792847
WIVPA,41.753053,-71.402014
WIVRI,42.902347,-77.358697
WIVUK,38.595719,-78.809822
WIVVI,65.560278,-52.768333
WIWON,39.829903,-74.822031
WIXEL,44.418861,-70.797625
WIXIV,45.269106,-68.225983
WIYQY,39.960506,-74.2415
WIZNY,35.675483,-79.057544
WLBRR,38.023022,-79.654553
WLFFF,35.817617,-79.534864
WLOCK,37.307356,-78.970442
WNDYB,37.802197,-77.689231
WNDYL,39.979019,-74.816267
WNKEE,40.978714,-79.041322
WNSTN,39.095503,-74.800333
WOBDI,44.189022,-75.909278
WOBGO,36.015128,-77.095406
WOBKA,40.649422,-77.142097
WOBLY,42.758356,-73.498836
WOBMU,42.640283,-71.204058
WOBUB,38.631747,-77.124028
WOBUN,52.019519,-0.733333
WOBUR,42.477747,-71.164908
WOBVU,42.17045,-73.946419
WOCDO,42.184947,-78.418442
WODDE,42.773683,-71.019158
WODEG,44.004542,-75.742044
WODGI,44.10755,-69.964461
WODIP,35.312397,-78.068811
WODIT,42.381481,-75.2519
WODOV,44.668008,-73.531125
WOFIL,42.8074,-77.064931
WOFUL,38.616186,-77.479503
WOGDI,39.191097,-78.208292
WOGOK,42.830767,-73.946406
WOGVO,38.264119,-77.997856
WOHIL,43.738911,-79.703603
WOJIK,39.802317,-75.087072
WOKPU,40.853692,-74.540519
WOKUL,35.697897,-77.928211
WOKVU,40.685508,-76.318111
WOLAD,41.804225,-71.315314
WOLIB,36.753611,-76.546828
WOLUB,38.911183,-78.817797
WOLUK,43.011514,-78.773589
WOMAL,41.355647,-73.544239
WOMAN,42.093561,-77.354211
WOMBT,41.079203,-79.7801
WOMEB,35.935089,-78.710239
WOMEK,41.949169,-70.497672
WOMKO,41.007994,-77.572378
WONCE,39.219883,-76.969581
WONEL,37.152661,-77.884794
WONGI,43.69065,-72.325381
WONNU,41.04585,-75.126458
WONPA,38.611886,-75.452422
WONPO,43.98625,-75.872022
WOOLY,39.338661,-77.036436
WOPAC,48.659186,-67.311678
WOPAT,36.968697,-76.704542
WOPIT,37.533897,-79.2868
WOPOG,40.765244,-79.996867
WOPOL,38.214164,-76.513467
WOPRA,44.916872,-74.905342
WORAD,40.2402,-75.548656
WORBU,35.209286,-79.424819
WORIA,42.496439,-72.068042
WORLD,41.985456,-74.659108
WORNI,36.781881,-76.493278
WORRN,42.319783,-70.944908
WORUL,39.71535,-77.673364
WOSAM,39.939497,-78.132936
WOSAR,40.220294,-74.172328
WOSBI,39.364408,-76.463389
WOSBO,35.741642,-78.803844
WOSIT,41.073272,-75.441389
WOTAM,43.226147,-71.601114
WOTBU,42.691219,-71.851681
WOTGU,42.953967,-79.128697
WOTIB,40.090269,-76.425456
WOTIP,42.765733,-77.755658
WOTTI,46.277231,-67.545139
WOTUP,37.109958,-79.809847
WOVAL,39.320478,-75.296125
WOVAR,42.642522,-73.861178
WOVNO,39.9791,-73.986928
WOVTA,35.376031,-77.561314
WOVUP,36.993597,-78.021453
WOWEC,53.740333,-8.132333
WOWSR,37.447853,-77.268539
WOWYE,42.811867,-76.951881
WOXAV,40.999194,-76.376578
WOXUB,40.185925,-78.361508
WOXZU,39.778058,-77.579956
WOYNU,41.604969,-70.507936
WOZEE,42.933792,-78.738789
WRAPT,45.526931,-69.350025
WREAD,42.851894,-73.80925
WRENN,40.947156,-73.548292
WRLLD,36.8029,-79.617403
WRSKI,40.188225,-77.048278
WT004,53.350833,-6.466278
WT100,53.391806,-6.616778
WT102,53.438528,-6.7645
WT203,53.360583,-6.5185
WT204,53.347444,-6.369083
WT205,53.326444,-6.304306
WT400,53.357833,-6.36025
WU07F,51.530494,-0.538744
WU07I,51.530242,-0.618811
WU25F,51.580539,-0.297669
WUBAK,38.18055,-78.439778
WUBCE,35.845531,-76.639369
WUBOG,40.152925,-79.007486
WUBUT,37.0071,-76.589264
WUDAB,40.050992,-73.931956
WUDAG,37.401894,-79.866092
WUDDE,44.236836,-70.165325
WUDGO,40.987978,-73.815894
WUDIE,42.637928,-72.8597
WUDRR,39.570122,-75.260197
WUDUB,42.911469,-78.676914
WUDUL,41.883069,-77.234667
WUE00,51.555644,-0.4068
WUE01,51.5833,-0.285686
WUGAD,37.269414,-78.934011
WUGLA,42.054764,-70.732547
WUGNI,42.231158,-70.486003
WUGTU,41.198286,-77.239442
WUGUM,38.465525,-75.961764
WUGVA,40.043522,-74.836739
WUGWA,51.078889,-1.655833
WUJFE,43.408558,-76.107683
WUKAK,39.115661,-79.295908
WUKGY,35.527992,-78.580625
WUKMU,36.499097,-78.044644
WUKVO,38.994056,-79.141922
WULDU,37.934497,-78.557683
WULEB,44.708019,-73.249058
WULET,43.279603,-74.655964
WULGA,42.157906,-70.026267
WULOP,40.771367,-73.415194
WULUG,40.541653,-73.268653
WUM01,51.530906,-0.514658
WUM02,51.603256,-0.557494
WUM03,51.639703,-0.457011
WUM04,51.650008,-0.378472
WUM05,51.570558,-0.302336
WUM06,51.657228,-0.441994
WUMAD,38.774669,-77.555589
WUMOG,42.660122,-72.276503
WUMSO,43.826192,-76.215597
WUMUN,39.642161,-77.846675
WUMUP,42.769728,-71.066114
WUMVA,36.304608,-78.785853
WUN02,51.6274,-0.525881
WUN03,51.776097,-0.550528
WUN04,51.826031,-0.551308
WUN05,51.600619,-0.368517
WUN06,51.716986,-0.333836
WUN07,51.705042,-0.250558
WUN08,51.727411,-0.178683
WUN09,51.701778,-0.450014
WUNDR,41.3323,-77.426247
WUNOK,40.735039,-76.855461
WUPAD,35.129789,-78.974647
WUPIT,42.867714,-78.452003
WUPKO,43.411742,-76.465806
WUPMA,40.718517,-73.555031
WUPUP,46.589147,-67.709169
WURIP,44.796617,-74.785042
WURLA,41.075764,-72.790019
WURSI,43.117069,-79.00575
WUSAT,42.782278,-77.799442
WUSBI,39.172992,-78.183975
WUSHI,41.051111,-3.2025
WUSKE,36.774664,-78.058967
WUSOB,42.015908,-75.818542
WUSOL,43.008867,-78.987169
WUSOM,39.967414,-74.808936
WUSTI,44.747803,-69.918194
WUSUP,42.513964,-70.835475
WUTAN,66.854322,-49.055289
WUTEG,44.641458,-69.090414
WUTPI,44.464019,-69.749572
WUUDI,39.370592,-76.418261
WUVBI,43.166525,-78.839603
WUVUK,39.711336,-78.659344
WUW00,51.550061,-0.431189
WUW01,51.594389,-0.518886
WUW02,51.595139,-0.511519
WUW04,51.550858,-0.691758
WYANE,42.530389,-70.924808
WYLEA,39.336122,-74.905894
WYLIE,44.243417,-70.9994
WYLYY,42.300822,-71.100667
WYMMA,45.133167,-67.464344
WYMTH,42.214786,-70.822367
WYTEA,38.405589,-78.772622
WYYIT,42.826983,-76.117772
XAGKE,41.381042,-75.688481
XALAC,42.680478,-73.853797
XALUD,39.0,-4.961944
XAMAX,40.0311,-8.536206
XANEL,39.403056,-12.203611
XANTY,43.039906,-75.99745
XAPIM,41.078056,-8.636667
XAPUP,37.902222,-7.791111
XAREW,40.681186,-73.413494
XASOT,47.025861,-4.567167
XAVIR,36.004167,-5.243056
XAWFE,43.366542,-70.764481
XE16F,54.39435,-1.613933
XE16I,54.470161,-1.672686
XE34F,54.191675,-1.458022
XE34I,54.115758,-1.400053
XEBAB,55.454992,-5.297903
XEBAR,38.521111,-2.092778
XEBIK,42.753722,-8.06475
XECPI,37.943178,-75.537747
XECRE,39.367042,-75.140428
XEFCU,38.929978,-76.769889
XEM01,54.204578,-1.467897
XEM02,54.153169,-1.662475
XEM03,54.252369,-1.739117
XEM04,54.362636,-1.746086
XEM05,54.375508,-1.599369
XEM06,54.300958,-1.772539
XEM07,54.167717,-1.671442
XEMIL,41.033333,-2.108611
XENIJ,40.748172,-73.519694
XEQAP,38.948703,-76.773997
XERGI,46.272,-0.896667
XERMA,41.503611,-3.613611
XEROK,45.65655,-61.389878
XEROV,48.770775,-64.543164
XERUT,48.600858,-71.953381
XESAP,49.667328,-54.116472
XESEN,45.555069,-73.351161
XESEP,45.572364,-61.121378
XESOX,45.002156,-65.196967
XESUD,51.404461,-55.969719
XESUT,48.502686,-71.456922
XETAD,50.491564,-59.585967
XETAN,37.017806,-5.929528
XETAR,49.021767,-54.910911
XETAX,44.273833,-77.261819
XETBO,52.0,-14.0
XETEP,48.782397,-72.462814
XETIR,45.980714,-66.552569
XETOL,51.446314,-56.351314
XETUD,44.991514,-64.567658
XETUK,50.208631,-66.314089
XETUN,55.813889,-4.541389
XEVAD,60.203336,-77.528844
XEVIN,49.595911,-53.962167
XEVUD,45.218194,-76.234175
XEVUM,59.862233,-77.370433
XEXAD,58.817706,-69.7829
XEXAT,51.28435,-57.316986
XEXAX,43.8075,-79.530556
XEXIN,48.476153,-70.820558
XEXIT,48.232581,-78.754542
XIBAB,47.659156,-67.512853
XIBAL,43.575314,-79.289908
XICBU,40.314231,-79.355108
XIDAD,45.601397,-73.280392
XIDAK,48.662133,-71.393717
XIDAN,47.045278,-6.218333
XIDED,43.63995,-79.648578
XIDEK,43.641775,-79.338411
XIDOP,44.379903,-78.827378
XIDRA,43.5425,-5.641194
XIDUP,58.488897,-78.042561
XIGAM,43.513253,-79.896631
XIGED,48.076256,-77.912869
XIGOT,46.907167,-71.230833
XIHGA,41.138789,-75.3894
XIJAF,43.386814,-76.433764
XIKAK,45.300944,-76.247944
XIKAN,53.584319,-64.246981
XIKCY,42.178314,-75.952867
XIKIK,44.889225,-64.593675
XIKIT,43.712158,-79.668592
XIKOV,58.205014,-68.664933
XIKOX,48.883208,-54.578606
XILWE,40.1855,-76.731508
XIMKY,43.975514,-72.395378
XIPAQ,42.981106,-73.937081
XIPYY,37.517806,-76.805786
XITPY,38.967444,-76.279486
XIVOY,39.87055,-75.226389
XJ04W,43.454611,-3.923278
XJ07W,43.472028,-3.988778
XJ08E,43.380417,-3.646056
XJ11E,43.3625,-3.579667
XJ14E,43.345639,-3.515139
XJ363,43.419306,-3.790972
XJ364,43.571361,-3.822861
XJ366,43.635167,-4.039889
XJ381,43.463694,-3.957417
XOBRO,53.471389,-2.421667
XODRU,54.535483,-1.742861
XODYU,40.732639,-74.100914
XOGRA,38.403333,-29.021389
XOHWA,42.817481,-73.755631
XOHWI,42.891572,-71.409919
XOJZY,36.386781,-78.490369
XOLDO,48.552333,-58.514667
XOLMU,50.2085,-61.843314
XOLRI,48.289886,-68.623111
XOLSI,38.21775,-0.661778
XOLTI,45.477556,-75.52525
XOLVA,58.876528,-66.340433
XOMDU,45.282256,-75.519628
XOMLI,43.832556,-79.539831
XONDA,43.061833,-5.912167
XONGA,45.445569,-63.758233
XONIQ,38.985075,-76.378381
XONUJ,39.44875,-74.583494
XOPPA,39.734647,-76.764661
XOPRA,44.356731,-65.854831
XOPTO,44.062144,-77.912111
XOPVI,50.263694,-60.792856
XOQUR,39.901792,-74.331936
XORAP,55.103119,-59.083639
XORIB,46.327306,-79.413239
XORIG,44.004636,-77.72165
XORIX,47.731244,-79.747567
XORNA,43.812417,-3.451611
XOROD,53.569736,-76.269233
XOROT,46.129386,-60.026642
XORTU,49.761128,-53.994103
XORUX,45.2138,-75.536692
XORVA,48.247594,-70.909844
XORVI,45.560619,-73.353142
XORVU,39.630492,-30.652083
XOSEL,49.926647,-74.328914
XOSIL,47.536864,-52.838844
XOSIN,47.953136,-66.101447
XOSLA,46.136219,-65.959222
XOSLU,46.758842,-71.440206
XOSNU,50.044942,-79.834219
XOSOB,45.927392,-77.300781
XOSOL,48.370558,-68.675392
XOSPO,46.608197,-71.492033
XOSTO,59.899269,-77.048033
XOTAR,58.300628,-68.28015
XOTEP,43.443242,-79.607853
XOTKA,49.878031,-79.747464
XOTMI,45.265625,-72.769381
XOTMU,51.095242,-58.569014
XOTOD,51.478522,-57.155714
XOTVO,48.015292,-77.771767
XOTVU,43.716878,-79.674764
XOVAT,46.365275,-63.108006
XOVBI,47.197119,-67.862064
XOVBO,46.761347,-66.97405
XOVMU,44.349114,-78.740331
XOVOD,67.587297,-64.011575
XOVOG,45.667161,-61.447328
XOVOL,45.811944,-72.774444
XOVPA,49.155,-0.25
XOVPU,45.317489,-72.717081
XOVRA,49.125667,-54.622167
XOVRI,61.610908,-72.006511
XOVTU,45.315022,-76.076733
XOXAV,44.541369,-75.877033
XOXAX,45.936714,-66.468222
XOXUM,50.207758,-66.317408
XPLOR,41.2,-77.823889
XPRTO,39.333606,-76.819731
XRAY,53.448,-4.840333
XT07F,52.585636,-0.624617
XT07I,52.561128,-0.756564
XT25F,52.640814,-0.324656
XT25I,52.659725,-0.220903
XTM01,52.633497,-0.364192
XTM02,52.713192,-0.40355
XTM03,52.595642,-0.570117
XTM04,52.526217,-0.535192
XTM05,52.496425,-0.405056
XTM06,52.546847,-0.165264
XUBEB,45.394906,-65.763564
XUBON,50.513075,-59.537586
XUBTI,45.218339,-65.8501
XUBTO,46.451186,-62.966628
XUBUG,53.540653,-63.964481
XUBUL,51.703494,-76.065739
XUBUN,46.701086,-71.653831
XUCCO,42.430456,-76.769742
XUDAB,45.779375,-61.589436
XUDAD,44.178731,-77.426836
XUDAJ,41.608339,-71.41315
XUDAV,48.888158,-54.577181
XUDEB,53.573786,-76.123342
XUDEV,50.207925,-66.674583
XUDLU,46.560261,-71.554686
XUDPA,63.885039,-68.842697
XUDPO,52.148272,-78.533367
XUDSU,48.222514,-54.046733
XUDVU,45.074722,-79.864214
XUFIB,40.787925,-79.905292
XUGET,47.675067,-64.656522
XUGOM,47.400281,-61.826725
XUGSO,43.144239,-79.793192
XUGSU,43.170747,-79.209403
XUGUM,43.646592,-79.582972
XUHSO,39.405011,-76.292511
XUKAG,49.648533,-54.344214
XUKAL,45.347569,-75.524158
XUKEK,70.259233,-68.647419
XUKEL,49.378161,-62.55935
XUKLU,45.605769,-73.284178
XUKRI,49.9678,-79.882919
XUKTI,45.432378,-63.384094
XULAW,40.107169,-76.345142
XULEN,38.685,-27.008333
XULIM,35.933611,-6.174444
XULKO,46.347686,-70.939558
XULPI,45.546708,-62.716989
XULSA,39.0,-4.269444
XULTA,45.306731,-73.966169
XULTU,49.460647,-62.576708
XUMAT,53.465833,-2.473056
XUMBU,45.447792,-63.312144
XUMIP,39.658333,-9.0175
XUVAP,37.589214,-25.216931
XW02F,53.031806,-0.612478
XW02I,52.970881,-0.652461
XW20F,53.299831,-0.435075
XW20I,53.36065,-0.394475
XWM01,53.212336,-0.493258
XWM02,53.118947,-0.555069
XWM03,52.94815,-0.805783
YAABA,41.643667,-71.58
YAAKK,43.580967,-69.956683
YAALE,38.2814,-71.9536
YAARD,42.222361,-70.839944
YAARK,39.597097,-78.798022
YAAZZ,42.191894,-70.662875
YACKK,38.908,-77.357
YACNE,36.874706,-78.064192
YADPU,42.292897,-71.571331
YAEGR,38.437411,-78.674603
YAGNU,37.250919,-77.800044
YAGUY,42.568911,-72.277903
YAHOO,41.06925,-69.746217
YAKLU,36.896803,-78.104292
YAKUT,42.753742,-73.608883
YAKXU,42.098611,-1.212778
YALER,41.515725,-72.910858
YANCE,36.432928,-79.387792
YANKE,42.075278,-1.0025
YANNI,39.311111,-76.974439
YANTC,41.556336,-71.999153
YANUB,40.820553,-76.6204
YANUD,41.166264,-74.29115
YANUL,39.236867,-79.440078
YAPSU,40.339847,-76.234928
YARNN,41.7395,-74.367575
YARVU,51.279925,-0.178939
YARZU,41.344722,-0.914722
YASKO,35.695156,-78.420683
YASUP,43.742947,-72.340767
YASUT,39.386722,-78.040303
YATKU,43.202553,-78.329672
YATUT,44.452183,-69.339672
YATUV,35.078389,-78.186183
YAVGU,43.216558,-75.846833
YAVUD,42.873036,-78.196872
YAYHO,40.316583,-3.377361
YAYNU,42.649772,-73.776014
YAYTU,39.168931,-77.165547
YAZUU,39.41245,-74.017097
YBERA,41.639058,-71.524994
YCF48,43.793822,-78.526958
YD01F,52.950225,-0.502314
YD01I,52.867856,-0.521878
YD08F,53.017631,-0.648058
YD19F,53.109825,-0.464178
YD19I,53.192183,-0.444403
YD26F,53.041297,-0.341789
YD26I,53.048956,-0.240408
YDM01,53.103419,-0.465783
YDM02,53.115219,-0.602806
YDM03,53.016356,-0.62615
YDM04,52.951689,-0.501969
YDM05,52.963481,-0.638381
YDM06,53.039239,-0.368778
YDM07,52.956869,-0.350619
YDM08,53.020172,-0.615617
YDM09,52.942267,-0.599117
YDS01,52.918828,-0.624419
YDS02,52.934625,-0.417764
YDW01,53.017872,-0.645389
YE06F,52.914583,-0.685414
YE10F,52.973528,-0.672228
YE10I,52.989569,-0.793442
YE24F,53.005272,-0.432569
YE24I,53.017825,-0.338264
YE28F,52.939728,-0.420136
YE28I,52.921475,-0.285783
YEASO,35.553447,-77.618689
YEBSU,43.029711,-78.192192
YECKA,43.468933,-71.437203
YECKU,44.495075,-70.108192
YEE01,53.004203,-0.453358
YEELO,39.600836,-74.518294
YEGAN,55.148167,-8.2735
YEGXE,41.248692,-75.799569
YEHJU,39.205067,-75.658914
YEKUC,36.494633,-78.174767
YELOW,41.923631,-72.861464
YEM01,53.004058,-0.453672
YEM03,52.942111,-0.437764
YEM05,52.975956,-0.6905
YEM06,52.894675,-0.720053
YEM07,52.935872,-0.652711
YEM08,52.853364,-0.581283
YEPNU,43.129042,-78.901014
YEPUG,39.284053,-76.606258
YERBA,35.316897,-77.929061
YERNU,41.309597,-72.884639
YERUY,39.573228,-76.359744
YESYO,43.451639,-1.992306
YETGU,42.743664,-73.908533
YETSI,38.321531,-8.895339
YETTI,38.6154,-71.9501
YETUB,37.202514,-77.464217
YETVU,36.347475,-78.846408
YEVUV,37.083344,-79.113714
YEW01,52.921736,-0.667022
YEW02,52.953189,-0.750447
YEWSU,40.428647,-75.970553
YEXWU,41.247331,-76.937147
YEYUV,43.4094,-70.669139
YEZJO,40.514903,-75.603575
YEZYU,52.924294,-0.766808
YIBKU,39.429425,-74.506575
YIBUK,42.801422,-75.804267
YIBUV,36.784153,-76.561558
YICUP,42.578586,-77.727136
YIDPU,42.569228,-72.292869
YIDUB,38.676569,-78.487761
YIGUC,47.324128,-67.978675
YIKRU,38.986875,-79.129506
YIKUP,44.567572,-69.649353
YINDU,37.523819,-76.716519
YINON,40.100294,-73.8444
YINTU,40.781725,-72.925344
YINUK,36.778522,-76.39415
YINUY,42.826908,-70.875044
YISUT,35.020425,-78.297344
YISXI,44.731783,-72.145486
YITUP,36.297756,-78.632681
YITUR,42.992706,-70.497275
YIVUP,41.277911,-70.031447
YIVUY,40.565078,-73.827217
YIXCO,44.846233,-68.884258
YIYIW,42.998531,-74.260758
YIYUN,39.790758,-77.744325
YJN20,44.951192,-73.130475
YMATT,42.692475,-71.049828
YNKEE,40.483583,-73.849217
YOBUK,41.842383,-79.610333
YOBXU,44.588744,-73.375233
YOCTA,40.584739,-75.998728
YODAA,41.722553,-74.031322
YODAH,40.524456,-75.191078
YODEL,41.390381,-72.658478
YODER,41.289586,-72.342442
YODGU,43.116325,-71.449353
YODUK,42.6795,-77.977497
YODUR,40.629744,-74.392117
YOGII,37.4664,-72.3843
YOGUV,42.502456,-72.907711
YOHDA,52.200833,-1.460078
YOKNZ,42.994925,-70.755525
YOKRI,39.854592,-76.835869
YOKRU,42.667067,-77.596864
YOKUM,39.139656,-76.756108
YOLBU,40.970581,-75.704967
YOLSU,40.145419,-76.639403
YOLUP,40.255042,-78.335733
YOLUY,38.9463,-79.828986
YOMAN,40.937031,-73.744978
YOMON,43.491803,-70.027314
YONUP,41.105964,-75.409217
YONUV,35.504194,-77.922094
YOPUK,40.384056,-74.244825
YORCI,41.006361,-73.598694
YORKE,41.806042,-73.320589
YORKK,38.673222,-77.3425
YORQI,51.521808,-2.426606
YORUR,36.109503,-79.919228
YOSGU,39.799022,-75.811622
YOSIY,42.271911,-77.640256
YOSKY,36.277792,-77.64515
YOSTR,36.275333,-76.621936
YOSTT,44.475936,-69.523992
YOSUG,38.535139,-78.911358
YOSUR,40.734697,-73.183303
YOTFY,35.904369,-76.712089
YOULL,42.813078,-71.363658
YOUTH,43.363328,-79.393631
YOUUK,42.445497,-71.009803
YOVUN,40.699811,-74.411697
YOYUL,40.603664,-77.391508
YQO49,42.988553,-79.854967
YSC49,45.422264,-70.639406
YSJ59,45.161383,-67.219356
YSO15,44.002161,-79.0589
YUCKK,38.798975,-76.708031
YUDUC,40.909486,-77.76865
YUDUD,42.738011,-78.901161
YUDUG,36.996978,-78.365483
YUDUK,44.977181,-74.607253
YUDUL,44.605969,-69.893175
YUFYA,53.059161,-0.103358
YUKEY,43.642336,-70.27385
YUKNE,38.841883,-79.879839
YUKPU,41.101489,-75.282203
YUKUT,43.646925,-72.953842
YULCU,43.002803,-78.844136
YULME,40.465556,-1.835833
YUNCU,40.827881,-77.930278
YUNUD,44.505756,-73.492303
YUNUK,46.20345,-67.721869
YUNUT,43.213397,-77.401181
YUNYE,40.044083,-3.628944
YUQIG,43.316383,-76.343433
YURUN,43.542117,-71.520564
YURZI,46.173972,-2.476111
YUSUB,44.632678,-75.740175
YUTDO,51.679042,-1.987942
YUTUG,41.972197,-75.913706
YUTUP,37.476097,-77.291122
YUTYO,40.807997,-76.672317
YUWFY,41.465378,-70.853964
YUWSO,40.189061,-75.175653
YUXSI,35.76215,-79.016653
YUXYU,54.545939,-1.731658
YYANG,39.308892,-77.430658
YYONG,40.728939,-73.852394
YYOST,41.582717,-75.855847
YZO22,43.862667,-79.560167
YZO24,43.861167,-79.397333
YZO36,43.746167,-79.723333
YZO61,43.629667,-79.897667
YZO62,43.494167,-79.698833
YZO63,43.511833,-79.901667
ZABKI,40.902222,-73.920583
ZABOX,44.39355,-72.939958
ZABSO,39.563111,-79.452511
ZACCO,42.194681,-73.527714
ZACKK,38.763292,-77.370114
ZACRA,38.346553,-9.106456
ZADEP,38.603522,-76.090261
ZADMN,38.32685,-77.371014
ZADPA,35.975011,-76.528561
ZADTE,53.416067,-0.4983
ZADUD,40.577958,-73.924053
ZADUM,43.032792,-78.751694
ZAGAR,42.005897,-72.056689
ZAGGY,35.79955,-77.267003
ZAGID,38.300683,-75.548314
ZAGIV,36.279736,-75.950567
ZAGIX,41.717189,-70.625117
ZAGOB,35.725414,-77.942806
ZAGOX,40.120078,-78.570964
ZAGTI,41.190394,-77.208197
ZAGUP,36.606492,-79.962244
ZAGZO,52.303603,-0.231261
ZAHNN,41.026769,-72.823794
ZAKAM,35.799344,-77.952342
ZAKED,36.592453,-77.752425
ZAKEN,36.862131,-76.468714
ZAKIB,42.80695,-74.026881
ZAKLY,38.938311,-76.117067
ZAKOD,44.86865,-74.570339
ZAKTI,45.650203,-68.958889
ZAKTU,40.063147,-76.626403
ZAKUN,36.063542,-76.569839
ZAKUX,44.357378,-69.824706
ZALAT,40.940469,-73.548242
ZALGA,40.411081,-75.212961
ZALON,42.36335,-72.673117
ZALPO,40.723289,-73.693767
ZALUM,44.817078,-74.006353
ZAMAR,36.152108,-78.441839
ZAMBE,42.170122,-71.623689
ZAMIM,44.149614,-72.021211
ZAMKI,42.179533,-71.533994
ZAMPI,35.493725,-77.004147
ZAMUV,35.0884,-77.530625
ZANAK,45.758869,-69.656864
ZANDT,40.531769,-75.233842
ZANEG,42.681714,-73.801856
ZANKI,37.040047,-76.470692
ZANKO,41.288056,-4.964722
ZANVA,42.952958,-74.112322
ZAPOB,42.577156,-70.963883
ZAPOM,39.092822,-74.793447
ZAR35,41.313767,-1.657758
ZAR50,42.239503,-1.831003
ZARID,40.727733,-73.764419
ZAROB,38.833208,-79.896419
ZAROL,38.273544,-76.387086
ZARTZ,39.279497,-76.9159
ZARVI,38.501861,-75.514839
ZASAB,41.588211,-70.194414
ZASBA,38.366361,-75.486261
ZASEB,41.143525,-74.378581
ZASER,43.883833,-77.6165
ZASID,41.88495,-70.757831
ZASIX,40.817583,-76.866586
ZASMU,42.377186,-71.0218
ZASNA,41.311239,-70.705056
ZASOM,37.502728,-77.125511
ZASPO,37.091164,-76.335406
ZATBO,40.700872,-72.801858
ZATMI,41.545136,-73.149617
ZATNO,41.417894,-79.728431
ZATOR,37.116297,-77.916092
ZATSI,44.972411,-74.813203
ZATVA,35.290453,-77.652439
ZAVFO,38.338622,-76.342444
ZAVIL,42.013647,-73.816214
ZAVMA,40.351242,-78.299728
ZAVPI,40.789603,-74.102914
ZAVRO,38.159628,-78.291614
ZAVUP,35.312053,-78.070033
ZAWEH,52.933856,-0.379672
ZAXEB,38.875303,-77.04015
ZAXEN,39.328697,-77.455944
ZAXER,44.142539,-72.519822
ZAXET,37.580656,-77.386803
ZAXIB,36.590414,-76.663811
ZAXOL,44.347475,-72.6736
ZAYAZ,42.500281,-75.266236
ZAYRE,40.577264,-74.819503
ZEBAK,40.642486,-73.87125
ZEBMU,40.897914,-76.905536
ZEBUK,43.991386,-75.747272
ZEBUL,35.912314,-78.383464
ZEDOM,35.348461,-79.807614
ZEDPA,38.251964,-78.6566
ZEDUP,41.469964,-69.979706
ZEDVI,41.746631,-70.88505
ZEFFI,38.362583,-9.357719
ZEFIQ,50.393906,-3.387253
ZEGOK,41.724589,-77.512792
ZEGUK,41.622247,-76.557103
ZEGVA,39.197181,-77.351944
ZEGVU,40.795072,-76.109039
ZEJAY,42.746464,-73.9238
ZEKIX,40.101531,-76.363258
ZEKNO,41.3875,-76.536556
ZEKUN,41.710614,-71.438878
ZELAP,37.763725,-75.373244
ZELEN,40.670439,-74.709156
ZELKA,42.494972,-71.553408
ZELUV,44.809283,-74.378647
ZEMAR,39.472875,-75.6263
ZEMLI,43.051147,-76.742164
ZEMPU,40.148933,-78.855708
ZEMSI,44.934556,-70.751125
ZENDE,41.540556,-8.792222
ZENDI,39.243658,-78.447414
ZENGU,40.810083,-76.663756
ZENNO,41.031561,-72.703333
ZENUK,36.905497,-75.940594
ZENUP,38.226914,-78.102789
ZENUR,43.080458,-76.037275
ZEPIX,36.062728,-79.909061
ZEPLA,36.560361,-78.420669
ZEPTU,38.683572,-75.364861
ZEPUP,38.641319,-79.014389
ZEPVI,41.576036,-72.878864
ZERIR,41.620172,-70.863208
ZERKI,43.621636,-72.3218
ZERPO,40.340681,-74.723917
ZESBI,35.879492,-78.627728
ZESFU,52.887642,-2.520758
ZESIB,40.1199,-74.672242
ZESIX,35.330928,-77.988894
ZESMI,37.286033,-76.943881
ZESPE,51.552675,-2.887342
ZETAL,40.489944,-73.875925
ZETEM,42.846356,-76.778131
ZETEX,42.562603,-77.046917
ZETGA,39.836158,-79.796475
ZETGU,43.840011,-69.930964
ZETOG,36.085867,-79.415767
ZEVAT,45.088794,-69.516469
ZEXOD,43.083603,-78.975322
ZEYNU,39.947933,-75.613111
ZEZEE,41.129067,-74.430075
ZEZFO,41.69715,-74.118992
ZEZZU,38.634678,-9.322314
ZIAAA,40.510236,-74.097281
ZIBAT,39.454872,-77.330567
ZIBEK,40.656672,-74.813564
ZIBNU,36.07405,-79.454869
ZIBRO,42.524975,-73.775211
ZIBUT,36.938411,-72.666169
ZIBVO,44.481297,-73.165261
ZIDET,40.138358,-74.934022
ZIDLU,41.7094,-73.748861
ZIDUP,39.958581,-78.603633
ZIECH,43.832886,-72.304028
ZIERT,44.530606,-73.261433
ZIFOG,38.696458,-10.670994
ZIGAN,42.158781,-76.792628
ZIGDI,35.855339,-79.885492
ZIGGI,40.051947,-74.013706
ZIGLE,40.7047,-76.367258
ZIGMA,44.932478,-74.865731
ZIGMI,43.032983,-78.290397
ZIGTU,36.692664,-76.961686
ZIKDA,35.159617,-79.487897
ZIKED,43.145725,-77.376172
ZIKEM,43.32265,-76.875381
ZIKMO,40.243394,-76.422131
ZIKSO,43.124764,-77.611114
ZILEX,39.004458,-76.949519
ZILOB,35.394506,-77.737742
ZILVO,42.947522,-73.867
ZIMBI,43.111944,-76.011131
ZIMDO,39.366997,-75.007186
ZIMEL,41.302444,-77.194142
ZIMFA,44.973956,-68.936083
ZIMMZ,40.803056,-75.123611
ZIMON,36.790369,-76.204119
ZIMOT,42.629956,-71.174258
ZIMUD,41.533672,-75.657292
ZINAV,37.535181,-76.499503
ZINDU,42.658306,-70.995714
ZINEP,35.798722,-75.525528
ZINTA,40.378433,-79.268706
ZIPAX,37.109861,-79.809772
ZIPDA,35.648208,-77.091475
ZIPTU,40.504031,-74.638069
ZIPWE,51.709833,-3.566861
ZIRAT,38.068872,-76.467678
ZIRID,40.872578,-74.336419
ZIRMU,43.436869,-70.607836
ZIRNO,43.7386,-70.342311
ZIROV,35.365878,-77.853703
ZIRSO,43.554547,-70.265858
ZIRUM,40.758369,-75.455914
ZISGA,41.700169,-71.248164
ZITIM,39.4446,-77.341897
ZIVUX,40.853881,-73.175336
ZIXAK,44.434667,-68.373175
ZIXER,37.818908,-75.669031
ZIXID,42.682928,-73.749908
ZIZZI,38.940683,-74.528967
ZJAAY,38.052764,-75.442853
ZL001,37.418172,-5.824036
ZL002,37.514297,-6.151086
ZLNGR,40.822103,-73.962019
ZMBAR,39.131611,-79.326339
ZMRMN,39.671608,-75.091944
ZOBAD,40.299583,-75.519461
ZOBOB,39.66585,-78.707219
ZOBSO,42.7441,-78.985964
ZOBYY,43.367761,-72.3008
ZOCZO,35.963558,-76.639747
ZODED,42.048678,-71.298539
ZODER,42.203778,-72.523947
ZODLO,39.913017,-76.870658
ZODPO,44.660219,-75.586842
ZOEYY,39.307381,-76.939475
ZOFAT,55.593397,-4.035564
ZOFEB,43.115511,-77.911353
ZOGMI,35.468822,-79.749861
ZOGOB,43.322697,-77.820778
ZOGTU,44.914119,-70.155886
ZOGUD,40.787442,-74.346381
ZOKAL,41.170156,-77.314061
ZOKAR,39.894267,-75.149861
ZOKEN,36.680386,-76.190258
ZOKOD,44.467,-73.142653
ZOKUD,39.174378,-79.365822
ZOLDI,39.920044,-79.703239
ZOLMN,35.645097,-75.407614
ZOLPO,36.119594,-79.977111
ZOLRO,40.209264,-74.538936
ZOMAV,35.243656,-77.702156
ZOMEV,39.872597,-74.376789
ZOMIB,42.535489,-71.234958
ZOMIM,40.568994,-74.511331
ZOMOB,36.770842,-76.088878
ZOMPI,37.074461,-76.386008
ZOMSA,42.938664,-75.61155
ZOMSI,43.485444,-73.661611
ZOMUM,43.237392,-77.363086
ZONGA,41.104411,-73.735406
ZONKO,41.089981,-73.265453
ZOPDU,40.526442,-75.051044
ZOPHI,51.024056,-0.015397
ZOPLU,37.119817,-79.290461
ZORAB,43.101272,-76.943064
ZORBO,41.657244,-79.207492
ZORFO,42.686975,-72.444675
ZORIN,38.292028,-0.98125
ZORPI,42.988133,-78.12615
ZORUP,37.069244,-76.733742
ZOSAB,40.932275,-73.269478
ZOSAP,35.867878,-78.955314
ZOSAX,38.304228,-76.383197
ZOSDO,40.675331,-73.723814
ZOSRU,35.018717,-77.082011
ZOTBI,40.316311,-78.579239
ZOTBO,44.177622,-68.934403
ZOTIL,35.251881,-78.007147
ZOTIM,40.245494,-74.208264
ZOTKU,39.8584,-78.360494
ZOTOB,37.201764,-79.31495
ZOTRA,39.367044,-75.125383
ZOVEM,35.383914,-77.870219
ZOVOX,41.703628,-72.614708
ZOWEE,39.268569,-76.738842
ZOXIX,40.626025,-77.270036
ZOYKO,35.931464,-76.596139
ZOZOP,42.169725,-72.713597
ZOZUQ,38.092889,-4.630278
ZTONI,40.66715,-74.073
ZUBAX,40.140178,-74.999181
ZUCRY,40.869361,-75.236436
ZUDAT,42.992361,-78.616239
ZUDBY,42.363311,-70.970211
ZUDUT,42.908206,-77.326089
ZUDUV,39.574167,-75.869778
ZUFRE,37.807778,-6.275278
ZUGEG,42.541972,-72.233083
ZUGIG,42.839197,-78.635303
ZUGRA,43.365689,-74.586217
ZUGUR,44.661253,-69.880069
ZUHAX,35.894264,-76.726219
ZUJAR,38.978611,-5.311667
ZUKDU,43.10955,-78.977439
ZUKER,39.450778,-74.560058
ZUKIL,42.478328,-72.309189
ZUKPU,37.947436,-75.592811
ZULAB,40.596478,-73.655286
ZULAR,43.519078,-72.307225
ZULBO,40.175606,-75.162392
ZULKA,38.765961,-77.419864
ZULNA,36.010486,-79.535058
ZULTA,39.042797,-74.905969
ZUMAT,37.828747,-78.775192
ZUMEV,41.279208,-76.701203
ZUMOL,42.405186,-70.985592
ZUMOP,37.454978,-79.252825
ZUMRI,41.723711,-74.150461
ZUMSI,44.756994,-68.7553
ZUNAN,45.802494,-69.654856
ZUNAR,38.08915,-77.008778
ZUNGA,42.059539,-75.723247
ZUNIE,39.296069,-74.979372
ZUNLI,41.935275,-73.908428
ZUNUX,41.631953,-70.807631
ZUPAZ,36.962778,-25.166389
ZUPEL,36.948714,-76.692872
ZUPIP,39.802442,-78.132933
ZUPRO,42.604033,-71.347092
ZUPUV,43.247903,-78.705717
ZUPUX,39.757811,-77.422894
ZUPWY,40.382828,-79.899914
ZURDA,40.401325,-75.054017
ZURGI,40.959358,-74.315758
ZURIA,42.8175,-2.449722
ZUROP,40.012794,-75.115219
ZUROT,43.629203,-71.230267
ZURTO,41.031444,-78.347022
ZUTEG,45.632247,-70.233347
ZUTER,41.600686,-78.519969
ZUVAR,45.227756,-67.609889
ZUVAX,40.077089,-74.500353
ZUVGU,43.000994,-70.576167
ZUVIV,40.386856,-75.301661
ZUVLI,43.023897,-71.390817
ZUVNI,36.526553,-79.245131
ZUVSA,39.332675,-76.422242
ZUXEM,40.266942,-74.399436
ZUXET,39.467281,-77.017067
ZUXRE,53.100931,-0.331325
ZUXUL,38.299347,-76.432292
ZYRUP,44.408333,-72.719444
ZZA18,41.526667,-0.712778
